trip_id,timepoint,stop_id,stop_sequence,arrival_time,departure_time
B_02100L1000_0,0,B_0200L1-OBSERVATORIO,1,00:00:00,00:00:00
B_02100L1000_0,0,B_0200L1-TACUBAYA,2,00:02:50,00:02:50
B_02100L1000_0,0,B_0200L1-JUANACATLAN,3,00:05:24,00:05:24
B_02100L1000_0,0,B_0200L1-CHAPULTEPEC,4,00:07:36,00:07:36
B_02100L1000_0,0,B_0200L1-SEVILLA,5,00:08:43,00:08:43
B_02100L1000_0,0,B_0200L1-INSURGENTES,6,00:10:22,00:10:22
B_02100L1000_0,0,B_0200L1-CUAUHTEMOC,7,00:12:13,00:12:13
B_02100L1000_0,0,B_0200L1-BALDERAS,8,00:13:18,00:13:18
B_02100L1000_0,0,B_0200L1-SALTODELAGUA,9,00:14:34,00:14:34
B_02100L1000_0,0,B_0200L1-ISABELLACA,10,00:15:43,00:15:43
B_02100L1000_0,0,B_0200L1-PINOSUAREZ,11,00:16:47,00:16:47
B_02100L1000_0,0,B_0200L1-MERCED,12,00:18:23,00:18:23
B_02100L1000_0,0,B_0200L1-CANDELARIA,13,00:20:04,00:20:04
B_02100L1000_0,0,B_0200L1-SANLAZARO,14,00:22:08,00:22:08
B_02100L1000_0,0,B_0200L1_MOCTEZUMA,15,00:23:19,00:23:19
B_02100L1000_0,0,B_0200L1-BALBUENA,16,00:24:57,00:24:57
B_02100L1000_0,0,B_0200L1-PTOAEREO,17,00:26:29,00:26:29
B_02100L1000_0,0,B_0200L1-GOMEZFARIAS,18,00:27:56,00:27:56
B_02100L1000_0,0,B_0200L1-ZARAGOZA,19,00:29:50,00:29:50
B_02100L1000_0,0,B_0200L1-PANTITLAN,20,00:32:38,00:32:38
B_02100L1000_1,0,B_0200L1-PANTITLAN,1,00:00:00,00:00:00
B_02100L1000_1,0,B_0200L1-ZARAGOZA,2,00:02:48,00:02:48
B_02100L1000_1,0,B_0200L1-GOMEZFARIAS,3,00:04:42,00:04:42
B_02100L1000_1,0,B_0200L1-PTOAEREO,4,00:06:09,00:06:09
B_02100L1000_1,0,B_0200L1-BALBUENA,5,00:07:41,00:07:41
B_02100L1000_1,0,B_0200L1_MOCTEZUMA,6,00:09:19,00:09:19
B_02100L1000_1,0,B_0200L1-SANLAZARO,7,00:10:30,00:10:30
B_02100L1000_1,0,B_0200L1-CANDELARIA,8,00:12:34,00:12:34
B_02100L1000_1,0,B_0200L1-MERCED,9,00:14:15,00:14:15
B_02100L1000_1,0,B_0200L1-PINOSUAREZ,10,00:15:51,00:15:51
B_02100L1000_1,0,B_0200L1-ISABELLACA,11,00:16:55,00:16:55
B_02100L1000_1,0,B_0200L1-SALTODELAGUA,12,00:18:04,00:18:04
B_02100L1000_1,0,B_0200L1-BALDERAS,13,00:19:20,00:19:20
B_02100L1000_1,0,B_0200L1-CUAUHTEMOC,14,00:20:25,00:20:25
B_02100L1000_1,0,B_0200L1-INSURGENTES,15,00:22:16,00:22:16
B_02100L1000_1,0,B_0200L1-SEVILLA,16,00:23:55,00:23:55
B_02100L1000_1,0,B_0200L1-CHAPULTEPEC,17,00:25:02,00:25:02
B_02100L1000_1,0,B_0200L1-JUANACATLAN,18,00:27:14,00:27:14
B_02100L1000_1,0,B_0200L1-TACUBAYA,19,00:29:48,00:29:48
B_02100L1000_1,0,B_0200L1-OBSERVATORIO,20,00:32:38,00:32:38
B_02100L2000_0,0,B_0200L2-CUATROCAMIN,1,00:00:00,00:00:00
B_02100L2000_0,0,B_0200L2-PANTEONES,2,00:03:19,00:03:19
B_02100L2000_0,0,B_0200L2-TACUBA,3,00:06:14,00:06:14
B_02100L2000_0,0,B_0200L2-CUITLAHUAC,4,00:07:38,00:07:38
B_02100L2000_0,0,B_0200L2-POPOTLA,5,00:09:06,00:09:06
B_02100L2000_0,0,B_0200L2-COLMILITAR,6,00:10:09,00:10:09
B_02100L2000_0,0,B_0200L2-NORMAL,7,00:11:29,00:11:29
B_02100L2000_0,0,B_0200L2-SANCOSME,8,00:12:53,00:12:53
B_02100L2000_0,0,B_0200L2-REVOLUCION,9,00:14:15,00:14:15
B_02100L2000_0,0,B_0200L2-HIDALGO,10,00:15:39,00:15:39
B_02100L2000_0,0,B_0200L2-BELLASARTES,11,00:16:46,00:16:46
B_02100L2000_0,0,B_0200L2-ALLENDE,12,00:17:42,00:17:42
B_02100L2000_0,0,B_0200L2-ZOCALO,13,00:19:05,00:19:05
B_02100L2000_0,0,B_0200L2-PINOSUAREZ,14,00:20:45,00:20:45
B_02100L2000_0,0,B_0200L2-SANANTONIO,15,00:22:33,00:22:33
B_02100L2000_0,0,B_0200L2-CHABACANO,16,00:23:58,00:23:58
B_02100L2000_0,0,B_0200L2-VIADUCTO,17,00:25:41,00:25:41
B_02100L2000_0,0,B_0200L2-XOLA,18,00:26:51,00:26:51
B_02100L2000_0,0,B_0200L2-VILLADECORT,19,00:28:26,00:28:26
B_02100L2000_0,0,B_0200L2-NATIVITAS,20,00:29:59,00:29:59
B_02100L2000_0,0,B_0200L2-PORTALES,21,00:32:05,00:32:05
B_02100L2000_0,0,B_0200L2-ERMITA,22,00:33:44,00:33:44
B_02100L2000_0,0,B_0200L2-GRALANAYA,23,00:35:34,00:35:34
B_02100L2000_0,0,B_0200L2-TASQUENA,24,00:38:21,00:38:21
B_02100L2000_1,0,B_0200L2-TASQUENA,1,00:00:00,00:00:00
B_02100L2000_1,0,B_0200L2-GRALANAYA,2,00:02:47,00:02:47
B_02100L2000_1,0,B_0200L2-ERMITA,3,00:04:37,00:04:37
B_02100L2000_1,0,B_0200L2-PORTALES,4,00:06:16,00:06:16
B_02100L2000_1,0,B_0200L2-NATIVITAS,5,00:08:22,00:08:22
B_02100L2000_1,0,B_0200L2-VILLADECORT,6,00:09:55,00:09:55
B_02100L2000_1,0,B_0200L2-XOLA,7,00:11:30,00:11:30
B_02100L2000_1,0,B_0200L2-VIADUCTO,8,00:12:40,00:12:40
B_02100L2000_1,0,B_0200L2-CHABACANO,9,00:14:23,00:14:23
B_02100L2000_1,0,B_0200L2-SANANTONIO,10,00:15:48,00:15:48
B_02100L2000_1,0,B_0200L2-PINOSUAREZ,11,00:17:36,00:17:36
B_02100L2000_1,0,B_0200L2-ZOCALO,12,00:19:16,00:19:16
B_02100L2000_1,0,B_0200L2-ALLENDE,13,00:20:39,00:20:39
B_02100L2000_1,0,B_0200L2-BELLASARTES,14,00:21:35,00:21:35
B_02100L2000_1,0,B_0200L2-HIDALGO,15,00:22:42,00:22:42
B_02100L2000_1,0,B_0200L2-REVOLUCION,16,00:24:06,00:24:06
B_02100L2000_1,0,B_0200L2-SANCOSME,17,00:25:28,00:25:28
B_02100L2000_1,0,B_0200L2-NORMAL,18,00:26:52,00:26:52
B_02100L2000_1,0,B_0200L2-COLMILITAR,19,00:28:12,00:28:12
B_02100L2000_1,0,B_0200L2-POPOTLA,20,00:29:15,00:29:15
B_02100L2000_1,0,B_0200L2-CUITLAHUAC,21,00:30:43,00:30:43
B_02100L2000_1,0,B_0200L2-TACUBA,22,00:32:07,00:32:07
B_02100L2000_1,0,B_0200L2-PANTEONES,23,00:35:02,00:35:02
B_02100L2000_1,0,B_0200L2-CUATROCAMIN,24,00:38:21,00:38:21
B_02100L3000_0,0,B_0200L3-INDIOSVERD,1,00:00:00,00:00:00
B_02100L3000_0,0,B_0200L3-DTVO18MARZO,2,00:02:25,00:02:25
B_02100L3000_0,0,B_0200L3-POTRERO,3,00:04:27,00:04:27
B_02100L3000_0,0,B_0200L3-LARAZA,4,00:06:40,00:06:40
B_02100L3000_0,0,B_0200L3-TLATELOLCO,5,00:09:39,00:09:39
B_02100L3000_0,0,B_0200L3-GUERRERO,6,00:11:47,00:11:47
B_02100L3000_0,0,B_0200L3-HIDALGO,7,00:13:18,00:13:18
B_02100L3000_0,0,B_0200L3-JUAREZ,8,00:14:09,00:14:09
B_02100L3000_0,0,B_0200L3-BALDERAS,9,00:15:33,00:15:33
B_02100L3000_0,0,B_0200L3-NINOSHEROES,10,00:16:59,00:16:59
B_02100L3000_0,0,B_0200L3-HOSPITALGRAL,11,00:18:24,00:18:24
B_02100L3000_0,0,B_0200L3-CENTROMEDICO,12,00:19:46,00:19:46
B_02100L3000_0,0,B_0200L3-ETIOPIA,13,00:22:10,00:22:10
B_02100L3000_0,0,B_0200L3-EUGENIA,14,00:24:09,00:24:09
B_02100L3000_0,0,B_0200L3-DIVISIONNTE,15,00:25:38,00:25:38
B_02100L3000_0,0,B_0200L3-ZAPATA,16,00:27:31,00:27:31
B_02100L3000_0,0,B_0200L3-COYOACAN,17,00:29:51,00:29:51
B_02100L3000_0,0,B_0200L3-VIVEROS,18,00:31:45,00:31:45
B_02100L3000_0,0,B_0200L3-MAQ,19,00:33:33,00:33:33
B_02100L3000_0,0,B_0200L3-COPILCO,20,00:36:15,00:36:15
B_02100L3000_0,0,B_0200L3-UNIVERSIDAD,21,00:38:53,00:38:53
B_02100L3000_1,0,B_0200L3-UNIVERSIDAD,1,00:00:00,00:00:00
B_02100L3000_1,0,B_0200L3-COPILCO,2,00:02:38,00:02:38
B_02100L3000_1,0,B_0200L3-MAQ,3,00:05:20,00:05:20
B_02100L3000_1,0,B_0200L3-VIVEROS,4,00:07:08,00:07:08
B_02100L3000_1,0,B_0200L3-COYOACAN,5,00:09:02,00:09:02
B_02100L3000_1,0,B_0200L3-ZAPATA,6,00:11:22,00:11:22
B_02100L3000_1,0,B_0200L3-DIVISIONNTE,7,00:13:15,00:13:15
B_02100L3000_1,0,B_0200L3-EUGENIA,8,00:14:44,00:14:44
B_02100L3000_1,0,B_0200L3-ETIOPIA,9,00:16:43,00:16:43
B_02100L3000_1,0,B_0200L3-CENTROMEDICO,10,00:19:07,00:19:07
B_02100L3000_1,0,B_0200L3-HOSPITALGRAL,11,00:20:29,00:20:29
B_02100L3000_1,0,B_0200L3-NINOSHEROES,12,00:21:54,00:21:54
B_02100L3000_1,0,B_0200L3-BALDERAS,13,00:23:20,00:23:20
B_02100L3000_1,0,B_0200L3-JUAREZ,14,00:24:44,00:24:44
B_02100L3000_1,0,B_0200L3-HIDALGO,15,00:25:35,00:25:35
B_02100L3000_1,0,B_0200L3-GUERRERO,16,00:27:06,00:27:06
B_02100L3000_1,0,B_0200L3-TLATELOLCO,17,00:29:14,00:29:14
B_02100L3000_1,0,B_0200L3-LARAZA,18,00:32:13,00:32:13
B_02100L3000_1,0,B_0200L3-POTRERO,19,00:34:26,00:34:26
B_02100L3000_1,0,B_0200L3-DTVO18MARZO,20,00:36:28,00:36:28
B_02100L3000_1,0,B_0200L3-INDIOSVERD,21,00:38:53,00:38:53
B_02100L4000_0,0,B_0200L4-SNTAANITA,1,00:00:00,00:00:00
B_02100L4000_0,0,B_0200L4-JAMAICA,2,00:01:30,00:01:30
B_02100L4000_0,0,B_0200L4-FRAYSERVANDO,3,00:03:31,00:03:31
B_02100L4000_0,0,B_0200L4-CANDELARIA,4,00:04:52,00:04:52
B_02100L4000_0,0,B_0200L4-MORELOS,5,00:06:56,00:06:56
B_02100L4000_0,0,B_0200L4-CANALNTE,6,00:08:43,00:08:43
B_02100L4000_0,0,B_0200L4-CONSULADO,7,00:10:28,00:10:28
B_02100L4000_0,0,B_0200L4-BONDOJITO,8,00:11:45,00:11:45
B_02100L4000_0,0,B_0200L4-TALISMAN,9,00:13:43,00:13:43
B_02100L4000_0,0,B_0200L4-MARTINCARR,10,00:15:52,00:15:52
B_02100L4000_1,0,B_0200L4-MARTINCARR,1,00:00:00,00:00:00
B_02100L4000_1,0,B_0200L4-TALISMAN,2,00:02:09,00:02:09
B_02100L4000_1,0,B_0200L4-BONDOJITO,3,00:04:07,00:04:07
B_02100L4000_1,0,B_0200L4-CONSULADO,4,00:05:24,00:05:24
B_02100L4000_1,0,B_0200L4-CANALNTE,5,00:07:09,00:07:09
B_02100L4000_1,0,B_0200L4-MORELOS,6,00:08:56,00:08:56
B_02100L4000_1,0,B_0200L4-CANDELARIA,7,00:11:00,00:11:00
B_02100L4000_1,0,B_0200L4-FRAYSERVANDO,8,00:12:21,00:12:21
B_02100L4000_1,0,B_0200L4-JAMAICA,9,00:14:22,00:14:22
B_02100L4000_1,0,B_0200L4-SNTAANITA,10,00:15:52,00:15:52
B_02100L5000_0,0,B_0200L5-POLITECNICO,1,00:00:00,00:00:00
B_02100L5000_0,0,B_0200L5-ITOPETROLEO,2,00:02:15,00:02:15
B_02100L5000_0,0,B_0200L5-AUTOBUSESNTE,3,00:04:17,00:04:17
B_02100L5000_0,0,B_0200L5-LARAZA,4,00:06:11,00:06:11
B_02100L5000_0,0,B_0200L5-MISTERIOS,5,00:07:51,00:07:51
B_02100L5000_0,0,B_0200L5-VALLEGOMEZ,6,00:09:55,00:09:55
B_02100L5000_0,0,B_0200L5-CONSULADO,7,00:11:11,00:11:11
B_02100L5000_0,0,B_0200L5-EDUARDOMOLI,8,00:12:48,00:12:48
B_02100L5000_0,0,B_0200L5-ARAGON,9,00:14:30,00:14:30
B_02100L5000_0,0,B_0200L5-OCEANIA,10,00:16:44,00:16:44
B_02100L5000_0,0,B_0200L5-TNALAEREA,11,00:18:54,00:18:54
B_02100L5000_0,0,B_0200L5-HANGARES,12,00:21:14,00:21:14
B_02100L5000_0,0,B_0200L5-PANTITLAN,13,00:24:14,00:24:14
B_02100L5000_1,0,B_0200L5-PANTITLAN,1,00:00:00,00:00:00
B_02100L5000_1,0,B_0200L5-HANGARES,2,00:03:00,00:03:00
B_02100L5000_1,0,B_0200L5-TNALAEREA,3,00:05:20,00:05:20
B_02100L5000_1,0,B_0200L5-OCEANIA,4,00:07:30,00:07:30
B_02100L5000_1,0,B_0200L5-ARAGON,5,00:09:44,00:09:44
B_02100L5000_1,0,B_0200L5-EDUARDOMOLI,6,00:11:26,00:11:26
B_02100L5000_1,0,B_0200L5-CONSULADO,7,00:13:03,00:13:03
B_02100L5000_1,0,B_0200L5-VALLEGOMEZ,8,00:14:19,00:14:19
B_02100L5000_1,0,B_0200L5-MISTERIOS,9,00:16:23,00:16:23
B_02100L5000_1,0,B_0200L5-LARAZA,10,00:18:03,00:18:03
B_02100L5000_1,0,B_0200L5-AUTOBUSESNTE,11,00:19:57,00:19:57
B_02100L5000_1,0,B_0200L5-ITOPETROLEO,12,00:21:59,00:21:59
B_02100L5000_1,0,B_0200L5-POLITECNICO,13,00:24:14,00:24:14
B_02100L6000_0,0,B_0200L6-ELROSARIO,1,00:00:00,00:00:00
B_02100L6000_0,0,B_0200L6-TEZOZOMOC,2,00:02:11,00:02:11
B_02100L6000_0,0,B_0200L6-AZCAPOTZALCO,3,00:03:56,00:03:56
B_02100L6000_0,0,B_0200L6-FERRERIA,4,00:05:58,00:05:58
B_02100L6000_0,0,B_0200L6-NORTE45,5,00:07:53,00:07:53
B_02100L6000_0,0,B_0200L6-VALLEJO,6,00:09:11,00:09:11
B_02100L6000_0,0,B_0200L6-ITOPETROLEO,7,00:10:35,00:10:35
B_02100L6000_0,0,B_0200L6-LINDAVISTA,8,00:12:47,00:12:47
B_02100L6000_0,0,B_0200L6-DTVO18MARZO,9,00:14:36,00:14:36
B_02100L6000_0,0,B_0200L6-LAVILLA,10,00:15:46,00:15:46
B_02100L6000_0,0,B_0200L6-MARTINCARR,11,00:17:43,00:17:43
B_02100L6000_1,0,B_0200L6-MARTINCARR,1,00:00:00,00:00:00
B_02100L6000_1,0,B_0200L6-LAVILLA,2,00:01:57,00:01:57
B_02100L6000_1,0,B_0200L6-DTVO18MARZO,3,00:03:07,00:03:07
B_02100L6000_1,0,B_0200L6-LINDAVISTA,4,00:04:56,00:04:56
B_02100L6000_1,0,B_0200L6-ITOPETROLEO,5,00:07:08,00:07:08
B_02100L6000_1,0,B_0200L6-VALLEJO,6,00:08:32,00:08:32
B_02100L6000_1,0,B_0200L6-NORTE45,7,00:09:50,00:09:50
B_02100L6000_1,0,B_0200L6-FERRERIA,8,00:11:45,00:11:45
B_02100L6000_1,0,B_0200L6-AZCAPOTZALCO,9,00:13:47,00:13:47
B_02100L6000_1,0,B_0200L6-TEZOZOMOC,10,00:15:32,00:15:32
B_02100L6000_1,0,B_0200L6-ELROSARIO,11,00:17:43,00:17:43
B_02100L7000_0,0,B_0200L7-ELROSARIO,1,00:00:00,00:00:00
B_02100L7000_0,0,B_0200L7-AQUILESSERD,2,00:02:56,00:02:56
B_02100L7000_0,0,B_0200L7-CAMARONES,3,00:05:22,00:05:22
B_02100L7000_0,0,B_0200L7-REFINERIA,4,00:07:06,00:07:06
B_02100L7000_0,0,B_0200L7-TACUBA,5,00:09:28,00:09:28
B_02100L7000_0,0,B_0200L7-SANJOAQUIN,6,00:12:02,00:12:02
B_02100L7000_0,0,B_0200L7-POLANCO,7,00:14:10,00:14:10
B_02100L7000_0,0,B_0200L7-AUDITORIO,8,00:15:34,00:15:34
B_02100L7000_0,0,B_0200L7-CONSTITUYENTES,9,00:18:15,00:18:15
B_02100L7000_0,0,B_0200L7-TACUBAYA,10,00:20:08,00:20:08
B_02100L7000_0,0,B_0200L7-SANPEDROPINOS,11,00:22:09,00:22:09
B_02100L7000_0,0,B_0200L7-SANANTONIO,12,00:23:26,00:23:26
B_02100L7000_0,0,B_0200L7-MIXCOAC,13,00:24:53,00:24:53
B_02100L7000_0,0,B_0200L7-BARRANCA,14,00:27:33,00:27:33
B_02100L7000_1,0,B_0200L7-BARRANCA,1,00:00:00,00:00:00
B_02100L7000_1,0,B_0200L7-MIXCOAC,2,00:02:40,00:02:40
B_02100L7000_1,0,B_0200L7-SANANTONIO,3,00:04:07,00:04:07
B_02100L7000_1,0,B_0200L7-SANPEDROPINOS,4,00:05:24,00:05:24
B_02100L7000_1,0,B_0200L7-TACUBAYA,5,00:07:25,00:07:25
B_02100L7000_1,0,B_0200L7-CONSTITUYENTES,6,00:09:18,00:09:18
B_02100L7000_1,0,B_0200L7-AUDITORIO,7,00:11:59,00:11:59
B_02100L7000_1,0,B_0200L7-POLANCO,8,00:13:23,00:13:23
B_02100L7000_1,0,B_0200L7-SANJOAQUIN,9,00:15:31,00:15:31
B_02100L7000_1,0,B_0200L7-TACUBA,10,00:18:05,00:18:05
B_02100L7000_1,0,B_0200L7-REFINERIA,11,00:20:27,00:20:27
B_02100L7000_1,0,B_0200L7-CAMARONES,12,00:22:11,00:22:11
B_02100L7000_1,0,B_0200L7-AQUILESSERD,13,00:24:37,00:24:37
B_02100L7000_1,0,B_0200L7-ELROSARIO,14,00:27:33,00:27:33
B_02100L8000_0,0,B_0200L8-GARIBALDI,1,00:00:00,00:00:00
B_02100L8000_0,0,B_0200L8-BELLASARTES,2,00:01:23,00:01:23
B_02100L8000_0,0,B_0200L8-SANJUANLETRAN,3,00:02:26,00:02:26
B_02100L8000_0,0,B_0200L8-SALTOAGUA,4,00:03:11,00:03:11
B_02100L8000_0,0,B_0200L8-DOCTORES,5,00:04:24,00:04:24
B_02100L8000_0,0,B_0200L8-OBRERA,6,00:06:01,00:06:01
B_02100L8000_0,0,B_0200L8-CHABACANO,7,00:08:17,00:08:17
B_02100L8000_0,0,B_0200L8-LAVIGA,8,00:09:58,00:09:58
B_02100L8000_0,0,B_0200L8-STAANITA,9,00:11:20,00:11:20
B_02100L8000_0,0,B_0200L8-COYUYA,10,00:13:22,00:13:22
B_02100L8000_0,0,B_0200L8-IZTACALCO,11,00:15:22,00:15:22
B_02100L8000_0,0,B_0200L8-APATLACO,12,00:17:13,00:17:13
B_02100L8000_0,0,B_0200L8-ACULCO,13,00:18:24,00:18:24
B_02100L8000_0,0,B_0200L8-ESCUADRON,14,00:20:03,00:20:03
B_02100L8000_0,0,B_0200L8-ATLALILCO,15,00:23:21,00:23:21
B_02100L8000_0,0,B_0200L8-IZTAPALAPA,16,00:24:50,00:24:50
B_02100L8000_0,0,B_0200L8-CERROESTRELLA,17,00:26:26,00:26:26
B_02100L8000_0,0,B_0200L8-UAM-I,18,00:28:38,00:28:38
B_02100L8000_0,0,B_0200L8-CONST1917,19,00:30:53,00:30:53
B_02100L8000_1,0,B_0200L8-CONST1917,1,00:00:00,00:00:00
B_02100L8000_1,0,B_0200L8-UAM-I,2,00:02:15,00:02:15
B_02100L8000_1,0,B_0200L8-CERROESTRELLA,3,00:04:27,00:04:27
B_02100L8000_1,0,B_0200L8-IZTAPALAPA,4,00:06:03,00:06:03
B_02100L8000_1,0,B_0200L8-ATLALILCO,5,00:07:32,00:07:32
B_02100L8000_1,0,B_0200L8-ESCUADRON,6,00:10:50,00:10:50
B_02100L8000_1,0,B_0200L8-ACULCO,7,00:12:29,00:12:29
B_02100L8000_1,0,B_0200L8-APATLACO,8,00:13:40,00:13:40
B_02100L8000_1,0,B_0200L8-IZTACALCO,9,00:15:31,00:15:31
B_02100L8000_1,0,B_0200L8-COYUYA,10,00:17:31,00:17:31
B_02100L8000_1,0,B_0200L8-STAANITA,11,00:19:33,00:19:33
B_02100L8000_1,0,B_0200L8-LAVIGA,12,00:20:55,00:20:55
B_02100L8000_1,0,B_0200L8-CHABACANO,13,00:22:36,00:22:36
B_02100L8000_1,0,B_0200L8-OBRERA,14,00:24:52,00:24:52
B_02100L8000_1,0,B_0200L8-DOCTORES,15,00:26:29,00:26:29
B_02100L8000_1,0,B_0200L8-SALTOAGUA,16,00:27:42,00:27:42
B_02100L8000_1,0,B_0200L8-SANJUANLETRAN,17,00:28:27,00:28:27
B_02100L8000_1,0,B_0200L8-BELLASARTES,18,00:29:30,00:29:30
B_02100L8000_1,0,B_0200L8-GARIBALDI,19,00:30:53,00:30:53
B_02100L9000_0,0,B_0200L9-PANTITLAN,1,00:00:00,00:00:00
B_02100L9000_0,0,B_0200L9-PUEBLA,2,00:02:47,00:02:47
B_02100L9000_0,0,B_0200L9-CIUDADDVA,3,00:04:29,00:04:29
B_02100L9000_0,0,B_0200L9-VELODROMO,4,00:06:46,00:06:46
B_02100L9000_0,0,B_0200L9-MIXIUHCA,5,00:08:38,00:08:38
B_02100L9000_0,0,B_0200L9-JAMAICA,6,00:10:25,00:10:25
B_02100L9000_0,0,B_0200L9-CHABACANO,7,00:12:37,00:12:37
B_02100L9000_0,0,B_0200L9-LAZAROCAR,8,00:14:40,00:14:40
B_02100L9000_0,0,B_0200L9-CENTROMEDICO,9,00:16:50,00:16:50
B_02100L9000_0,0,B_0200L9-CHILPANCINGO,10,00:19:12,00:19:12
B_02100L9000_0,0,B_0200L9-PATRIOTISMO,11,00:21:11,00:21:11
B_02100L9000_0,0,B_0200L9-TACUBAYA,12,00:23:21,00:23:21
B_02100L9000_1,0,B_0200L9-TACUBAYA,1,00:00:00,00:00:00
B_02100L9000_1,0,B_0200L9-PATRIOTISMO,2,00:02:47,00:02:47
B_02100L9000_1,0,B_0200L9-CHILPANCINGO,3,00:04:29,00:04:29
B_02100L9000_1,0,B_0200L9-CENTROMEDICO,4,00:06:46,00:06:46
B_02100L9000_1,0,B_0200L9-LAZAROCAR,5,00:08:38,00:08:38
B_02100L9000_1,0,B_0200L9-CHABACANO,6,00:10:25,00:10:25
B_02100L9000_1,0,B_0200L9-JAMAICA,7,00:12:37,00:12:37
B_02100L9000_1,0,B_0200L9-MIXIUHCA,8,00:14:40,00:14:40
B_02100L9000_1,0,B_0200L9-VELODROMO,9,00:16:50,00:16:50
B_02100L9000_1,0,B_0200L9-CIUDADDVA,10,00:19:12,00:19:12
B_02100L9000_1,0,B_0200L9-PUEBLA,11,00:21:11,00:21:11
B_02100L9000_1,0,B_0200L9-PANTITLAN,12,00:23:21,00:23:21
B_02100LA000_0,0,B_0200LA-PANTITLAN,1,00:00:00,00:00:00
B_02100LA000_0,0,B_0200LA-AGRICOLA,2,00:02:33,00:02:33
B_02100LA000_0,0,B_0200LA-CANALSANJUAN,3,00:04:36,00:04:36
B_02100LA000_0,0,B_0200LA-TEPALCATES,4,00:07:15,00:07:15
B_02100LA000_0,0,B_0200LA-GUELATAO,5,00:09:24,00:09:24
B_02100LA000_0,0,B_0200LA-PENONVIEJO,6,00:13:17,00:13:17
B_02100LA000_0,0,B_0200LA-ACATITLA,7,00:15:48,00:15:48
B_02100LA000_0,0,B_0200LA-STAMARTA,8,00:17:51,00:17:51
B_02100LA000_0,0,B_0200LA-LOSREYES,9,00:21:02,00:21:02
B_02100LA000_0,0,B_0200LA-LAPAZ,10,00:24:30,00:24:30
B_02100LA000_1,0,B_0200LA-LAPAZ,1,00:00:00,00:00:00
B_02100LA000_1,0,B_0200LA-LOSREYES,2,00:03:28,00:03:28
B_02100LA000_1,0,B_0200LA-STAMARTA,3,00:06:39,00:06:39
B_02100LA000_1,0,B_0200LA-ACATITLA,4,00:08:42,00:08:42
B_02100LA000_1,0,B_0200LA-PENONVIEJO,5,00:11:13,00:11:13
B_02100LA000_1,0,B_0200LA-GUELATAO,6,00:15:06,00:15:06
B_02100LA000_1,0,B_0200LA-TEPALCATES,7,00:17:15,00:17:15
B_02100LA000_1,0,B_0200LA-CANALSANJUAN,8,00:19:54,00:19:54
B_02100LA000_1,0,B_0200LA-AGRICOLA,9,00:21:57,00:21:57
B_02100LA000_1,0,B_0200LA-PANTITLAN,10,00:24:30,00:24:30
B_02100LB000_0,0,B_0200LB-BUENAVISTA,1,00:00:00,00:00:00
B_02100LB000_0,0,B_0200LB-GUERRERO,2,00:01:15,00:01:15
B_02100LB000_0,0,B_0200LB-GARIBALDI,3,00:02:55,00:02:55
B_02100LB000_0,0,B_0200LB-LAGUNILLA,4,00:04:26,00:04:26
B_02100LB000_0,0,B_0200LB-TEPITO,5,00:05:39,00:05:39
B_02100LB000_0,0,B_0200LB-MORELOS,6,00:06:52,00:06:52
B_02100LB000_0,0,B_0200LB-SANLAZARO,7,00:09:30,00:09:30
B_02100LB000_0,0,B_0200LB-RFLORESMAGON,8,00:11:32,00:11:32
B_02100LB000_0,0,B_0200LB-ROMERORUBIO,9,00:13:37,00:13:37
B_02100LB000_0,0,B_0200LB-OCEANIA,10,00:15:20,00:15:20
B_02100LB000_0,0,B_0200LB-DPVOOCEANIA,11,00:17:16,00:17:16
B_02100LB000_0,0,B_0200LB-BOSQUEARAGON,12,00:19:45,00:19:45
B_02100LB000_0,0,B_0200LB-VILLAARAGON,13,00:21:31,00:21:31
B_02100LB000_0,0,B_0200LB-NEZAHUALCO,14,00:24:20,00:24:20
B_02100LB000_0,0,B_0200LB-IMPULSORA,15,00:27:15,00:27:15
B_02100LB000_0,0,B_0200LB-RIOREMEDIOS,16,00:28:22,00:28:22
B_02100LB000_0,0,B_0200LB-MUZQUIZ,17,00:30:49,00:30:49
B_02100LB000_0,0,B_0200LB-ECATEPEC,18,00:33:55,00:33:55
B_02100LB000_0,0,B_0200LB-OLIMPICA,19,00:35:20,00:35:20
B_02100LB000_0,0,B_0200LB-PLAZAARAGON,20,00:36:57,00:36:57
B_02100LB000_0,0,B_0200LB-CIUDADAZTECA,21,00:38:19,00:38:19
B_02100LB000_1,0,B_0200LB-CIUDADAZTECA,1,00:00:00,00:00:00
B_02100LB000_1,0,B_0200LB-PLAZAARAGON,2,00:01:22,00:01:22
B_02100LB000_1,0,B_0200LB-OLIMPICA,3,00:02:59,00:02:59
B_02100LB000_1,0,B_0200LB-ECATEPEC,4,00:04:24,00:04:24
B_02100LB000_1,0,B_0200LB-MUZQUIZ,5,00:07:30,00:07:30
B_02100LB000_1,0,B_0200LB-RIOREMEDIOS,6,00:09:57,00:09:57
B_02100LB000_1,0,B_0200LB-IMPULSORA,7,00:11:04,00:11:04
B_02100LB000_1,0,B_0200LB-NEZAHUALCO,8,00:13:59,00:13:59
B_02100LB000_1,0,B_0200LB-VILLAARAGON,9,00:16:48,00:16:48
B_02100LB000_1,0,B_0200LB-BOSQUEARAGON,10,00:18:34,00:18:34
B_02100LB000_1,0,B_0200LB-DPVOOCEANIA,11,00:21:03,00:21:03
B_02100LB000_1,0,B_0200LB-OCEANIA,12,00:22:59,00:22:59
B_02100LB000_1,0,B_0200LB-ROMERORUBIO,13,00:24:42,00:24:42
B_02100LB000_1,0,B_0200LB-RFLORESMAGON,14,00:26:47,00:26:47
B_02100LB000_1,0,B_0200LB-SANLAZARO,15,00:28:49,00:28:49
B_02100LB000_1,0,B_0200LB-MORELOS,16,00:31:27,00:31:27
B_02100LB000_1,0,B_0200LB-TEPITO,17,00:32:40,00:32:40
B_02100LB000_1,0,B_0200LB-LAGUNILLA,18,00:33:53,00:33:53
B_02100LB000_1,0,B_0200LB-GARIBALDI,19,00:35:24,00:35:24
B_02100LB000_1,0,B_0200LB-GUERRERO,20,00:37:04,00:37:04
B_02100LB000_1,0,B_0200LB-BUENAVISTA,21,00:38:19,00:38:19
B_0210L12000_0,0,B_020L12-MIXCOAC,1,00:00:00,00:00:00
B_0210L12000_0,0,B_020L12-INSURGENTESSUR,2,00:02:05,00:02:05
B_0210L12000_0,0,B_020L12-HOSPITAL20,3,00:03:53,00:03:53
B_0210L12000_0,0,B_020L12-ZAPATA,4,00:05:10,00:05:10
B_0210L12000_0,0,B_020L12-PARQUEVENADOS,5,00:06:50,00:06:50
B_0210L12000_0,0,B_020L12-EJECENTRAL,6,00:10:08,00:10:08
B_0210L12000_0,0,B_020L12-ERMITA,7,00:12:30,00:12:30
B_0210L12000_0,0,B_020L12-MEXICALTZINGO,8,00:16:56,00:16:56
B_0210L12000_0,0,B_020L12-ATLALILCO,9,00:21:43,00:21:43
B_0210L12000_0,0,B_020L12-CULHUACAN,10,00:25:46,00:25:46
B_0210L12000_0,0,B_020L12-SANANDRESTO,11,00:28:22,00:28:22
B_0210L12000_0,0,B_020L12-LOMASESTRELLA,12,00:31:07,00:31:07
B_0210L12000_0,0,B_020L12-CALLE11,13,00:33:30,00:33:30
B_0210L12000_0,0,B_020L12-PERIFERICOOTE,14,00:36:21,00:36:21
B_0210L12000_0,0,B_020L12-TEZONCO,15,00:40:12,00:40:12
B_0210L12000_0,0,B_020L12-OLIVOS,16,00:41:39,00:41:39
B_0210L12000_0,0,B_020L12-NOPALERA,17,00:45:05,00:45:05
B_0210L12000_0,0,B_020L12-ZAPOTITLAN,18,00:48:18,00:48:18
B_0210L12000_0,0,B_020L12-TLALTENCO,19,00:51:11,00:51:11
B_0210L12000_0,0,B_020L12-TLAHUAC,20,00:54:28,00:54:28
B_0210L12000_1,0,B_020L12-TLAHUAC,1,00:00:00,00:00:00
B_0210L12000_1,0,B_020L12-TLALTENCO,2,00:03:17,00:03:17
B_0210L12000_1,0,B_020L12-ZAPOTITLAN,3,00:06:10,00:06:10
B_0210L12000_1,0,B_020L12-NOPALERA,4,00:09:23,00:09:23
B_0210L12000_1,0,B_020L12-OLIVOS,5,00:12:49,00:12:49
B_0210L12000_1,0,B_020L12-TEZONCO,6,00:14:16,00:14:16
B_0210L12000_1,0,B_020L12-PERIFERICOOTE,7,00:18:07,00:18:07
B_0210L12000_1,0,B_020L12-CALLE11,8,00:20:58,00:20:58
B_0210L12000_1,0,B_020L12-LOMASESTRELLA,9,00:23:21,00:23:21
B_0210L12000_1,0,B_020L12-SANANDRESTO,10,00:26:06,00:26:06
B_0210L12000_1,0,B_020L12-CULHUACAN,11,00:28:42,00:28:42
B_0210L12000_1,0,B_020L12-ATLALILCO,12,00:32:45,00:32:45
B_0210L12000_1,0,B_020L12-MEXICALTZINGO,13,00:37:32,00:37:32
B_0210L12000_1,0,B_020L12-ERMITA,14,00:41:58,00:41:58
B_0210L12000_1,0,B_020L12-EJECENTRAL,15,00:44:20,00:44:20
B_0210L12000_1,0,B_020L12-PARQUEVENADOS,16,00:47:38,00:47:38
B_0210L12000_1,0,B_020L12-ZAPATA,17,00:49:18,00:49:18
B_0210L12000_1,0,B_020L12-HOSPITAL20,18,00:50:35,00:50:35
B_0210L12000_1,0,B_020L12-INSURGENTESSUR,19,00:52:23,00:52:23
B_0210L12000_1,0,B_020L12-MIXCOAC,20,00:54:28,00:54:28
B_02200L1000_0,0,B_0200L1-OBSERVATORIO,1,00:00:00,00:00:00
B_02200L1000_0,0,B_0200L1-TACUBAYA,2,00:02:50,00:02:50
B_02200L1000_0,0,B_0200L1-JUANACATLAN,3,00:05:24,00:05:24
B_02200L1000_0,0,B_0200L1-CHAPULTEPEC,4,00:07:36,00:07:36
B_02200L1000_0,0,B_0200L1-SEVILLA,5,00:08:43,00:08:43
B_02200L1000_0,0,B_0200L1-INSURGENTES,6,00:10:22,00:10:22
B_02200L1000_0,0,B_0200L1-CUAUHTEMOC,7,00:12:13,00:12:13
B_02200L1000_0,0,B_0200L1-BALDERAS,8,00:13:18,00:13:18
B_02200L1000_0,0,B_0200L1-SALTODELAGUA,9,00:14:34,00:14:34
B_02200L1000_0,0,B_0200L1-ISABELLACA,10,00:15:43,00:15:43
B_02200L1000_0,0,B_0200L1-PINOSUAREZ,11,00:16:47,00:16:47
B_02200L1000_0,0,B_0200L1-MERCED,12,00:18:23,00:18:23
B_02200L1000_0,0,B_0200L1-CANDELARIA,13,00:20:04,00:20:04
B_02200L1000_0,0,B_0200L1-SANLAZARO,14,00:22:08,00:22:08
B_02200L1000_0,0,B_0200L1_MOCTEZUMA,15,00:23:19,00:23:19
B_02200L1000_0,0,B_0200L1-BALBUENA,16,00:24:57,00:24:57
B_02200L1000_0,0,B_0200L1-PTOAEREO,17,00:26:29,00:26:29
B_02200L1000_0,0,B_0200L1-GOMEZFARIAS,18,00:27:56,00:27:56
B_02200L1000_0,0,B_0200L1-ZARAGOZA,19,00:29:50,00:29:50
B_02200L1000_0,0,B_0200L1-PANTITLAN,20,00:32:38,00:32:38
B_02200L1000_1,0,B_0200L1-PANTITLAN,1,00:00:00,00:00:00
B_02200L1000_1,0,B_0200L1-ZARAGOZA,2,00:02:48,00:02:48
B_02200L1000_1,0,B_0200L1-GOMEZFARIAS,3,00:04:42,00:04:42
B_02200L1000_1,0,B_0200L1-PTOAEREO,4,00:06:09,00:06:09
B_02200L1000_1,0,B_0200L1-BALBUENA,5,00:07:41,00:07:41
B_02200L1000_1,0,B_0200L1_MOCTEZUMA,6,00:09:19,00:09:19
B_02200L1000_1,0,B_0200L1-SANLAZARO,7,00:10:30,00:10:30
B_02200L1000_1,0,B_0200L1-CANDELARIA,8,00:12:34,00:12:34
B_02200L1000_1,0,B_0200L1-MERCED,9,00:14:15,00:14:15
B_02200L1000_1,0,B_0200L1-PINOSUAREZ,10,00:15:51,00:15:51
B_02200L1000_1,0,B_0200L1-ISABELLACA,11,00:16:55,00:16:55
B_02200L1000_1,0,B_0200L1-SALTODELAGUA,12,00:18:04,00:18:04
B_02200L1000_1,0,B_0200L1-BALDERAS,13,00:19:20,00:19:20
B_02200L1000_1,0,B_0200L1-CUAUHTEMOC,14,00:20:25,00:20:25
B_02200L1000_1,0,B_0200L1-INSURGENTES,15,00:22:16,00:22:16
B_02200L1000_1,0,B_0200L1-SEVILLA,16,00:23:55,00:23:55
B_02200L1000_1,0,B_0200L1-CHAPULTEPEC,17,00:25:02,00:25:02
B_02200L1000_1,0,B_0200L1-JUANACATLAN,18,00:27:14,00:27:14
B_02200L1000_1,0,B_0200L1-TACUBAYA,19,00:29:48,00:29:48
B_02200L1000_1,0,B_0200L1-OBSERVATORIO,20,00:32:38,00:32:38
B_02200L2000_0,0,B_0200L2-CUATROCAMIN,1,00:00:00,00:00:00
B_02200L2000_0,0,B_0200L2-PANTEONES,2,00:03:19,00:03:19
B_02200L2000_0,0,B_0200L2-TACUBA,3,00:06:14,00:06:14
B_02200L2000_0,0,B_0200L2-CUITLAHUAC,4,00:07:38,00:07:38
B_02200L2000_0,0,B_0200L2-POPOTLA,5,00:09:06,00:09:06
B_02200L2000_0,0,B_0200L2-COLMILITAR,6,00:10:09,00:10:09
B_02200L2000_0,0,B_0200L2-NORMAL,7,00:11:29,00:11:29
B_02200L2000_0,0,B_0200L2-SANCOSME,8,00:12:53,00:12:53
B_02200L2000_0,0,B_0200L2-REVOLUCION,9,00:14:15,00:14:15
B_02200L2000_0,0,B_0200L2-HIDALGO,10,00:15:39,00:15:39
B_02200L2000_0,0,B_0200L2-BELLASARTES,11,00:16:46,00:16:46
B_02200L2000_0,0,B_0200L2-ALLENDE,12,00:17:42,00:17:42
B_02200L2000_0,0,B_0200L2-ZOCALO,13,00:19:05,00:19:05
B_02200L2000_0,0,B_0200L2-PINOSUAREZ,14,00:20:45,00:20:45
B_02200L2000_0,0,B_0200L2-SANANTONIO,15,00:22:33,00:22:33
B_02200L2000_0,0,B_0200L2-CHABACANO,16,00:23:58,00:23:58
B_02200L2000_0,0,B_0200L2-VIADUCTO,17,00:25:41,00:25:41
B_02200L2000_0,0,B_0200L2-XOLA,18,00:26:51,00:26:51
B_02200L2000_0,0,B_0200L2-VILLADECORT,19,00:28:26,00:28:26
B_02200L2000_0,0,B_0200L2-NATIVITAS,20,00:29:59,00:29:59
B_02200L2000_0,0,B_0200L2-PORTALES,21,00:32:05,00:32:05
B_02200L2000_0,0,B_0200L2-ERMITA,22,00:33:44,00:33:44
B_02200L2000_0,0,B_0200L2-GRALANAYA,23,00:35:34,00:35:34
B_02200L2000_0,0,B_0200L2-TASQUENA,24,00:38:21,00:38:21
B_02200L2000_1,0,B_0200L2-TASQUENA,1,00:00:00,00:00:00
B_02200L2000_1,0,B_0200L2-GRALANAYA,2,00:02:47,00:02:47
B_02200L2000_1,0,B_0200L2-ERMITA,3,00:04:37,00:04:37
B_02200L2000_1,0,B_0200L2-PORTALES,4,00:06:16,00:06:16
B_02200L2000_1,0,B_0200L2-NATIVITAS,5,00:08:22,00:08:22
B_02200L2000_1,0,B_0200L2-VILLADECORT,6,00:09:55,00:09:55
B_02200L2000_1,0,B_0200L2-XOLA,7,00:11:30,00:11:30
B_02200L2000_1,0,B_0200L2-VIADUCTO,8,00:12:40,00:12:40
B_02200L2000_1,0,B_0200L2-CHABACANO,9,00:14:23,00:14:23
B_02200L2000_1,0,B_0200L2-SANANTONIO,10,00:15:48,00:15:48
B_02200L2000_1,0,B_0200L2-PINOSUAREZ,11,00:17:36,00:17:36
B_02200L2000_1,0,B_0200L2-ZOCALO,12,00:19:16,00:19:16
B_02200L2000_1,0,B_0200L2-ALLENDE,13,00:20:39,00:20:39
B_02200L2000_1,0,B_0200L2-BELLASARTES,14,00:21:35,00:21:35
B_02200L2000_1,0,B_0200L2-HIDALGO,15,00:22:42,00:22:42
B_02200L2000_1,0,B_0200L2-REVOLUCION,16,00:24:06,00:24:06
B_02200L2000_1,0,B_0200L2-SANCOSME,17,00:25:28,00:25:28
B_02200L2000_1,0,B_0200L2-NORMAL,18,00:26:52,00:26:52
B_02200L2000_1,0,B_0200L2-COLMILITAR,19,00:28:12,00:28:12
B_02200L2000_1,0,B_0200L2-POPOTLA,20,00:29:15,00:29:15
B_02200L2000_1,0,B_0200L2-CUITLAHUAC,21,00:30:43,00:30:43
B_02200L2000_1,0,B_0200L2-TACUBA,22,00:32:07,00:32:07
B_02200L2000_1,0,B_0200L2-PANTEONES,23,00:35:02,00:35:02
B_02200L2000_1,0,B_0200L2-CUATROCAMIN,24,00:38:21,00:38:21
B_02200L3000_0,0,B_0200L3-INDIOSVERD,1,00:00:00,00:00:00
B_02200L3000_0,0,B_0200L3-DTVO18MARZO,2,00:02:25,00:02:25
B_02200L3000_0,0,B_0200L3-POTRERO,3,00:04:27,00:04:27
B_02200L3000_0,0,B_0200L3-LARAZA,4,00:06:40,00:06:40
B_02200L3000_0,0,B_0200L3-TLATELOLCO,5,00:09:39,00:09:39
B_02200L3000_0,0,B_0200L3-GUERRERO,6,00:11:47,00:11:47
B_02200L3000_0,0,B_0200L3-HIDALGO,7,00:13:18,00:13:18
B_02200L3000_0,0,B_0200L3-JUAREZ,8,00:14:09,00:14:09
B_02200L3000_0,0,B_0200L3-BALDERAS,9,00:15:33,00:15:33
B_02200L3000_0,0,B_0200L3-NINOSHEROES,10,00:16:59,00:16:59
B_02200L3000_0,0,B_0200L3-HOSPITALGRAL,11,00:18:24,00:18:24
B_02200L3000_0,0,B_0200L3-CENTROMEDICO,12,00:19:46,00:19:46
B_02200L3000_0,0,B_0200L3-ETIOPIA,13,00:22:10,00:22:10
B_02200L3000_0,0,B_0200L3-EUGENIA,14,00:24:09,00:24:09
B_02200L3000_0,0,B_0200L3-DIVISIONNTE,15,00:25:38,00:25:38
B_02200L3000_0,0,B_0200L3-ZAPATA,16,00:27:31,00:27:31
B_02200L3000_0,0,B_0200L3-COYOACAN,17,00:29:51,00:29:51
B_02200L3000_0,0,B_0200L3-VIVEROS,18,00:31:45,00:31:45
B_02200L3000_0,0,B_0200L3-MAQ,19,00:33:33,00:33:33
B_02200L3000_0,0,B_0200L3-COPILCO,20,00:36:15,00:36:15
B_02200L3000_0,0,B_0200L3-UNIVERSIDAD,21,00:38:53,00:38:53
B_02200L3000_1,0,B_0200L3-UNIVERSIDAD,1,00:00:00,00:00:00
B_02200L3000_1,0,B_0200L3-COPILCO,2,00:02:38,00:02:38
B_02200L3000_1,0,B_0200L3-MAQ,3,00:05:20,00:05:20
B_02200L3000_1,0,B_0200L3-VIVEROS,4,00:07:08,00:07:08
B_02200L3000_1,0,B_0200L3-COYOACAN,5,00:09:02,00:09:02
B_02200L3000_1,0,B_0200L3-ZAPATA,6,00:11:22,00:11:22
B_02200L3000_1,0,B_0200L3-DIVISIONNTE,7,00:13:15,00:13:15
B_02200L3000_1,0,B_0200L3-EUGENIA,8,00:14:44,00:14:44
B_02200L3000_1,0,B_0200L3-ETIOPIA,9,00:16:43,00:16:43
B_02200L3000_1,0,B_0200L3-CENTROMEDICO,10,00:19:07,00:19:07
B_02200L3000_1,0,B_0200L3-HOSPITALGRAL,11,00:20:29,00:20:29
B_02200L3000_1,0,B_0200L3-NINOSHEROES,12,00:21:54,00:21:54
B_02200L3000_1,0,B_0200L3-BALDERAS,13,00:23:20,00:23:20
B_02200L3000_1,0,B_0200L3-JUAREZ,14,00:24:44,00:24:44
B_02200L3000_1,0,B_0200L3-HIDALGO,15,00:25:35,00:25:35
B_02200L3000_1,0,B_0200L3-GUERRERO,16,00:27:06,00:27:06
B_02200L3000_1,0,B_0200L3-TLATELOLCO,17,00:29:14,00:29:14
B_02200L3000_1,0,B_0200L3-LARAZA,18,00:32:13,00:32:13
B_02200L3000_1,0,B_0200L3-POTRERO,19,00:34:26,00:34:26
B_02200L3000_1,0,B_0200L3-DTVO18MARZO,20,00:36:28,00:36:28
B_02200L3000_1,0,B_0200L3-INDIOSVERD,21,00:38:53,00:38:53
B_02200L4000_0,0,B_0200L4-SNTAANITA,1,00:00:00,00:00:00
B_02200L4000_0,0,B_0200L4-JAMAICA,2,00:01:30,00:01:30
B_02200L4000_0,0,B_0200L4-FRAYSERVANDO,3,00:03:31,00:03:31
B_02200L4000_0,0,B_0200L4-CANDELARIA,4,00:04:52,00:04:52
B_02200L4000_0,0,B_0200L4-MORELOS,5,00:06:56,00:06:56
B_02200L4000_0,0,B_0200L4-CANALNTE,6,00:08:43,00:08:43
B_02200L4000_0,0,B_0200L4-CONSULADO,7,00:10:28,00:10:28
B_02200L4000_0,0,B_0200L4-BONDOJITO,8,00:11:45,00:11:45
B_02200L4000_0,0,B_0200L4-TALISMAN,9,00:13:43,00:13:43
B_02200L4000_0,0,B_0200L4-MARTINCARR,10,00:15:52,00:15:52
B_02200L4000_1,0,B_0200L4-MARTINCARR,1,00:00:00,00:00:00
B_02200L4000_1,0,B_0200L4-TALISMAN,2,00:02:09,00:02:09
B_02200L4000_1,0,B_0200L4-BONDOJITO,3,00:04:07,00:04:07
B_02200L4000_1,0,B_0200L4-CONSULADO,4,00:05:24,00:05:24
B_02200L4000_1,0,B_0200L4-CANALNTE,5,00:07:09,00:07:09
B_02200L4000_1,0,B_0200L4-MORELOS,6,00:08:56,00:08:56
B_02200L4000_1,0,B_0200L4-CANDELARIA,7,00:11:00,00:11:00
B_02200L4000_1,0,B_0200L4-FRAYSERVANDO,8,00:12:21,00:12:21
B_02200L4000_1,0,B_0200L4-JAMAICA,9,00:14:22,00:14:22
B_02200L4000_1,0,B_0200L4-SNTAANITA,10,00:15:52,00:15:52
B_02200L5000_0,0,B_0200L5-POLITECNICO,1,00:00:00,00:00:00
B_02200L5000_0,0,B_0200L5-ITOPETROLEO,2,00:02:15,00:02:15
B_02200L5000_0,0,B_0200L5-AUTOBUSESNTE,3,00:04:17,00:04:17
B_02200L5000_0,0,B_0200L5-LARAZA,4,00:06:11,00:06:11
B_02200L5000_0,0,B_0200L5-MISTERIOS,5,00:07:51,00:07:51
B_02200L5000_0,0,B_0200L5-VALLEGOMEZ,6,00:09:55,00:09:55
B_02200L5000_0,0,B_0200L5-CONSULADO,7,00:11:11,00:11:11
B_02200L5000_0,0,B_0200L5-EDUARDOMOLI,8,00:12:48,00:12:48
B_02200L5000_0,0,B_0200L5-ARAGON,9,00:14:30,00:14:30
B_02200L5000_0,0,B_0200L5-OCEANIA,10,00:16:44,00:16:44
B_02200L5000_0,0,B_0200L5-TNALAEREA,11,00:18:54,00:18:54
B_02200L5000_0,0,B_0200L5-HANGARES,12,00:21:14,00:21:14
B_02200L5000_0,0,B_0200L5-PANTITLAN,13,00:24:14,00:24:14
B_02200L5000_1,0,B_0200L5-PANTITLAN,1,00:00:00,00:00:00
B_02200L5000_1,0,B_0200L5-HANGARES,2,00:03:00,00:03:00
B_02200L5000_1,0,B_0200L5-TNALAEREA,3,00:05:20,00:05:20
B_02200L5000_1,0,B_0200L5-OCEANIA,4,00:07:30,00:07:30
B_02200L5000_1,0,B_0200L5-ARAGON,5,00:09:44,00:09:44
B_02200L5000_1,0,B_0200L5-EDUARDOMOLI,6,00:11:26,00:11:26
B_02200L5000_1,0,B_0200L5-CONSULADO,7,00:13:03,00:13:03
B_02200L5000_1,0,B_0200L5-VALLEGOMEZ,8,00:14:19,00:14:19
B_02200L5000_1,0,B_0200L5-MISTERIOS,9,00:16:23,00:16:23
B_02200L5000_1,0,B_0200L5-LARAZA,10,00:18:03,00:18:03
B_02200L5000_1,0,B_0200L5-AUTOBUSESNTE,11,00:19:57,00:19:57
B_02200L5000_1,0,B_0200L5-ITOPETROLEO,12,00:21:59,00:21:59
B_02200L5000_1,0,B_0200L5-POLITECNICO,13,00:24:14,00:24:14
B_02200L6000_0,0,B_0200L6-ELROSARIO,1,00:00:00,00:00:00
B_02200L6000_0,0,B_0200L6-TEZOZOMOC,2,00:02:11,00:02:11
B_02200L6000_0,0,B_0200L6-AZCAPOTZALCO,3,00:03:56,00:03:56
B_02200L6000_0,0,B_0200L6-FERRERIA,4,00:05:58,00:05:58
B_02200L6000_0,0,B_0200L6-NORTE45,5,00:07:53,00:07:53
B_02200L6000_0,0,B_0200L6-VALLEJO,6,00:09:11,00:09:11
B_02200L6000_0,0,B_0200L6-ITOPETROLEO,7,00:10:35,00:10:35
B_02200L6000_0,0,B_0200L6-LINDAVISTA,8,00:12:47,00:12:47
B_02200L6000_0,0,B_0200L6-DTVO18MARZO,9,00:14:36,00:14:36
B_02200L6000_0,0,B_0200L6-LAVILLA,10,00:15:46,00:15:46
B_02200L6000_0,0,B_0200L6-MARTINCARR,11,00:17:43,00:17:43
B_02200L6000_1,0,B_0200L6-MARTINCARR,1,00:00:00,00:00:00
B_02200L6000_1,0,B_0200L6-LAVILLA,2,00:01:57,00:01:57
B_02200L6000_1,0,B_0200L6-DTVO18MARZO,3,00:03:07,00:03:07
B_02200L6000_1,0,B_0200L6-LINDAVISTA,4,00:04:56,00:04:56
B_02200L6000_1,0,B_0200L6-ITOPETROLEO,5,00:07:08,00:07:08
B_02200L6000_1,0,B_0200L6-VALLEJO,6,00:08:32,00:08:32
B_02200L6000_1,0,B_0200L6-NORTE45,7,00:09:50,00:09:50
B_02200L6000_1,0,B_0200L6-FERRERIA,8,00:11:45,00:11:45
B_02200L6000_1,0,B_0200L6-AZCAPOTZALCO,9,00:13:47,00:13:47
B_02200L6000_1,0,B_0200L6-TEZOZOMOC,10,00:15:32,00:15:32
B_02200L6000_1,0,B_0200L6-ELROSARIO,11,00:17:43,00:17:43
B_02200L7000_0,0,B_0200L7-ELROSARIO,1,00:00:00,00:00:00
B_02200L7000_0,0,B_0200L7-AQUILESSERD,2,00:02:56,00:02:56
B_02200L7000_0,0,B_0200L7-CAMARONES,3,00:05:22,00:05:22
B_02200L7000_0,0,B_0200L7-REFINERIA,4,00:07:06,00:07:06
B_02200L7000_0,0,B_0200L7-TACUBA,5,00:09:28,00:09:28
B_02200L7000_0,0,B_0200L7-SANJOAQUIN,6,00:12:02,00:12:02
B_02200L7000_0,0,B_0200L7-POLANCO,7,00:14:10,00:14:10
B_02200L7000_0,0,B_0200L7-AUDITORIO,8,00:15:34,00:15:34
B_02200L7000_0,0,B_0200L7-CONSTITUYENTES,9,00:18:15,00:18:15
B_02200L7000_0,0,B_0200L7-TACUBAYA,10,00:20:08,00:20:08
B_02200L7000_0,0,B_0200L7-SANPEDROPINOS,11,00:22:09,00:22:09
B_02200L7000_0,0,B_0200L7-SANANTONIO,12,00:23:26,00:23:26
B_02200L7000_0,0,B_0200L7-MIXCOAC,13,00:24:53,00:24:53
B_02200L7000_0,0,B_0200L7-BARRANCA,14,00:27:33,00:27:33
B_02200L7000_1,0,B_0200L7-BARRANCA,1,00:00:00,00:00:00
B_02200L7000_1,0,B_0200L7-MIXCOAC,2,00:02:40,00:02:40
B_02200L7000_1,0,B_0200L7-SANANTONIO,3,00:04:07,00:04:07
B_02200L7000_1,0,B_0200L7-SANPEDROPINOS,4,00:05:24,00:05:24
B_02200L7000_1,0,B_0200L7-TACUBAYA,5,00:07:25,00:07:25
B_02200L7000_1,0,B_0200L7-CONSTITUYENTES,6,00:09:18,00:09:18
B_02200L7000_1,0,B_0200L7-AUDITORIO,7,00:11:59,00:11:59
B_02200L7000_1,0,B_0200L7-POLANCO,8,00:13:23,00:13:23
B_02200L7000_1,0,B_0200L7-SANJOAQUIN,9,00:15:31,00:15:31
B_02200L7000_1,0,B_0200L7-TACUBA,10,00:18:05,00:18:05
B_02200L7000_1,0,B_0200L7-REFINERIA,11,00:20:27,00:20:27
B_02200L7000_1,0,B_0200L7-CAMARONES,12,00:22:11,00:22:11
B_02200L7000_1,0,B_0200L7-AQUILESSERD,13,00:24:37,00:24:37
B_02200L7000_1,0,B_0200L7-ELROSARIO,14,00:27:33,00:27:33
B_02200L8000_0,0,B_0200L8-GARIBALDI,1,00:00:00,00:00:00
B_02200L8000_0,0,B_0200L8-BELLASARTES,2,00:01:23,00:01:23
B_02200L8000_0,0,B_0200L8-SANJUANLETRAN,3,00:02:26,00:02:26
B_02200L8000_0,0,B_0200L8-SALTOAGUA,4,00:03:11,00:03:11
B_02200L8000_0,0,B_0200L8-DOCTORES,5,00:04:24,00:04:24
B_02200L8000_0,0,B_0200L8-OBRERA,6,00:06:01,00:06:01
B_02200L8000_0,0,B_0200L8-CHABACANO,7,00:08:17,00:08:17
B_02200L8000_0,0,B_0200L8-LAVIGA,8,00:09:58,00:09:58
B_02200L8000_0,0,B_0200L8-STAANITA,9,00:11:20,00:11:20
B_02200L8000_0,0,B_0200L8-COYUYA,10,00:13:22,00:13:22
B_02200L8000_0,0,B_0200L8-IZTACALCO,11,00:15:22,00:15:22
B_02200L8000_0,0,B_0200L8-APATLACO,12,00:17:13,00:17:13
B_02200L8000_0,0,B_0200L8-ACULCO,13,00:18:24,00:18:24
B_02200L8000_0,0,B_0200L8-ESCUADRON,14,00:20:03,00:20:03
B_02200L8000_0,0,B_0200L8-ATLALILCO,15,00:23:21,00:23:21
B_02200L8000_0,0,B_0200L8-IZTAPALAPA,16,00:24:50,00:24:50
B_02200L8000_0,0,B_0200L8-CERROESTRELLA,17,00:26:26,00:26:26
B_02200L8000_0,0,B_0200L8-UAM-I,18,00:28:38,00:28:38
B_02200L8000_0,0,B_0200L8-CONST1917,19,00:30:53,00:30:53
B_02200L8000_1,0,B_0200L8-CONST1917,1,00:00:00,00:00:00
B_02200L8000_1,0,B_0200L8-UAM-I,2,00:02:15,00:02:15
B_02200L8000_1,0,B_0200L8-CERROESTRELLA,3,00:04:27,00:04:27
B_02200L8000_1,0,B_0200L8-IZTAPALAPA,4,00:06:03,00:06:03
B_02200L8000_1,0,B_0200L8-ATLALILCO,5,00:07:32,00:07:32
B_02200L8000_1,0,B_0200L8-ESCUADRON,6,00:10:50,00:10:50
B_02200L8000_1,0,B_0200L8-ACULCO,7,00:12:29,00:12:29
B_02200L8000_1,0,B_0200L8-APATLACO,8,00:13:40,00:13:40
B_02200L8000_1,0,B_0200L8-IZTACALCO,9,00:15:31,00:15:31
B_02200L8000_1,0,B_0200L8-COYUYA,10,00:17:31,00:17:31
B_02200L8000_1,0,B_0200L8-STAANITA,11,00:19:33,00:19:33
B_02200L8000_1,0,B_0200L8-LAVIGA,12,00:20:55,00:20:55
B_02200L8000_1,0,B_0200L8-CHABACANO,13,00:22:36,00:22:36
B_02200L8000_1,0,B_0200L8-OBRERA,14,00:24:52,00:24:52
B_02200L8000_1,0,B_0200L8-DOCTORES,15,00:26:29,00:26:29
B_02200L8000_1,0,B_0200L8-SALTOAGUA,16,00:27:42,00:27:42
B_02200L8000_1,0,B_0200L8-SANJUANLETRAN,17,00:28:27,00:28:27
B_02200L8000_1,0,B_0200L8-BELLASARTES,18,00:29:30,00:29:30
B_02200L8000_1,0,B_0200L8-GARIBALDI,19,00:30:53,00:30:53
B_02200L9000_0,0,B_0200L9-PANTITLAN,1,00:00:00,00:00:00
B_02200L9000_0,0,B_0200L9-PUEBLA,2,00:02:47,00:02:47
B_02200L9000_0,0,B_0200L9-CIUDADDVA,3,00:04:29,00:04:29
B_02200L9000_0,0,B_0200L9-VELODROMO,4,00:06:46,00:06:46
B_02200L9000_0,0,B_0200L9-MIXIUHCA,5,00:08:38,00:08:38
B_02200L9000_0,0,B_0200L9-JAMAICA,6,00:10:25,00:10:25
B_02200L9000_0,0,B_0200L9-CHABACANO,7,00:12:37,00:12:37
B_02200L9000_0,0,B_0200L9-LAZAROCAR,8,00:14:40,00:14:40
B_02200L9000_0,0,B_0200L9-CENTROMEDICO,9,00:16:50,00:16:50
B_02200L9000_0,0,B_0200L9-CHILPANCINGO,10,00:19:12,00:19:12
B_02200L9000_0,0,B_0200L9-PATRIOTISMO,11,00:21:11,00:21:11
B_02200L9000_0,0,B_0200L9-TACUBAYA,12,00:23:21,00:23:21
B_02200L9000_1,0,B_0200L9-TACUBAYA,1,00:00:00,00:00:00
B_02200L9000_1,0,B_0200L9-PATRIOTISMO,2,00:02:47,00:02:47
B_02200L9000_1,0,B_0200L9-CHILPANCINGO,3,00:04:29,00:04:29
B_02200L9000_1,0,B_0200L9-CENTROMEDICO,4,00:06:46,00:06:46
B_02200L9000_1,0,B_0200L9-LAZAROCAR,5,00:08:38,00:08:38
B_02200L9000_1,0,B_0200L9-CHABACANO,6,00:10:25,00:10:25
B_02200L9000_1,0,B_0200L9-JAMAICA,7,00:12:37,00:12:37
B_02200L9000_1,0,B_0200L9-MIXIUHCA,8,00:14:40,00:14:40
B_02200L9000_1,0,B_0200L9-VELODROMO,9,00:16:50,00:16:50
B_02200L9000_1,0,B_0200L9-CIUDADDVA,10,00:19:12,00:19:12
B_02200L9000_1,0,B_0200L9-PUEBLA,11,00:21:11,00:21:11
B_02200L9000_1,0,B_0200L9-PANTITLAN,12,00:23:21,00:23:21
B_02200LA000_0,0,B_0200LA-PANTITLAN,1,00:00:00,00:00:00
B_02200LA000_0,0,B_0200LA-AGRICOLA,2,00:02:33,00:02:33
B_02200LA000_0,0,B_0200LA-CANALSANJUAN,3,00:04:36,00:04:36
B_02200LA000_0,0,B_0200LA-TEPALCATES,4,00:07:15,00:07:15
B_02200LA000_0,0,B_0200LA-GUELATAO,5,00:09:24,00:09:24
B_02200LA000_0,0,B_0200LA-PENONVIEJO,6,00:13:17,00:13:17
B_02200LA000_0,0,B_0200LA-ACATITLA,7,00:15:48,00:15:48
B_02200LA000_0,0,B_0200LA-STAMARTA,8,00:17:51,00:17:51
B_02200LA000_0,0,B_0200LA-LOSREYES,9,00:21:02,00:21:02
B_02200LA000_0,0,B_0200LA-LAPAZ,10,00:24:30,00:24:30
B_02200LA000_1,0,B_0200LA-LAPAZ,1,00:00:00,00:00:00
B_02200LA000_1,0,B_0200LA-LOSREYES,2,00:03:28,00:03:28
B_02200LA000_1,0,B_0200LA-STAMARTA,3,00:06:39,00:06:39
B_02200LA000_1,0,B_0200LA-ACATITLA,4,00:08:42,00:08:42
B_02200LA000_1,0,B_0200LA-PENONVIEJO,5,00:11:13,00:11:13
B_02200LA000_1,0,B_0200LA-GUELATAO,6,00:15:06,00:15:06
B_02200LA000_1,0,B_0200LA-TEPALCATES,7,00:17:15,00:17:15
B_02200LA000_1,0,B_0200LA-CANALSANJUAN,8,00:19:54,00:19:54
B_02200LA000_1,0,B_0200LA-AGRICOLA,9,00:21:57,00:21:57
B_02200LA000_1,0,B_0200LA-PANTITLAN,10,00:24:30,00:24:30
B_02200LB000_0,0,B_0200LB-BUENAVISTA,1,00:00:00,00:00:00
B_02200LB000_0,0,B_0200LB-GUERRERO,2,00:01:15,00:01:15
B_02200LB000_0,0,B_0200LB-GARIBALDI,3,00:02:55,00:02:55
B_02200LB000_0,0,B_0200LB-LAGUNILLA,4,00:04:26,00:04:26
B_02200LB000_0,0,B_0200LB-TEPITO,5,00:05:39,00:05:39
B_02200LB000_0,0,B_0200LB-MORELOS,6,00:06:52,00:06:52
B_02200LB000_0,0,B_0200LB-SANLAZARO,7,00:09:30,00:09:30
B_02200LB000_0,0,B_0200LB-RFLORESMAGON,8,00:11:32,00:11:32
B_02200LB000_0,0,B_0200LB-ROMERORUBIO,9,00:13:37,00:13:37
B_02200LB000_0,0,B_0200LB-OCEANIA,10,00:15:20,00:15:20
B_02200LB000_0,0,B_0200LB-DPVOOCEANIA,11,00:17:16,00:17:16
B_02200LB000_0,0,B_0200LB-BOSQUEARAGON,12,00:19:45,00:19:45
B_02200LB000_0,0,B_0200LB-VILLAARAGON,13,00:21:31,00:21:31
B_02200LB000_0,0,B_0200LB-NEZAHUALCO,14,00:24:20,00:24:20
B_02200LB000_0,0,B_0200LB-IMPULSORA,15,00:27:15,00:27:15
B_02200LB000_0,0,B_0200LB-RIOREMEDIOS,16,00:28:22,00:28:22
B_02200LB000_0,0,B_0200LB-MUZQUIZ,17,00:30:49,00:30:49
B_02200LB000_0,0,B_0200LB-ECATEPEC,18,00:33:55,00:33:55
B_02200LB000_0,0,B_0200LB-OLIMPICA,19,00:35:20,00:35:20
B_02200LB000_0,0,B_0200LB-PLAZAARAGON,20,00:36:57,00:36:57
B_02200LB000_0,0,B_0200LB-CIUDADAZTECA,21,00:38:19,00:38:19
B_02200LB000_1,0,B_0200LB-CIUDADAZTECA,1,00:00:00,00:00:00
B_02200LB000_1,0,B_0200LB-PLAZAARAGON,2,00:01:22,00:01:22
B_02200LB000_1,0,B_0200LB-OLIMPICA,3,00:02:59,00:02:59
B_02200LB000_1,0,B_0200LB-ECATEPEC,4,00:04:24,00:04:24
B_02200LB000_1,0,B_0200LB-MUZQUIZ,5,00:07:30,00:07:30
B_02200LB000_1,0,B_0200LB-RIOREMEDIOS,6,00:09:57,00:09:57
B_02200LB000_1,0,B_0200LB-IMPULSORA,7,00:11:04,00:11:04
B_02200LB000_1,0,B_0200LB-NEZAHUALCO,8,00:13:59,00:13:59
B_02200LB000_1,0,B_0200LB-VILLAARAGON,9,00:16:48,00:16:48
B_02200LB000_1,0,B_0200LB-BOSQUEARAGON,10,00:18:34,00:18:34
B_02200LB000_1,0,B_0200LB-DPVOOCEANIA,11,00:21:03,00:21:03
B_02200LB000_1,0,B_0200LB-OCEANIA,12,00:22:59,00:22:59
B_02200LB000_1,0,B_0200LB-ROMERORUBIO,13,00:24:42,00:24:42
B_02200LB000_1,0,B_0200LB-RFLORESMAGON,14,00:26:47,00:26:47
B_02200LB000_1,0,B_0200LB-SANLAZARO,15,00:28:49,00:28:49
B_02200LB000_1,0,B_0200LB-MORELOS,16,00:31:27,00:31:27
B_02200LB000_1,0,B_0200LB-TEPITO,17,00:32:40,00:32:40
B_02200LB000_1,0,B_0200LB-LAGUNILLA,18,00:33:53,00:33:53
B_02200LB000_1,0,B_0200LB-GARIBALDI,19,00:35:24,00:35:24
B_02200LB000_1,0,B_0200LB-GUERRERO,20,00:37:04,00:37:04
B_02200LB000_1,0,B_0200LB-BUENAVISTA,21,00:38:19,00:38:19
B_0220L12000_0,0,B_020L12-MIXCOAC,1,00:00:00,00:00:00
B_0220L12000_0,0,B_020L12-INSURGENTESSUR,2,00:02:05,00:02:05
B_0220L12000_0,0,B_020L12-HOSPITAL20,3,00:03:53,00:03:53
B_0220L12000_0,0,B_020L12-ZAPATA,4,00:05:10,00:05:10
B_0220L12000_0,0,B_020L12-PARQUEVENADOS,5,00:06:50,00:06:50
B_0220L12000_0,0,B_020L12-EJECENTRAL,6,00:10:08,00:10:08
B_0220L12000_0,0,B_020L12-ERMITA,7,00:12:30,00:12:30
B_0220L12000_0,0,B_020L12-MEXICALTZINGO,8,00:16:56,00:16:56
B_0220L12000_0,0,B_020L12-ATLALILCO,9,00:21:43,00:21:43
B_0220L12000_0,0,B_020L12-CULHUACAN,10,00:25:46,00:25:46
B_0220L12000_0,0,B_020L12-SANANDRESTO,11,00:28:22,00:28:22
B_0220L12000_0,0,B_020L12-LOMASESTRELLA,12,00:31:07,00:31:07
B_0220L12000_0,0,B_020L12-CALLE11,13,00:33:30,00:33:30
B_0220L12000_0,0,B_020L12-PERIFERICOOTE,14,00:36:21,00:36:21
B_0220L12000_0,0,B_020L12-TEZONCO,15,00:40:12,00:40:12
B_0220L12000_0,0,B_020L12-OLIVOS,16,00:41:39,00:41:39
B_0220L12000_0,0,B_020L12-NOPALERA,17,00:45:05,00:45:05
B_0220L12000_0,0,B_020L12-ZAPOTITLAN,18,00:48:18,00:48:18
B_0220L12000_0,0,B_020L12-TLALTENCO,19,00:51:11,00:51:11
B_0220L12000_0,0,B_020L12-TLAHUAC,20,00:54:28,00:54:28
B_0220L12000_1,0,B_020L12-TLAHUAC,1,00:00:00,00:00:00
B_0220L12000_1,0,B_020L12-TLALTENCO,2,00:03:17,00:03:17
B_0220L12000_1,0,B_020L12-ZAPOTITLAN,3,00:06:10,00:06:10
B_0220L12000_1,0,B_020L12-NOPALERA,4,00:09:23,00:09:23
B_0220L12000_1,0,B_020L12-OLIVOS,5,00:12:49,00:12:49
B_0220L12000_1,0,B_020L12-TEZONCO,6,00:14:16,00:14:16
B_0220L12000_1,0,B_020L12-PERIFERICOOTE,7,00:18:07,00:18:07
B_0220L12000_1,0,B_020L12-CALLE11,8,00:20:58,00:20:58
B_0220L12000_1,0,B_020L12-LOMASESTRELLA,9,00:23:21,00:23:21
B_0220L12000_1,0,B_020L12-SANANDRESTO,10,00:26:06,00:26:06
B_0220L12000_1,0,B_020L12-CULHUACAN,11,00:28:42,00:28:42
B_0220L12000_1,0,B_020L12-ATLALILCO,12,00:32:45,00:32:45
B_0220L12000_1,0,B_020L12-MEXICALTZINGO,13,00:37:32,00:37:32
B_0220L12000_1,0,B_020L12-ERMITA,14,00:41:58,00:41:58
B_0220L12000_1,0,B_020L12-EJECENTRAL,15,00:44:20,00:44:20
B_0220L12000_1,0,B_020L12-PARQUEVENADOS,16,00:47:38,00:47:38
B_0220L12000_1,0,B_020L12-ZAPATA,17,00:49:18,00:49:18
B_0220L12000_1,0,B_020L12-HOSPITAL20,18,00:50:35,00:50:35
B_0220L12000_1,0,B_020L12-INSURGENTESSUR,19,00:52:23,00:52:23
B_0220L12000_1,0,B_020L12-MIXCOAC,20,00:54:28,00:54:28
B_02300L1000_0,0,B_0200L1-OBSERVATORIO,1,00:00:00,00:00:00
B_02300L1000_0,0,B_0200L1-TACUBAYA,2,00:02:50,00:02:50
B_02300L1000_0,0,B_0200L1-JUANACATLAN,3,00:05:24,00:05:24
B_02300L1000_0,0,B_0200L1-CHAPULTEPEC,4,00:07:36,00:07:36
B_02300L1000_0,0,B_0200L1-SEVILLA,5,00:08:43,00:08:43
B_02300L1000_0,0,B_0200L1-INSURGENTES,6,00:10:22,00:10:22
B_02300L1000_0,0,B_0200L1-CUAUHTEMOC,7,00:12:13,00:12:13
B_02300L1000_0,0,B_0200L1-BALDERAS,8,00:13:18,00:13:18
B_02300L1000_0,0,B_0200L1-SALTODELAGUA,9,00:14:34,00:14:34
B_02300L1000_0,0,B_0200L1-ISABELLACA,10,00:15:43,00:15:43
B_02300L1000_0,0,B_0200L1-PINOSUAREZ,11,00:16:47,00:16:47
B_02300L1000_0,0,B_0200L1-MERCED,12,00:18:23,00:18:23
B_02300L1000_0,0,B_0200L1-CANDELARIA,13,00:20:04,00:20:04
B_02300L1000_0,0,B_0200L1-SANLAZARO,14,00:22:08,00:22:08
B_02300L1000_0,0,B_0200L1_MOCTEZUMA,15,00:23:19,00:23:19
B_02300L1000_0,0,B_0200L1-BALBUENA,16,00:24:57,00:24:57
B_02300L1000_0,0,B_0200L1-PTOAEREO,17,00:26:29,00:26:29
B_02300L1000_0,0,B_0200L1-GOMEZFARIAS,18,00:27:56,00:27:56
B_02300L1000_0,0,B_0200L1-ZARAGOZA,19,00:29:50,00:29:50
B_02300L1000_0,0,B_0200L1-PANTITLAN,20,00:32:38,00:32:38
B_02300L1000_1,0,B_0200L1-PANTITLAN,1,00:00:00,00:00:00
B_02300L1000_1,0,B_0200L1-ZARAGOZA,2,00:02:48,00:02:48
B_02300L1000_1,0,B_0200L1-GOMEZFARIAS,3,00:04:42,00:04:42
B_02300L1000_1,0,B_0200L1-PTOAEREO,4,00:06:09,00:06:09
B_02300L1000_1,0,B_0200L1-BALBUENA,5,00:07:41,00:07:41
B_02300L1000_1,0,B_0200L1_MOCTEZUMA,6,00:09:19,00:09:19
B_02300L1000_1,0,B_0200L1-SANLAZARO,7,00:10:30,00:10:30
B_02300L1000_1,0,B_0200L1-CANDELARIA,8,00:12:34,00:12:34
B_02300L1000_1,0,B_0200L1-MERCED,9,00:14:15,00:14:15
B_02300L1000_1,0,B_0200L1-PINOSUAREZ,10,00:15:51,00:15:51
B_02300L1000_1,0,B_0200L1-ISABELLACA,11,00:16:55,00:16:55
B_02300L1000_1,0,B_0200L1-SALTODELAGUA,12,00:18:04,00:18:04
B_02300L1000_1,0,B_0200L1-BALDERAS,13,00:19:20,00:19:20
B_02300L1000_1,0,B_0200L1-CUAUHTEMOC,14,00:20:25,00:20:25
B_02300L1000_1,0,B_0200L1-INSURGENTES,15,00:22:16,00:22:16
B_02300L1000_1,0,B_0200L1-SEVILLA,16,00:23:55,00:23:55
B_02300L1000_1,0,B_0200L1-CHAPULTEPEC,17,00:25:02,00:25:02
B_02300L1000_1,0,B_0200L1-JUANACATLAN,18,00:27:14,00:27:14
B_02300L1000_1,0,B_0200L1-TACUBAYA,19,00:29:48,00:29:48
B_02300L1000_1,0,B_0200L1-OBSERVATORIO,20,00:32:38,00:32:38
B_02300L2000_0,0,B_0200L2-CUATROCAMIN,1,00:00:00,00:00:00
B_02300L2000_0,0,B_0200L2-PANTEONES,2,00:03:19,00:03:19
B_02300L2000_0,0,B_0200L2-TACUBA,3,00:06:14,00:06:14
B_02300L2000_0,0,B_0200L2-CUITLAHUAC,4,00:07:38,00:07:38
B_02300L2000_0,0,B_0200L2-POPOTLA,5,00:09:06,00:09:06
B_02300L2000_0,0,B_0200L2-COLMILITAR,6,00:10:09,00:10:09
B_02300L2000_0,0,B_0200L2-NORMAL,7,00:11:29,00:11:29
B_02300L2000_0,0,B_0200L2-SANCOSME,8,00:12:53,00:12:53
B_02300L2000_0,0,B_0200L2-REVOLUCION,9,00:14:15,00:14:15
B_02300L2000_0,0,B_0200L2-HIDALGO,10,00:15:39,00:15:39
B_02300L2000_0,0,B_0200L2-BELLASARTES,11,00:16:46,00:16:46
B_02300L2000_0,0,B_0200L2-ALLENDE,12,00:17:42,00:17:42
B_02300L2000_0,0,B_0200L2-ZOCALO,13,00:19:05,00:19:05
B_02300L2000_0,0,B_0200L2-PINOSUAREZ,14,00:20:45,00:20:45
B_02300L2000_0,0,B_0200L2-SANANTONIO,15,00:22:33,00:22:33
B_02300L2000_0,0,B_0200L2-CHABACANO,16,00:23:58,00:23:58
B_02300L2000_0,0,B_0200L2-VIADUCTO,17,00:25:41,00:25:41
B_02300L2000_0,0,B_0200L2-XOLA,18,00:26:51,00:26:51
B_02300L2000_0,0,B_0200L2-VILLADECORT,19,00:28:26,00:28:26
B_02300L2000_0,0,B_0200L2-NATIVITAS,20,00:29:59,00:29:59
B_02300L2000_0,0,B_0200L2-PORTALES,21,00:32:05,00:32:05
B_02300L2000_0,0,B_0200L2-ERMITA,22,00:33:44,00:33:44
B_02300L2000_0,0,B_0200L2-GRALANAYA,23,00:35:34,00:35:34
B_02300L2000_0,0,B_0200L2-TASQUENA,24,00:38:21,00:38:21
B_02300L2000_1,0,B_0200L2-TASQUENA,1,00:00:00,00:00:00
B_02300L2000_1,0,B_0200L2-GRALANAYA,2,00:02:47,00:02:47
B_02300L2000_1,0,B_0200L2-ERMITA,3,00:04:37,00:04:37
B_02300L2000_1,0,B_0200L2-PORTALES,4,00:06:16,00:06:16
B_02300L2000_1,0,B_0200L2-NATIVITAS,5,00:08:22,00:08:22
B_02300L2000_1,0,B_0200L2-VILLADECORT,6,00:09:55,00:09:55
B_02300L2000_1,0,B_0200L2-XOLA,7,00:11:30,00:11:30
B_02300L2000_1,0,B_0200L2-VIADUCTO,8,00:12:40,00:12:40
B_02300L2000_1,0,B_0200L2-CHABACANO,9,00:14:23,00:14:23
B_02300L2000_1,0,B_0200L2-SANANTONIO,10,00:15:48,00:15:48
B_02300L2000_1,0,B_0200L2-PINOSUAREZ,11,00:17:36,00:17:36
B_02300L2000_1,0,B_0200L2-ZOCALO,12,00:19:16,00:19:16
B_02300L2000_1,0,B_0200L2-ALLENDE,13,00:20:39,00:20:39
B_02300L2000_1,0,B_0200L2-BELLASARTES,14,00:21:35,00:21:35
B_02300L2000_1,0,B_0200L2-HIDALGO,15,00:22:42,00:22:42
B_02300L2000_1,0,B_0200L2-REVOLUCION,16,00:24:06,00:24:06
B_02300L2000_1,0,B_0200L2-SANCOSME,17,00:25:28,00:25:28
B_02300L2000_1,0,B_0200L2-NORMAL,18,00:26:52,00:26:52
B_02300L2000_1,0,B_0200L2-COLMILITAR,19,00:28:12,00:28:12
B_02300L2000_1,0,B_0200L2-POPOTLA,20,00:29:15,00:29:15
B_02300L2000_1,0,B_0200L2-CUITLAHUAC,21,00:30:43,00:30:43
B_02300L2000_1,0,B_0200L2-TACUBA,22,00:32:07,00:32:07
B_02300L2000_1,0,B_0200L2-PANTEONES,23,00:35:02,00:35:02
B_02300L2000_1,0,B_0200L2-CUATROCAMIN,24,00:38:21,00:38:21
B_02300L3000_0,0,B_0200L3-INDIOSVERD,1,00:00:00,00:00:00
B_02300L3000_0,0,B_0200L3-DTVO18MARZO,2,00:02:25,00:02:25
B_02300L3000_0,0,B_0200L3-POTRERO,3,00:04:27,00:04:27
B_02300L3000_0,0,B_0200L3-LARAZA,4,00:06:40,00:06:40
B_02300L3000_0,0,B_0200L3-TLATELOLCO,5,00:09:39,00:09:39
B_02300L3000_0,0,B_0200L3-GUERRERO,6,00:11:47,00:11:47
B_02300L3000_0,0,B_0200L3-HIDALGO,7,00:13:18,00:13:18
B_02300L3000_0,0,B_0200L3-JUAREZ,8,00:14:09,00:14:09
B_02300L3000_0,0,B_0200L3-BALDERAS,9,00:15:33,00:15:33
B_02300L3000_0,0,B_0200L3-NINOSHEROES,10,00:16:59,00:16:59
B_02300L3000_0,0,B_0200L3-HOSPITALGRAL,11,00:18:24,00:18:24
B_02300L3000_0,0,B_0200L3-CENTROMEDICO,12,00:19:46,00:19:46
B_02300L3000_0,0,B_0200L3-ETIOPIA,13,00:22:10,00:22:10
B_02300L3000_0,0,B_0200L3-EUGENIA,14,00:24:09,00:24:09
B_02300L3000_0,0,B_0200L3-DIVISIONNTE,15,00:25:38,00:25:38
B_02300L3000_0,0,B_0200L3-ZAPATA,16,00:27:31,00:27:31
B_02300L3000_0,0,B_0200L3-COYOACAN,17,00:29:51,00:29:51
B_02300L3000_0,0,B_0200L3-VIVEROS,18,00:31:45,00:31:45
B_02300L3000_0,0,B_0200L3-MAQ,19,00:33:33,00:33:33
B_02300L3000_0,0,B_0200L3-COPILCO,20,00:36:15,00:36:15
B_02300L3000_0,0,B_0200L3-UNIVERSIDAD,21,00:38:53,00:38:53
B_02300L3000_1,0,B_0200L3-UNIVERSIDAD,1,00:00:00,00:00:00
B_02300L3000_1,0,B_0200L3-COPILCO,2,00:02:38,00:02:38
B_02300L3000_1,0,B_0200L3-MAQ,3,00:05:20,00:05:20
B_02300L3000_1,0,B_0200L3-VIVEROS,4,00:07:08,00:07:08
B_02300L3000_1,0,B_0200L3-COYOACAN,5,00:09:02,00:09:02
B_02300L3000_1,0,B_0200L3-ZAPATA,6,00:11:22,00:11:22
B_02300L3000_1,0,B_0200L3-DIVISIONNTE,7,00:13:15,00:13:15
B_02300L3000_1,0,B_0200L3-EUGENIA,8,00:14:44,00:14:44
B_02300L3000_1,0,B_0200L3-ETIOPIA,9,00:16:43,00:16:43
B_02300L3000_1,0,B_0200L3-CENTROMEDICO,10,00:19:07,00:19:07
B_02300L3000_1,0,B_0200L3-HOSPITALGRAL,11,00:20:29,00:20:29
B_02300L3000_1,0,B_0200L3-NINOSHEROES,12,00:21:54,00:21:54
B_02300L3000_1,0,B_0200L3-BALDERAS,13,00:23:20,00:23:20
B_02300L3000_1,0,B_0200L3-JUAREZ,14,00:24:44,00:24:44
B_02300L3000_1,0,B_0200L3-HIDALGO,15,00:25:35,00:25:35
B_02300L3000_1,0,B_0200L3-GUERRERO,16,00:27:06,00:27:06
B_02300L3000_1,0,B_0200L3-TLATELOLCO,17,00:29:14,00:29:14
B_02300L3000_1,0,B_0200L3-LARAZA,18,00:32:13,00:32:13
B_02300L3000_1,0,B_0200L3-POTRERO,19,00:34:26,00:34:26
B_02300L3000_1,0,B_0200L3-DTVO18MARZO,20,00:36:28,00:36:28
B_02300L3000_1,0,B_0200L3-INDIOSVERD,21,00:38:53,00:38:53
B_02300L4000_0,0,B_0200L4-SNTAANITA,1,00:00:00,00:00:00
B_02300L4000_0,0,B_0200L4-JAMAICA,2,00:01:30,00:01:30
B_02300L4000_0,0,B_0200L4-FRAYSERVANDO,3,00:03:31,00:03:31
B_02300L4000_0,0,B_0200L4-CANDELARIA,4,00:04:52,00:04:52
B_02300L4000_0,0,B_0200L4-MORELOS,5,00:06:56,00:06:56
B_02300L4000_0,0,B_0200L4-CANALNTE,6,00:08:43,00:08:43
B_02300L4000_0,0,B_0200L4-CONSULADO,7,00:10:28,00:10:28
B_02300L4000_0,0,B_0200L4-BONDOJITO,8,00:11:45,00:11:45
B_02300L4000_0,0,B_0200L4-TALISMAN,9,00:13:43,00:13:43
B_02300L4000_0,0,B_0200L4-MARTINCARR,10,00:15:52,00:15:52
B_02300L4000_1,0,B_0200L4-MARTINCARR,1,00:00:00,00:00:00
B_02300L4000_1,0,B_0200L4-TALISMAN,2,00:02:09,00:02:09
B_02300L4000_1,0,B_0200L4-BONDOJITO,3,00:04:07,00:04:07
B_02300L4000_1,0,B_0200L4-CONSULADO,4,00:05:24,00:05:24
B_02300L4000_1,0,B_0200L4-CANALNTE,5,00:07:09,00:07:09
B_02300L4000_1,0,B_0200L4-MORELOS,6,00:08:56,00:08:56
B_02300L4000_1,0,B_0200L4-CANDELARIA,7,00:11:00,00:11:00
B_02300L4000_1,0,B_0200L4-FRAYSERVANDO,8,00:12:21,00:12:21
B_02300L4000_1,0,B_0200L4-JAMAICA,9,00:14:22,00:14:22
B_02300L4000_1,0,B_0200L4-SNTAANITA,10,00:15:52,00:15:52
B_02300L5000_0,0,B_0200L5-POLITECNICO,1,00:00:00,00:00:00
B_02300L5000_0,0,B_0200L5-ITOPETROLEO,2,00:02:15,00:02:15
B_02300L5000_0,0,B_0200L5-AUTOBUSESNTE,3,00:04:17,00:04:17
B_02300L5000_0,0,B_0200L5-LARAZA,4,00:06:11,00:06:11
B_02300L5000_0,0,B_0200L5-MISTERIOS,5,00:07:51,00:07:51
B_02300L5000_0,0,B_0200L5-VALLEGOMEZ,6,00:09:55,00:09:55
B_02300L5000_0,0,B_0200L5-CONSULADO,7,00:11:11,00:11:11
B_02300L5000_0,0,B_0200L5-EDUARDOMOLI,8,00:12:48,00:12:48
B_02300L5000_0,0,B_0200L5-ARAGON,9,00:14:30,00:14:30
B_02300L5000_0,0,B_0200L5-OCEANIA,10,00:16:44,00:16:44
B_02300L5000_0,0,B_0200L5-TNALAEREA,11,00:18:54,00:18:54
B_02300L5000_0,0,B_0200L5-HANGARES,12,00:21:14,00:21:14
B_02300L5000_0,0,B_0200L5-PANTITLAN,13,00:24:14,00:24:14
B_02300L5000_1,0,B_0200L5-PANTITLAN,1,00:00:00,00:00:00
B_02300L5000_1,0,B_0200L5-HANGARES,2,00:03:00,00:03:00
B_02300L5000_1,0,B_0200L5-TNALAEREA,3,00:05:20,00:05:20
B_02300L5000_1,0,B_0200L5-OCEANIA,4,00:07:30,00:07:30
B_02300L5000_1,0,B_0200L5-ARAGON,5,00:09:44,00:09:44
B_02300L5000_1,0,B_0200L5-EDUARDOMOLI,6,00:11:26,00:11:26
B_02300L5000_1,0,B_0200L5-CONSULADO,7,00:13:03,00:13:03
B_02300L5000_1,0,B_0200L5-VALLEGOMEZ,8,00:14:19,00:14:19
B_02300L5000_1,0,B_0200L5-MISTERIOS,9,00:16:23,00:16:23
B_02300L5000_1,0,B_0200L5-LARAZA,10,00:18:03,00:18:03
B_02300L5000_1,0,B_0200L5-AUTOBUSESNTE,11,00:19:57,00:19:57
B_02300L5000_1,0,B_0200L5-ITOPETROLEO,12,00:21:59,00:21:59
B_02300L5000_1,0,B_0200L5-POLITECNICO,13,00:24:14,00:24:14
B_02300L6000_0,0,B_0200L6-ELROSARIO,1,00:00:00,00:00:00
B_02300L6000_0,0,B_0200L6-TEZOZOMOC,2,00:02:11,00:02:11
B_02300L6000_0,0,B_0200L6-AZCAPOTZALCO,3,00:03:56,00:03:56
B_02300L6000_0,0,B_0200L6-FERRERIA,4,00:05:58,00:05:58
B_02300L6000_0,0,B_0200L6-NORTE45,5,00:07:53,00:07:53
B_02300L6000_0,0,B_0200L6-VALLEJO,6,00:09:11,00:09:11
B_02300L6000_0,0,B_0200L6-ITOPETROLEO,7,00:10:35,00:10:35
B_02300L6000_0,0,B_0200L6-LINDAVISTA,8,00:12:47,00:12:47
B_02300L6000_0,0,B_0200L6-DTVO18MARZO,9,00:14:36,00:14:36
B_02300L6000_0,0,B_0200L6-LAVILLA,10,00:15:46,00:15:46
B_02300L6000_0,0,B_0200L6-MARTINCARR,11,00:17:43,00:17:43
B_02300L6000_1,0,B_0200L6-MARTINCARR,1,00:00:00,00:00:00
B_02300L6000_1,0,B_0200L6-LAVILLA,2,00:01:57,00:01:57
B_02300L6000_1,0,B_0200L6-DTVO18MARZO,3,00:03:07,00:03:07
B_02300L6000_1,0,B_0200L6-LINDAVISTA,4,00:04:56,00:04:56
B_02300L6000_1,0,B_0200L6-ITOPETROLEO,5,00:07:08,00:07:08
B_02300L6000_1,0,B_0200L6-VALLEJO,6,00:08:32,00:08:32
B_02300L6000_1,0,B_0200L6-NORTE45,7,00:09:50,00:09:50
B_02300L6000_1,0,B_0200L6-FERRERIA,8,00:11:45,00:11:45
B_02300L6000_1,0,B_0200L6-AZCAPOTZALCO,9,00:13:47,00:13:47
B_02300L6000_1,0,B_0200L6-TEZOZOMOC,10,00:15:32,00:15:32
B_02300L6000_1,0,B_0200L6-ELROSARIO,11,00:17:43,00:17:43
B_02300L7000_0,0,B_0200L7-ELROSARIO,1,00:00:00,00:00:00
B_02300L7000_0,0,B_0200L7-AQUILESSERD,2,00:02:56,00:02:56
B_02300L7000_0,0,B_0200L7-CAMARONES,3,00:05:22,00:05:22
B_02300L7000_0,0,B_0200L7-REFINERIA,4,00:07:06,00:07:06
B_02300L7000_0,0,B_0200L7-TACUBA,5,00:09:28,00:09:28
B_02300L7000_0,0,B_0200L7-SANJOAQUIN,6,00:12:02,00:12:02
B_02300L7000_0,0,B_0200L7-POLANCO,7,00:14:10,00:14:10
B_02300L7000_0,0,B_0200L7-AUDITORIO,8,00:15:34,00:15:34
B_02300L7000_0,0,B_0200L7-CONSTITUYENTES,9,00:18:15,00:18:15
B_02300L7000_0,0,B_0200L7-TACUBAYA,10,00:20:08,00:20:08
B_02300L7000_0,0,B_0200L7-SANPEDROPINOS,11,00:22:09,00:22:09
B_02300L7000_0,0,B_0200L7-SANANTONIO,12,00:23:26,00:23:26
B_02300L7000_0,0,B_0200L7-MIXCOAC,13,00:24:53,00:24:53
B_02300L7000_0,0,B_0200L7-BARRANCA,14,00:27:33,00:27:33
B_02300L7000_1,0,B_0200L7-BARRANCA,1,00:00:00,00:00:00
B_02300L7000_1,0,B_0200L7-MIXCOAC,2,00:02:40,00:02:40
B_02300L7000_1,0,B_0200L7-SANANTONIO,3,00:04:07,00:04:07
B_02300L7000_1,0,B_0200L7-SANPEDROPINOS,4,00:05:24,00:05:24
B_02300L7000_1,0,B_0200L7-TACUBAYA,5,00:07:25,00:07:25
B_02300L7000_1,0,B_0200L7-CONSTITUYENTES,6,00:09:18,00:09:18
B_02300L7000_1,0,B_0200L7-AUDITORIO,7,00:11:59,00:11:59
B_02300L7000_1,0,B_0200L7-POLANCO,8,00:13:23,00:13:23
B_02300L7000_1,0,B_0200L7-SANJOAQUIN,9,00:15:31,00:15:31
B_02300L7000_1,0,B_0200L7-TACUBA,10,00:18:05,00:18:05
B_02300L7000_1,0,B_0200L7-REFINERIA,11,00:20:27,00:20:27
B_02300L7000_1,0,B_0200L7-CAMARONES,12,00:22:11,00:22:11
B_02300L7000_1,0,B_0200L7-AQUILESSERD,13,00:24:37,00:24:37
B_02300L7000_1,0,B_0200L7-ELROSARIO,14,00:27:33,00:27:33
B_02300L8000_0,0,B_0200L8-GARIBALDI,1,00:00:00,00:00:00
B_02300L8000_0,0,B_0200L8-BELLASARTES,2,00:01:23,00:01:23
B_02300L8000_0,0,B_0200L8-SANJUANLETRAN,3,00:02:26,00:02:26
B_02300L8000_0,0,B_0200L8-SALTOAGUA,4,00:03:11,00:03:11
B_02300L8000_0,0,B_0200L8-DOCTORES,5,00:04:24,00:04:24
B_02300L8000_0,0,B_0200L8-OBRERA,6,00:06:01,00:06:01
B_02300L8000_0,0,B_0200L8-CHABACANO,7,00:08:17,00:08:17
B_02300L8000_0,0,B_0200L8-LAVIGA,8,00:09:58,00:09:58
B_02300L8000_0,0,B_0200L8-STAANITA,9,00:11:20,00:11:20
B_02300L8000_0,0,B_0200L8-COYUYA,10,00:13:22,00:13:22
B_02300L8000_0,0,B_0200L8-IZTACALCO,11,00:15:22,00:15:22
B_02300L8000_0,0,B_0200L8-APATLACO,12,00:17:13,00:17:13
B_02300L8000_0,0,B_0200L8-ACULCO,13,00:18:24,00:18:24
B_02300L8000_0,0,B_0200L8-ESCUADRON,14,00:20:03,00:20:03
B_02300L8000_0,0,B_0200L8-ATLALILCO,15,00:23:21,00:23:21
B_02300L8000_0,0,B_0200L8-IZTAPALAPA,16,00:24:50,00:24:50
B_02300L8000_0,0,B_0200L8-CERROESTRELLA,17,00:26:26,00:26:26
B_02300L8000_0,0,B_0200L8-UAM-I,18,00:28:38,00:28:38
B_02300L8000_0,0,B_0200L8-CONST1917,19,00:30:53,00:30:53
B_02300L8000_1,0,B_0200L8-CONST1917,1,00:00:00,00:00:00
B_02300L8000_1,0,B_0200L8-UAM-I,2,00:02:15,00:02:15
B_02300L8000_1,0,B_0200L8-CERROESTRELLA,3,00:04:27,00:04:27
B_02300L8000_1,0,B_0200L8-IZTAPALAPA,4,00:06:03,00:06:03
B_02300L8000_1,0,B_0200L8-ATLALILCO,5,00:07:32,00:07:32
B_02300L8000_1,0,B_0200L8-ESCUADRON,6,00:10:50,00:10:50
B_02300L8000_1,0,B_0200L8-ACULCO,7,00:12:29,00:12:29
B_02300L8000_1,0,B_0200L8-APATLACO,8,00:13:40,00:13:40
B_02300L8000_1,0,B_0200L8-IZTACALCO,9,00:15:31,00:15:31
B_02300L8000_1,0,B_0200L8-COYUYA,10,00:17:31,00:17:31
B_02300L8000_1,0,B_0200L8-STAANITA,11,00:19:33,00:19:33
B_02300L8000_1,0,B_0200L8-LAVIGA,12,00:20:55,00:20:55
B_02300L8000_1,0,B_0200L8-CHABACANO,13,00:22:36,00:22:36
B_02300L8000_1,0,B_0200L8-OBRERA,14,00:24:52,00:24:52
B_02300L8000_1,0,B_0200L8-DOCTORES,15,00:26:29,00:26:29
B_02300L8000_1,0,B_0200L8-SALTOAGUA,16,00:27:42,00:27:42
B_02300L8000_1,0,B_0200L8-SANJUANLETRAN,17,00:28:27,00:28:27
B_02300L8000_1,0,B_0200L8-BELLASARTES,18,00:29:30,00:29:30
B_02300L8000_1,0,B_0200L8-GARIBALDI,19,00:30:53,00:30:53
B_02300L9000_0,0,B_0200L9-PANTITLAN,1,00:00:00,00:00:00
B_02300L9000_0,0,B_0200L9-PUEBLA,2,00:02:47,00:02:47
B_02300L9000_0,0,B_0200L9-CIUDADDVA,3,00:04:29,00:04:29
B_02300L9000_0,0,B_0200L9-VELODROMO,4,00:06:46,00:06:46
B_02300L9000_0,0,B_0200L9-MIXIUHCA,5,00:08:38,00:08:38
B_02300L9000_0,0,B_0200L9-JAMAICA,6,00:10:25,00:10:25
B_02300L9000_0,0,B_0200L9-CHABACANO,7,00:12:37,00:12:37
B_02300L9000_0,0,B_0200L9-LAZAROCAR,8,00:14:40,00:14:40
B_02300L9000_0,0,B_0200L9-CENTROMEDICO,9,00:16:50,00:16:50
B_02300L9000_0,0,B_0200L9-CHILPANCINGO,10,00:19:12,00:19:12
B_02300L9000_0,0,B_0200L9-PATRIOTISMO,11,00:21:11,00:21:11
B_02300L9000_0,0,B_0200L9-TACUBAYA,12,00:23:21,00:23:21
B_02300L9000_1,0,B_0200L9-TACUBAYA,1,00:00:00,00:00:00
B_02300L9000_1,0,B_0200L9-PATRIOTISMO,2,00:02:47,00:02:47
B_02300L9000_1,0,B_0200L9-CHILPANCINGO,3,00:04:29,00:04:29
B_02300L9000_1,0,B_0200L9-CENTROMEDICO,4,00:06:46,00:06:46
B_02300L9000_1,0,B_0200L9-LAZAROCAR,5,00:08:38,00:08:38
B_02300L9000_1,0,B_0200L9-CHABACANO,6,00:10:25,00:10:25
B_02300L9000_1,0,B_0200L9-JAMAICA,7,00:12:37,00:12:37
B_02300L9000_1,0,B_0200L9-MIXIUHCA,8,00:14:40,00:14:40
B_02300L9000_1,0,B_0200L9-VELODROMO,9,00:16:50,00:16:50
B_02300L9000_1,0,B_0200L9-CIUDADDVA,10,00:19:12,00:19:12
B_02300L9000_1,0,B_0200L9-PUEBLA,11,00:21:11,00:21:11
B_02300L9000_1,0,B_0200L9-PANTITLAN,12,00:23:21,00:23:21
B_02300LA000_0,0,B_0200LA-PANTITLAN,1,00:00:00,00:00:00
B_02300LA000_0,0,B_0200LA-AGRICOLA,2,00:02:33,00:02:33
B_02300LA000_0,0,B_0200LA-CANALSANJUAN,3,00:04:36,00:04:36
B_02300LA000_0,0,B_0200LA-TEPALCATES,4,00:07:15,00:07:15
B_02300LA000_0,0,B_0200LA-GUELATAO,5,00:09:24,00:09:24
B_02300LA000_0,0,B_0200LA-PENONVIEJO,6,00:13:17,00:13:17
B_02300LA000_0,0,B_0200LA-ACATITLA,7,00:15:48,00:15:48
B_02300LA000_0,0,B_0200LA-STAMARTA,8,00:17:51,00:17:51
B_02300LA000_0,0,B_0200LA-LOSREYES,9,00:21:02,00:21:02
B_02300LA000_0,0,B_0200LA-LAPAZ,10,00:24:30,00:24:30
B_02300LA000_1,0,B_0200LA-LAPAZ,1,00:00:00,00:00:00
B_02300LA000_1,0,B_0200LA-LOSREYES,2,00:03:28,00:03:28
B_02300LA000_1,0,B_0200LA-STAMARTA,3,00:06:39,00:06:39
B_02300LA000_1,0,B_0200LA-ACATITLA,4,00:08:42,00:08:42
B_02300LA000_1,0,B_0200LA-PENONVIEJO,5,00:11:13,00:11:13
B_02300LA000_1,0,B_0200LA-GUELATAO,6,00:15:06,00:15:06
B_02300LA000_1,0,B_0200LA-TEPALCATES,7,00:17:15,00:17:15
B_02300LA000_1,0,B_0200LA-CANALSANJUAN,8,00:19:54,00:19:54
B_02300LA000_1,0,B_0200LA-AGRICOLA,9,00:21:57,00:21:57
B_02300LA000_1,0,B_0200LA-PANTITLAN,10,00:24:30,00:24:30
B_02300LB000_0,0,B_0200LB-BUENAVISTA,1,00:00:00,00:00:00
B_02300LB000_0,0,B_0200LB-GUERRERO,2,00:01:15,00:01:15
B_02300LB000_0,0,B_0200LB-GARIBALDI,3,00:02:55,00:02:55
B_02300LB000_0,0,B_0200LB-LAGUNILLA,4,00:04:26,00:04:26
B_02300LB000_0,0,B_0200LB-TEPITO,5,00:05:39,00:05:39
B_02300LB000_0,0,B_0200LB-MORELOS,6,00:06:52,00:06:52
B_02300LB000_0,0,B_0200LB-SANLAZARO,7,00:09:30,00:09:30
B_02300LB000_0,0,B_0200LB-RFLORESMAGON,8,00:11:32,00:11:32
B_02300LB000_0,0,B_0200LB-ROMERORUBIO,9,00:13:37,00:13:37
B_02300LB000_0,0,B_0200LB-OCEANIA,10,00:15:20,00:15:20
B_02300LB000_0,0,B_0200LB-DPVOOCEANIA,11,00:17:16,00:17:16
B_02300LB000_0,0,B_0200LB-BOSQUEARAGON,12,00:19:45,00:19:45
B_02300LB000_0,0,B_0200LB-VILLAARAGON,13,00:21:31,00:21:31
B_02300LB000_0,0,B_0200LB-NEZAHUALCO,14,00:24:20,00:24:20
B_02300LB000_0,0,B_0200LB-IMPULSORA,15,00:27:15,00:27:15
B_02300LB000_0,0,B_0200LB-RIOREMEDIOS,16,00:28:22,00:28:22
B_02300LB000_0,0,B_0200LB-MUZQUIZ,17,00:30:49,00:30:49
B_02300LB000_0,0,B_0200LB-ECATEPEC,18,00:33:55,00:33:55
B_02300LB000_0,0,B_0200LB-OLIMPICA,19,00:35:20,00:35:20
B_02300LB000_0,0,B_0200LB-PLAZAARAGON,20,00:36:57,00:36:57
B_02300LB000_0,0,B_0200LB-CIUDADAZTECA,21,00:38:19,00:38:19
B_02300LB000_1,0,B_0200LB-CIUDADAZTECA,1,00:00:00,00:00:00
B_02300LB000_1,0,B_0200LB-PLAZAARAGON,2,00:01:22,00:01:22
B_02300LB000_1,0,B_0200LB-OLIMPICA,3,00:02:59,00:02:59
B_02300LB000_1,0,B_0200LB-ECATEPEC,4,00:04:24,00:04:24
B_02300LB000_1,0,B_0200LB-MUZQUIZ,5,00:07:30,00:07:30
B_02300LB000_1,0,B_0200LB-RIOREMEDIOS,6,00:09:57,00:09:57
B_02300LB000_1,0,B_0200LB-IMPULSORA,7,00:11:04,00:11:04
B_02300LB000_1,0,B_0200LB-NEZAHUALCO,8,00:13:59,00:13:59
B_02300LB000_1,0,B_0200LB-VILLAARAGON,9,00:16:48,00:16:48
B_02300LB000_1,0,B_0200LB-BOSQUEARAGON,10,00:18:34,00:18:34
B_02300LB000_1,0,B_0200LB-DPVOOCEANIA,11,00:21:03,00:21:03
B_02300LB000_1,0,B_0200LB-OCEANIA,12,00:22:59,00:22:59
B_02300LB000_1,0,B_0200LB-ROMERORUBIO,13,00:24:42,00:24:42
B_02300LB000_1,0,B_0200LB-RFLORESMAGON,14,00:26:47,00:26:47
B_02300LB000_1,0,B_0200LB-SANLAZARO,15,00:28:49,00:28:49
B_02300LB000_1,0,B_0200LB-MORELOS,16,00:31:27,00:31:27
B_02300LB000_1,0,B_0200LB-TEPITO,17,00:32:40,00:32:40
B_02300LB000_1,0,B_0200LB-LAGUNILLA,18,00:33:53,00:33:53
B_02300LB000_1,0,B_0200LB-GARIBALDI,19,00:35:24,00:35:24
B_02300LB000_1,0,B_0200LB-GUERRERO,20,00:37:04,00:37:04
B_02300LB000_1,0,B_0200LB-BUENAVISTA,21,00:38:19,00:38:19
B_0230L12000_0,0,B_020L12-MIXCOAC,1,00:00:00,00:00:00
B_0230L12000_0,0,B_020L12-INSURGENTESSUR,2,00:02:05,00:02:05
B_0230L12000_0,0,B_020L12-HOSPITAL20,3,00:03:53,00:03:53
B_0230L12000_0,0,B_020L12-ZAPATA,4,00:05:10,00:05:10
B_0230L12000_0,0,B_020L12-PARQUEVENADOS,5,00:06:50,00:06:50
B_0230L12000_0,0,B_020L12-EJECENTRAL,6,00:10:08,00:10:08
B_0230L12000_0,0,B_020L12-ERMITA,7,00:12:30,00:12:30
B_0230L12000_0,0,B_020L12-MEXICALTZINGO,8,00:16:56,00:16:56
B_0230L12000_0,0,B_020L12-ATLALILCO,9,00:21:43,00:21:43
B_0230L12000_0,0,B_020L12-CULHUACAN,10,00:25:46,00:25:46
B_0230L12000_0,0,B_020L12-SANANDRESTO,11,00:28:22,00:28:22
B_0230L12000_0,0,B_020L12-LOMASESTRELLA,12,00:31:07,00:31:07
B_0230L12000_0,0,B_020L12-CALLE11,13,00:33:30,00:33:30
B_0230L12000_0,0,B_020L12-PERIFERICOOTE,14,00:36:21,00:36:21
B_0230L12000_0,0,B_020L12-TEZONCO,15,00:40:12,00:40:12
B_0230L12000_0,0,B_020L12-OLIVOS,16,00:41:39,00:41:39
B_0230L12000_0,0,B_020L12-NOPALERA,17,00:45:05,00:45:05
B_0230L12000_0,0,B_020L12-ZAPOTITLAN,18,00:48:18,00:48:18
B_0230L12000_0,0,B_020L12-TLALTENCO,19,00:51:11,00:51:11
B_0230L12000_0,0,B_020L12-TLAHUAC,20,00:54:28,00:54:28
B_0230L12000_1,0,B_020L12-TLAHUAC,1,00:00:00,00:00:00
B_0230L12000_1,0,B_020L12-TLALTENCO,2,00:03:17,00:03:17
B_0230L12000_1,0,B_020L12-ZAPOTITLAN,3,00:06:10,00:06:10
B_0230L12000_1,0,B_020L12-NOPALERA,4,00:09:23,00:09:23
B_0230L12000_1,0,B_020L12-OLIVOS,5,00:12:49,00:12:49
B_0230L12000_1,0,B_020L12-TEZONCO,6,00:14:16,00:14:16
B_0230L12000_1,0,B_020L12-PERIFERICOOTE,7,00:18:07,00:18:07
B_0230L12000_1,0,B_020L12-CALLE11,8,00:20:58,00:20:58
B_0230L12000_1,0,B_020L12-LOMASESTRELLA,9,00:23:21,00:23:21
B_0230L12000_1,0,B_020L12-SANANDRESTO,10,00:26:06,00:26:06
B_0230L12000_1,0,B_020L12-CULHUACAN,11,00:28:42,00:28:42
B_0230L12000_1,0,B_020L12-ATLALILCO,12,00:32:45,00:32:45
B_0230L12000_1,0,B_020L12-MEXICALTZINGO,13,00:37:32,00:37:32
B_0230L12000_1,0,B_020L12-ERMITA,14,00:41:58,00:41:58
B_0230L12000_1,0,B_020L12-EJECENTRAL,15,00:44:20,00:44:20
B_0230L12000_1,0,B_020L12-PARQUEVENADOS,16,00:47:38,00:47:38
B_0230L12000_1,0,B_020L12-ZAPATA,17,00:49:18,00:49:18
B_0230L12000_1,0,B_020L12-HOSPITAL20,18,00:50:35,00:50:35
B_0230L12000_1,0,B_020L12-INSURGENTESSUR,19,00:52:23,00:52:23
B_0230L12000_1,0,B_020L12-MIXCOAC,20,00:54:28,00:54:28
B_03000L2005_0,0,B_0300L1-DRGALVEZ,1,00:00:00,00:00:00
B_03000L2005_0,0,B_0300L1-BOMBILLA,2,00:02:32,00:02:32
B_03000L2005_0,0,B_0300L1-ALTAVISTA,3,00:04:12,00:04:12
B_03000L2005_0,0,B_0300L1-OLIVO,4,00:05:43,00:05:43
B_03000L2005_0,0,B_0300L1-FRANCIA,5,00:07:17,00:07:17
B_03000L2005_0,0,B_0300L1-JOSEMRIAVELAS,6,00:08:37,00:08:37
B_03000L2005_0,0,B_0300L1-TEATROINSURG,7,00:09:54,00:09:54
B_03000L2005_0,0,B_0300L1-RIOCHURU,8,00:11:28,00:11:28
B_03000L2005_0,0,B_0300L1-FELIXCUEVAS,9,00:13:42,00:13:42
B_03000L2005_0,0,B_0300L1-PARQUEHUND,10,00:15:53,00:15:53
B_03000L2005_0,0,B_0300L1-CIUDADDEPORTES,11,00:17:03,00:17:03
B_03000L2005_0,0,B_0300L1-COLDELVALLE,12,00:18:22,00:18:22
B_03000L2005_0,0,B_0300L1-NAPOLES,13,00:20:00,00:20:00
B_03000L2005_0,0,B_0300L1-POLIFORUM,14,00:21:28,00:21:28
B_03000L2005_0,0,B_0300L1-LAPIEDAD,15,00:23:22,00:23:22
B_03000L2005_0,0,B_0300L1-NVOLEON,16,00:25:02,00:25:02
B_03000L2005_0,0,B_0300L2-VIADUCTO,17,00:26:46,00:26:46
B_03000L2005_0,0,B_0300L2-AMORES,18,00:29:21,00:29:21
B_03000L2005_0,0,B_0300L2-ETIOPIA,19,00:32:39,00:32:39
B_03000L2005_0,0,B_0300L2-DRVERTIZ,20,00:33:52,00:33:52
B_03000L2005_0,0,B_0300L2-CENTROSCOP,21,00:35:42,00:35:42
B_03000L2005_0,0,B_0300L2-ALAMOS,22,00:37:08,00:37:08
B_03000L2005_0,0,B_0300L2-XOLA,23,00:38:08,00:38:08
B_03000L2005_0,0,B_0300L2-AMERICAS,24,00:40:21,00:40:21
B_03000L2005_0,0,B_0300L2-ANDRESMOLI,25,00:43:11,00:43:11
B_03000L2005_0,0,B_0300L2-LAVIGA,26,00:45:05,00:45:05
B_03000L2005_0,0,B_0300L2-COYUYA,27,00:47:58,00:47:58
B_03000L2005_0,0,B_0300L2-METROCOYUYA,28,00:49:08,00:49:08
B_03000L2005_0,0,B_0300L2-CANELA,29,00:50:44,00:50:44
B_03000L2005_0,0,B_0300L2-TLACOTAL,30,00:52:45,00:52:45
B_03000L2005_0,0,B_0300L2-GOMA,31,00:54:12,00:54:12
B_03000L2005_0,0,B_0300L2-IZTACALCO,32,00:55:42,00:55:42
B_03000L2005_0,0,B_0300L2-UPIICSA,33,00:58:03,00:58:03
B_03000L2005_0,0,B_0300L2-RODEO,34,00:59:34,00:59:34
B_03000L2005_0,0,B_0300L2-RIOTECOLUTLA,35,01:01:20,01:01:20
B_03000L2005_0,0,B_0300L2-RIOMAYO,36,01:02:45,01:02:45
B_03000L2005_0,0,B_0300L2-ROJOGOMEZ,37,01:04:24,01:04:24
B_03000L2005_1,0,B_0300L2-ROJOGOMEZ,1,00:00:00,00:00:00
B_03000L2005_1,0,B_0300L2-RIOMAYO,2,00:01:39,00:01:39
B_03000L2005_1,0,B_0300L2-RIOTECOLUTLA,3,00:03:04,00:03:04
B_03000L2005_1,0,B_0300L2-RODEO,4,00:04:50,00:04:50
B_03000L2005_1,0,B_0300L2-UPIICSA,5,00:06:21,00:06:21
B_03000L2005_1,0,B_0300L2-IZTACALCO,6,00:08:42,00:08:42
B_03000L2005_1,0,B_0300L2-GOMA,7,00:10:12,00:10:12
B_03000L2005_1,0,B_0300L2-TLACOTAL,8,00:11:39,00:11:39
B_03000L2005_1,0,B_0300L2-CANELA,9,00:13:40,00:13:40
B_03000L2005_1,0,B_0300L2-METROCOYUYA,10,00:15:16,00:15:16
B_03000L2005_1,0,B_0300L2-COYUYA,11,00:16:26,00:16:26
B_03000L2005_1,0,B_0300L2-LAVIGA,12,00:19:19,00:19:19
B_03000L2005_1,0,B_0300L2-ANDRESMOLI,13,00:21:14,00:21:14
B_03000L2005_1,0,B_0300L2-AMERICAS,14,00:24:03,00:24:03
B_03000L2005_1,0,B_0300L2-XOLA,15,00:26:16,00:26:16
B_03000L2005_1,0,B_0300L2-ALAMOS,16,00:27:16,00:27:16
B_03000L2005_1,0,B_0300L2-CENTROSCOP,17,00:28:42,00:28:42
B_03000L2005_1,0,B_0300L2-DRVERTIZ,18,00:30:32,00:30:32
B_03000L2005_1,0,B_0300L2-ETIOPIA,19,00:31:45,00:31:45
B_03000L2005_1,0,B_0300L2-AMORES,20,00:35:03,00:35:03
B_03000L2005_1,0,B_0300L2-VIADUCTO,21,00:37:38,00:37:38
B_03000L2005_1,0,B_0300L1-NVOLEON,22,00:39:22,00:39:22
B_03000L2005_1,0,B_0300L1-LAPIEDAD,23,00:41:02,00:41:02
B_03000L2005_1,0,B_0300L1-POLIFORUM,24,00:42:56,00:42:56
B_03000L2005_1,0,B_0300L1-NAPOLES,25,00:44:24,00:44:24
B_03000L2005_1,0,B_0300L1-COLDELVALLE,26,00:46:02,00:46:02
B_03000L2005_1,0,B_0300L1-CIUDADDEPORTES,27,00:47:21,00:47:21
B_03000L2005_1,0,B_0300L1-PARQUEHUND,28,00:48:31,00:48:31
B_03000L2005_1,0,B_0300L1-FELIXCUEVAS,29,00:50:42,00:50:42
B_03000L2005_1,0,B_0300L1-RIOCHURU,30,00:52:56,00:52:56
B_03000L2005_1,0,B_0300L1-TEATROINSURG,31,00:54:30,00:54:30
B_03000L2005_1,0,B_0300L1-JOSEMRIAVELAS,32,00:55:47,00:55:47
B_03000L2005_1,0,B_0300L1-FRANCIA,33,00:57:07,00:57:07
B_03000L2005_1,0,B_0300L1-OLIVO,34,00:58:41,00:58:41
B_03000L2005_1,0,B_0300L1-ALTAVISTA,35,01:00:12,01:00:12
B_03000L2005_1,0,B_0300L1-BOMBILLA,36,01:01:52,01:01:52
B_03000L2005_1,0,B_0300L1-DRGALVEZ,37,01:04:24,01:04:24
B_03000L2006_0,0,B_0300L2-RIOFRIO,1,00:00:00,00:00:00
B_03000L2006_0,0,B_0300L2-ROJOGOMEZ,2,00:01:54,00:01:54
B_03000L2006_0,0,B_0300L2-RIOMAYO,3,00:03:33,00:03:33
B_03000L2006_0,0,B_0300L2-RIOTECOLUTLA,4,00:04:58,00:04:58
B_03000L2006_0,0,B_0300L2-RODEO,5,00:06:44,00:06:44
B_03000L2006_0,0,B_0300L2-UPIICSA,6,00:08:15,00:08:15
B_03000L2006_0,0,B_0300L2-IZTACALCO,7,00:10:36,00:10:36
B_03000L2006_0,0,B_0300L2-GOMA,8,00:12:06,00:12:06
B_03000L2006_0,0,B_0300L2-TLACOTAL,9,00:13:33,00:13:33
B_03000L2006_0,0,B_0300L2-CANELA,10,00:15:34,00:15:34
B_03000L2006_0,0,B_0300L2-METROCOYUYA,11,00:17:10,00:17:10
B_03000L2006_0,0,B_0300L2-COYUYA,12,00:18:20,00:18:20
B_03000L2006_0,0,B_0300L2-LAVIGA,13,00:21:13,00:21:13
B_03000L2006_0,0,B_0300L2-ANDRESMOLI,14,00:23:08,00:23:08
B_03000L2006_0,0,B_0300L2-AMERICAS,15,00:25:57,00:25:57
B_03000L2006_0,0,B_0300L2-XOLA,16,00:28:10,00:28:10
B_03000L2006_0,0,B_0300L2-ALAMOS,17,00:29:10,00:29:10
B_03000L2006_0,0,B_0300L2-CENTROSCOP,18,00:30:36,00:30:36
B_03000L2006_0,0,B_0300L2-DRVERTIZ,19,00:32:26,00:32:26
B_03000L2006_0,0,B_0300L2-ETIOPIA,20,00:33:39,00:33:39
B_03000L2006_0,0,B_0300L3-ETIOPIA,21,00:34:26,00:34:26
B_03000L2006_0,0,B_0300L3-OBREROMUNDIAL,22,00:36:01,00:36:01
B_03000L2006_0,0,B_0300L3-CENTROMEDICO,23,00:38:27,00:38:27
B_03000L2006_0,0,B_0300L3-DRMARQUEZ,24,00:39:57,00:39:57
B_03000L2006_0,0,B_0300L3-HOSPGENERAL,25,00:41:15,00:41:15
B_03000L2006_0,0,B_0300L3-JARDINPUSHK,26,00:43:35,00:43:35
B_03000L2006_0,0,B_0300L3-CUAUHTEMOC,27,00:45:22,00:45:22
B_03000L2006_0,0,B_0300L3-BALDERAS,28,00:48:17,00:48:17
B_03000L2006_0,0,B_0300L3-JUAREZ,29,00:49:34,00:49:34
B_03000L2006_1,0,B_0300L3-JUAREZ,1,00:00:00,00:00:00
B_03000L2006_1,0,B_0300L3-BALDERAS,2,00:04:13,00:04:13
B_03000L2006_1,0,B_0300L3-CUAUHTEMOC,3,00:06:43,00:06:43
B_03000L2006_1,0,B_0300L3-JARDINPUSHK,4,00:08:30,00:08:30
B_03000L2006_1,0,B_0300L3-HOSPGENERAL,5,00:10:50,00:10:50
B_03000L2006_1,0,B_0300L3-DRMARQUEZ,6,00:12:08,00:12:08
B_03000L2006_1,0,B_0300L3-CENTROMEDICO,7,00:13:38,00:13:38
B_03000L2006_1,0,B_0300L3-OBREROMUNDIAL,8,00:16:04,00:16:04
B_03000L2006_1,0,B_0300L3-ETIOPIA,9,00:17:39,00:17:39
B_03000L2006_1,0,B_0300L2-ETIOPIA,10,00:18:25,00:18:25
B_03000L2006_1,0,B_0300L2-DRVERTIZ,11,00:19:38,00:19:38
B_03000L2006_1,0,B_0300L2-CENTROSCOP,12,00:21:28,00:21:28
B_03000L2006_1,0,B_0300L2-ALAMOS,13,00:22:53,00:22:53
B_03000L2006_1,0,B_0300L2-XOLA,14,00:23:53,00:23:53
B_03000L2006_1,0,B_0300L2-AMERICAS,15,00:26:06,00:26:06
B_03000L2006_1,0,B_0300L2-ANDRESMOLI,16,00:28:56,00:28:56
B_03000L2006_1,0,B_0300L2-LAVIGA,17,00:30:50,00:30:50
B_03000L2006_1,0,B_0300L2-COYUYA,18,00:33:43,00:33:43
B_03000L2006_1,0,B_0300L2-METROCOYUYA,19,00:34:53,00:34:53
B_03000L2006_1,0,B_0300L2-CANELA,20,00:36:29,00:36:29
B_03000L2006_1,0,B_0300L2-TLACOTAL,21,00:38:30,00:38:30
B_03000L2006_1,0,B_0300L2-GOMA,22,00:39:57,00:39:57
B_03000L2006_1,0,B_0300L2-IZTACALCO,23,00:41:27,00:41:27
B_03000L2006_1,0,B_0300L2-UPIICSA,24,00:43:48,00:43:48
B_03000L2006_1,0,B_0300L2-RODEO,25,00:45:19,00:45:19
B_03000L2006_1,0,B_0300L2-RIOTECOLUTLA,26,00:47:05,00:47:05
B_03000L2006_1,0,B_0300L2-RIOMAYO,27,00:48:30,00:48:30
B_03000L2006_1,0,B_0300L2-ROJOGOMEZ,28,00:50:09,00:50:09
B_03000L2006_1,0,B_0300L2-RIOFRIO,29,00:57:02,00:57:02
B_03100L1000_0,0,B_0300L1-INDIOSVERDES,1,00:00:00,00:00:00
B_03100L1000_0,0,B_0300L1-DVO18MARZO,2,00:05:44,00:05:44
B_03100L1000_0,0,B_0300L1-EUZKARO,3,00:07:26,00:07:26
B_03100L1000_0,0,B_0300L1-POTRERO,4,00:10:05,00:10:05
B_03100L1000_0,0,B_0300L1-LARAZA,5,00:13:40,00:13:40
B_03100L1000_0,0,B_0300L1-CIRCUITO,6,00:16:26,00:16:26
B_03100L1000_0,0,B_0300L1-SANSIMON,7,00:17:46,00:17:46
B_03100L1000_0,0,B_0300L1-MANUELGLEZ,8,00:19:01,00:19:01
B_03100L1000_0,0,B_0300L1-BUENAVISTA,9,00:23:08,00:23:08
B_03100L1000_0,0,B_0300L1-ELCHOPO,10,00:24:27,00:24:27
B_03100L1000_0,0,B_0300L1-REVOLUCION,11,00:25:34,00:25:34
B_03100L1000_0,0,B_0300L1-PLAZAREPU,12,00:27:14,00:27:14
B_03100L1000_0,0,B_0300L1-REFORMA,13,00:28:27,00:28:27
B_03100L1000_0,0,B_0300L1-HAMBURGO,14,00:30:33,00:30:33
B_03100L1000_0,0,B_0300L1-GLORIETA-0,15,00:32:00,00:32:00
B_03100L1000_0,0,B_0300L1-DURANGO,16,00:33:40,00:33:40
B_03100L1000_0,0,B_0300L1-ALVAROOBRE,17,00:34:55,00:34:55
B_03100L1000_0,0,B_0300L1-SONORA,18,00:36:08,00:36:08
B_03100L1000_0,0,B_0300L1-CAMPECHE,19,00:37:26,00:37:26
B_03100L1000_0,0,B_0300L1-CHILPANCINGO,20,00:38:37,00:38:37
B_03100L1000_0,0,B_0300L1-NVOLEON,21,00:40:18,00:40:18
B_03100L1000_0,0,B_0300L1-LAPIEDAD,22,00:41:49,00:41:49
B_03100L1000_0,0,B_0300L1-POLIFORUM,23,00:43:33,00:43:33
B_03100L1000_0,0,B_0300L1-NAPOLES,24,00:44:53,00:44:53
B_03100L1000_0,0,B_0300L1-COLDELVALLE,25,00:46:22,00:46:22
B_03100L1000_0,0,B_0300L1-CIUDADDEPORTES,26,00:47:34,00:47:34
B_03100L1000_0,0,B_0300L1-PARQUEHUND,27,00:48:38,00:48:38
B_03100L1000_0,0,B_0300L1-FELIXCUEVAS,28,00:50:37,00:50:37
B_03100L1000_0,0,B_0300L1-RIOCHURU,29,00:52:39,00:52:39
B_03100L1000_0,0,B_0300L1-TEATROINSURG,30,00:54:05,00:54:05
B_03100L1000_0,0,B_0300L1-JOSEMRIAVELAS,31,00:55:16,00:55:16
B_03100L1000_0,0,B_0300L1-FRANCIA,32,00:56:29,00:56:29
B_03100L1000_0,0,B_0300L1-OLIVO,33,00:57:55,00:57:55
B_03100L1000_0,0,B_0300L1-ALTAVISTA,34,00:59:18,00:59:18
B_03100L1000_0,0,B_0300L1-BOMBILLA,35,01:00:49,01:00:49
B_03100L1000_0,0,B_0300L1-DRGALVEZ,36,01:03:08,01:03:08
B_03100L1000_0,0,B_0300L1-CU,37,01:09:33,01:09:33
B_03100L1000_0,0,B_0300L1-CCU,38,01:12:21,01:12:21
B_03100L1000_0,0,B_0300L1-PERISUR,39,01:16:19,01:16:19
B_03100L1000_0,0,B_0300L1-VILLAOLIMPICA,40,01:18:07,01:18:07
B_03100L1000_0,0,B_0300L1-CORREGIDORA,41,01:20:48,01:20:48
B_03100L1000_0,0,B_0300L1-AYUNTAMIENTO,42,01:22:05,01:22:05
B_03100L1000_0,0,B_0300L1-FUENTESBROTAN,43,01:24:31,01:24:31
B_03100L1000_0,0,B_0300L1-STAURSULA,44,01:26:20,01:26:20
B_03100L1000_0,0,B_0300L1-LAJOYA,45,01:28:27,01:28:27
B_03100L1000_0,0,B_0300L1-CAMINERO,46,01:30:01,01:30:01
B_03100L1000_1,0,B_0300L1-CAMINERO,1,00:00:00,00:00:00
B_03100L1000_1,0,B_0300L1-LAJOYA,2,00:00:37,00:00:37
B_03100L1000_1,0,B_0300L1-STAURSULA,3,00:02:43,00:02:43
B_03100L1000_1,0,B_0300L1-FUENTESBROTAN,4,00:04:31,00:04:31
B_03100L1000_1,0,B_0300L1-AYUNTAMIENTO,5,00:06:58,00:06:58
B_03100L1000_1,0,B_0300L1-CORREGIDORA,6,00:08:15,00:08:15
B_03100L1000_1,0,B_0300L1-VILLAOLIMPICA,7,00:10:54,00:10:54
B_03100L1000_1,0,B_0300L1-PERISUR,8,00:12:42,00:12:42
B_03100L1000_1,0,B_0300L1-CCU,9,00:16:40,00:16:40
B_03100L1000_1,0,B_0300L1-CU,10,00:19:28,00:19:28
B_03100L1000_1,0,B_0300L1-DRGALVEZ,11,00:25:52,00:25:52
B_03100L1000_1,0,B_0300L1-BOMBILLA,12,00:28:11,00:28:11
B_03100L1000_1,0,B_0300L1-ALTAVISTA,13,00:29:42,00:29:42
B_03100L1000_1,0,B_0300L1-OLIVO,14,00:31:05,00:31:05
B_03100L1000_1,0,B_0300L1-FRANCIA,15,00:32:31,00:32:31
B_03100L1000_1,0,B_0300L1-JOSEMRIAVELAS,16,00:33:44,00:33:44
B_03100L1000_1,0,B_0300L1-TEATROINSURG,17,00:34:55,00:34:55
B_03100L1000_1,0,B_0300L1-RIOCHURU,18,00:36:21,00:36:21
B_03100L1000_1,0,B_0300L1-FELIXCUEVAS,19,00:38:23,00:38:23
B_03100L1000_1,0,B_0300L1-PARQUEHUND,20,00:40:22,00:40:22
B_03100L1000_1,0,B_0300L1-CIUDADDEPORTES,21,00:41:26,00:41:26
B_03100L1000_1,0,B_0300L1-COLDELVALLE,22,00:42:38,00:42:38
B_03100L1000_1,0,B_0300L1-NAPOLES,23,00:44:07,00:44:07
B_03100L1000_1,0,B_0300L1-POLIFORUM,24,00:45:28,00:45:28
B_03100L1000_1,0,B_0300L1-LAPIEDAD,25,00:47:12,00:47:12
B_03100L1000_1,0,B_0300L1-NVOLEON,26,00:48:43,00:48:43
B_03100L1000_1,0,B_0300L1-CHILPANCINGO,27,00:50:24,00:50:24
B_03100L1000_1,0,B_0300L1-CAMPECHE,28,00:51:35,00:51:35
B_03100L1000_1,0,B_0300L1-SONORA,29,00:52:53,00:52:53
B_03100L1000_1,0,B_0300L1-ALVAROOBRE,30,00:54:06,00:54:06
B_03100L1000_1,0,B_0300L1-DURANGO,31,00:55:21,00:55:21
B_03100L1000_1,0,B_0300L1-GLORIETA-1,32,00:56:45,00:56:45
B_03100L1000_1,0,B_0300L1-HAMBURGO,33,00:58:23,00:58:23
B_03100L1000_1,0,B_0300L1-REFORMA,34,01:00:29,01:00:29
B_03100L1000_1,0,B_0300L1-PLAZAREPU,35,01:01:42,01:01:42
B_03100L1000_1,0,B_0300L1-REVOLUCION,36,01:03:22,01:03:22
B_03100L1000_1,0,B_0300L1-ELCHOPO,37,01:04:29,01:04:29
B_03100L1000_1,0,B_0300L1-BUENAVISTA,38,01:05:48,01:05:48
B_03100L1000_1,0,B_0300L1-MANUELGLEZ,39,01:09:53,01:09:53
B_03100L1000_1,0,B_0300L1-SANSIMON,40,01:11:08,01:11:08
B_03100L1000_1,0,B_0300L1-CIRCUITO,41,01:12:28,01:12:28
B_03100L1000_1,0,B_0300L1-LARAZA,42,01:15:14,01:15:14
B_03100L1000_1,0,B_0300L1-POTRERO,43,01:18:49,01:18:49
B_03100L1000_1,0,B_0300L1-EUZKARO,44,01:21:28,01:21:28
B_03100L1000_1,0,B_0300L1-DVO18MARZO,45,01:23:10,01:23:10
B_03100L1000_1,0,B_0300L1-INDIOSVERDES,46,01:29:03,01:29:03
B_03100L1001_0,0,B_0300L1-INDIOSVERDES,1,00:00:00,00:00:00
B_03100L1001_0,0,B_0300L1-DVO18MARZO,2,00:05:44,00:05:44
B_03100L1001_0,0,B_0300L1-EUZKARO,3,00:07:26,00:07:26
B_03100L1001_0,0,B_0300L1-POTRERO,4,00:10:05,00:10:05
B_03100L1001_0,0,B_0300L1-LARAZA,5,00:13:40,00:13:40
B_03100L1001_0,0,B_0300L1-CIRCUITO,6,00:16:26,00:16:26
B_03100L1001_0,0,B_0300L1-SANSIMON,7,00:17:46,00:17:46
B_03100L1001_0,0,B_0300L1-MANUELGLEZ,8,00:19:01,00:19:01
B_03100L1001_0,0,B_0300L1-BUENAVISTA,9,00:23:10,00:23:10
B_03100L1001_0,0,B_0300L1-ELCHOPO,10,00:24:29,00:24:29
B_03100L1001_0,0,B_0300L1-REVOLUCION,11,00:25:36,00:25:36
B_03100L1001_0,0,B_0300L1-PLAZAREPU,12,00:27:16,00:27:16
B_03100L1001_0,0,B_0300L1-REFORMA,13,00:28:29,00:28:29
B_03100L1001_0,0,B_0300L1-HAMBURGO,14,00:30:35,00:30:35
B_03100L1001_0,0,B_0300L1-GLORIETA-0,15,00:32:02,00:32:02
B_03100L1001_1,0,B_0300L1-GLORIETA-1,1,00:00:00,00:00:00
B_03100L1001_1,0,B_0300L1-HAMBURGO,2,00:01:38,00:01:38
B_03100L1001_1,0,B_0300L1-REFORMA,3,00:03:44,00:03:44
B_03100L1001_1,0,B_0300L1-PLAZAREPU,4,00:04:57,00:04:57
B_03100L1001_1,0,B_0300L1-REVOLUCION,5,00:06:37,00:06:37
B_03100L1001_1,0,B_0300L1-ELCHOPO,6,00:07:44,00:07:44
B_03100L1001_1,0,B_0300L1-BUENAVISTA,7,00:09:03,00:09:03
B_03100L1001_1,0,B_0300L1-MANUELGLEZ,8,00:13:08,00:13:08
B_03100L1001_1,0,B_0300L1-SANSIMON,9,00:14:23,00:14:23
B_03100L1001_1,0,B_0300L1-CIRCUITO,10,00:15:43,00:15:43
B_03100L1001_1,0,B_0300L1-LARAZA,11,00:18:29,00:18:29
B_03100L1001_1,0,B_0300L1-POTRERO,12,00:22:04,00:22:04
B_03100L1001_1,0,B_0300L1-EUZKARO,13,00:24:43,00:24:43
B_03100L1001_1,0,B_0300L1-DVO18MARZO,14,00:26:25,00:26:25
B_03100L1001_1,0,B_0300L1-INDIOSVERDES,15,00:32:19,00:32:19
B_03100L1002_0,0,B_0300L1-INDIOSVERDES,1,00:00:00,00:00:00
B_03100L1002_0,0,B_0300L1-DVO18MARZO,2,00:02:19,00:02:19
B_03100L1002_0,0,B_0300L1-EUZKARO,3,00:03:50,00:03:50
B_03100L1002_0,0,B_0300L1-POTRERO,4,00:05:13,00:05:13
B_03100L1002_0,0,B_0300L1-LARAZA,5,00:06:39,00:06:39
B_03100L1002_0,0,B_0300L1-CIRCUITO,6,00:07:52,00:07:52
B_03100L1002_0,0,B_0300L1-SANSIMON,7,00:09:03,00:09:03
B_03100L1002_0,0,B_0300L1-MANUELGLEZ,8,00:10:29,00:10:29
B_03100L1002_0,0,B_0300L1-BUENAVISTA,9,00:12:31,00:12:31
B_03100L1002_0,0,B_0300L1-ELCHOPO,10,00:14:30,00:14:30
B_03100L1002_0,0,B_0300L1-REVOLUCION,11,00:15:34,00:15:34
B_03100L1002_0,0,B_0300L1-PLAZAREPU,12,00:16:46,00:16:46
B_03100L1002_0,0,B_0300L1-REFORMA,13,00:18:15,00:18:15
B_03100L1002_0,0,B_0300L1-HAMBURGO,14,00:19:35,00:19:35
B_03100L1002_0,0,B_0300L1-GLORIETA-0,15,00:21:19,00:21:19
B_03100L1002_0,0,B_0300L1-DURANGO,16,00:22:50,00:22:50
B_03100L1002_0,0,B_0300L1-ALVAROOBRE,17,00:24:31,00:24:31
B_03100L1002_0,0,B_0300L1-SONORA,18,00:25:42,00:25:42
B_03100L1002_0,0,B_0300L1-CAMPECHE,19,00:27:00,00:27:00
B_03100L1002_0,0,B_0300L1-CHILPANCINGO,20,00:28:13,00:28:13
B_03100L1002_0,0,B_0300L1-NVOLEON,21,00:29:28,00:29:28
B_03100L1002_0,0,B_0300L1-LAPIEDAD,22,00:31:08,00:31:08
B_03100L1002_0,0,B_0300L1-POLIFORUM,23,00:32:35,00:32:35
B_03100L1002_0,0,B_0300L1-NAPOLES,24,00:34:41,00:34:41
B_03100L1002_0,0,B_0300L1-COLDELVALLE,25,00:35:54,00:35:54
B_03100L1002_0,0,B_0300L1-CIUDADDEPORTES,26,00:37:34,00:37:34
B_03100L1002_0,0,B_0300L1-PARQUEHUND,27,00:38:41,00:38:41
B_03100L1002_0,0,B_0300L1-FELIXCUEVAS,28,00:40:00,00:40:00
B_03100L1002_0,0,B_0300L1-RIOCHURU,29,00:44:08,00:44:08
B_03100L1002_0,0,B_0300L1-TEATROINSURG,30,00:45:23,00:45:23
B_03100L1002_0,0,B_0300L1-JOSEMRIAVELAS,31,00:46:43,00:46:43
B_03100L1002_0,0,B_0300L1-FRANCIA,32,00:49:28,00:49:28
B_03100L1002_0,0,B_0300L1-OLIVO,33,00:53:03,00:53:03
B_03100L1002_0,0,B_0300L1-ALTAVISTA,34,00:55:42,00:55:42
B_03100L1002_0,0,B_0300L1-BOMBILLA,35,00:57:24,00:57:24
B_03100L1002_0,0,B_0300L1-DRGALVEZ,36,01:03:08,01:03:08
B_03100L1002_1,0,B_0300L1-DRGALVEZ,1,00:00:00,00:00:00
B_03100L1002_1,0,B_0300L1-BOMBILLA,2,00:02:19,00:02:19
B_03100L1002_1,0,B_0300L1-ALTAVISTA,3,00:03:50,00:03:50
B_03100L1002_1,0,B_0300L1-OLIVO,4,00:05:13,00:05:13
B_03100L1002_1,0,B_0300L1-FRANCIA,5,00:06:39,00:06:39
B_03100L1002_1,0,B_0300L1-JOSEMRIAVELAS,6,00:07:52,00:07:52
B_03100L1002_1,0,B_0300L1-TEATROINSURG,7,00:09:03,00:09:03
B_03100L1002_1,0,B_0300L1-RIOCHURU,8,00:10:29,00:10:29
B_03100L1002_1,0,B_0300L1-FELIXCUEVAS,9,00:12:31,00:12:31
B_03100L1002_1,0,B_0300L1-PARQUEHUND,10,00:14:30,00:14:30
B_03100L1002_1,0,B_0300L1-CIUDADDEPORTES,11,00:15:34,00:15:34
B_03100L1002_1,0,B_0300L1-COLDELVALLE,12,00:16:46,00:16:46
B_03100L1002_1,0,B_0300L1-NAPOLES,13,00:18:15,00:18:15
B_03100L1002_1,0,B_0300L1-POLIFORUM,14,00:19:35,00:19:35
B_03100L1002_1,0,B_0300L1-LAPIEDAD,15,00:21:19,00:21:19
B_03100L1002_1,0,B_0300L1-NVOLEON,16,00:22:50,00:22:50
B_03100L1002_1,0,B_0300L1-CHILPANCINGO,17,00:24:31,00:24:31
B_03100L1002_1,0,B_0300L1-CAMPECHE,18,00:25:42,00:25:42
B_03100L1002_1,0,B_0300L1-SONORA,19,00:27:00,00:27:00
B_03100L1002_1,0,B_0300L1-ALVAROOBRE,20,00:28:13,00:28:13
B_03100L1002_1,0,B_0300L1-DURANGO,21,00:29:28,00:29:28
B_03100L1002_1,0,B_0300L1-GLORIETA-1,22,00:30:51,00:30:51
B_03100L1002_1,0,B_0300L1-HAMBURGO,23,00:32:28,00:32:28
B_03100L1002_1,0,B_0300L1-REFORMA,24,00:34:34,00:34:34
B_03100L1002_1,0,B_0300L1-PLAZAREPU,25,00:35:47,00:35:47
B_03100L1002_1,0,B_0300L1-REVOLUCION,26,00:37:27,00:37:27
B_03100L1002_1,0,B_0300L1-ELCHOPO,27,00:38:34,00:38:34
B_03100L1002_1,0,B_0300L1-BUENAVISTA,28,00:39:53,00:39:53
B_03100L1002_1,0,B_0300L1-MANUELGLEZ,29,00:43:59,00:43:59
B_03100L1002_1,0,B_0300L1-SANSIMON,30,00:45:14,00:45:14
B_03100L1002_1,0,B_0300L1-CIRCUITO,31,00:46:34,00:46:34
B_03100L1002_1,0,B_0300L1-LARAZA,32,00:49:20,00:49:20
B_03100L1002_1,0,B_0300L1-POTRERO,33,00:52:55,00:52:55
B_03100L1002_1,0,B_0300L1-EUZKARO,34,00:55:34,00:55:34
B_03100L1002_1,0,B_0300L1-DVO18MARZO,35,00:57:16,00:57:16
B_03100L1002_1,0,B_0300L1-INDIOSVERDES,36,01:03:10,01:03:10
B_03100L1003_0,0,B_0300L3-BUENAVISTA,1,00:00:00,00:00:00
B_03100L1003_0,0,B_0300L1-ELCHOPO,2,00:01:37,00:01:37
B_03100L1003_0,0,B_0300L1-REVOLUCION,3,00:02:44,00:02:44
B_03100L1003_0,0,B_0300L1-PLAZAREPU,4,00:04:24,00:04:24
B_03100L1003_0,0,B_0300L1-REFORMA,5,00:05:37,00:05:37
B_03100L1003_0,0,B_0300L1-HAMBURGO,6,00:07:43,00:07:43
B_03100L1003_0,0,B_0300L1-GLORIETA-0,7,00:09:10,00:09:10
B_03100L1003_0,0,B_0300L1-DURANGO,8,00:10:50,00:10:50
B_03100L1003_0,0,B_0300L1-ALVAROOBRE,9,00:12:05,00:12:05
B_03100L1003_0,0,B_0300L1-SONORA,10,00:13:18,00:13:18
B_03100L1003_0,0,B_0300L1-CAMPECHE,11,00:14:36,00:14:36
B_03100L1003_0,0,B_0300L1-CHILPANCINGO,12,00:15:47,00:15:47
B_03100L1003_0,0,B_0300L1-NVOLEON,13,00:17:28,00:17:28
B_03100L1003_0,0,B_0300L1-LAPIEDAD,14,00:18:59,00:18:59
B_03100L1003_0,0,B_0300L1-POLIFORUM,15,00:20:43,00:20:43
B_03100L1003_0,0,B_0300L1-NAPOLES,16,00:22:03,00:22:03
B_03100L1003_0,0,B_0300L1-COLDELVALLE,17,00:23:32,00:23:32
B_03100L1003_0,0,B_0300L1-CIUDADDEPORTES,18,00:24:44,00:24:44
B_03100L1003_0,0,B_0300L1-PARQUEHUND,19,00:25:48,00:25:48
B_03100L1003_0,0,B_0300L1-FELIXCUEVAS,20,00:27:47,00:27:47
B_03100L1003_0,0,B_0300L1-RIOCHURU,21,00:29:49,00:29:49
B_03100L1003_0,0,B_0300L1-TEATROINSURG,22,00:31:15,00:31:15
B_03100L1003_0,0,B_0300L1-JOSEMRIAVELAS,23,00:32:26,00:32:26
B_03100L1003_0,0,B_0300L1-FRANCIA,24,00:33:39,00:33:39
B_03100L1003_0,0,B_0300L1-OLIVO,25,00:35:05,00:35:05
B_03100L1003_0,0,B_0300L1-ALTAVISTA,26,00:36:28,00:36:28
B_03100L1003_0,0,B_0300L1-BOMBILLA,27,00:37:59,00:37:59
B_03100L1003_0,0,B_0300L1-DRGALVEZ,28,00:40:18,00:40:18
B_03100L1003_0,0,B_0300L1-CU,29,00:46:43,00:46:43
B_03100L1003_0,0,B_0300L1-CCU,30,00:49:31,00:49:31
B_03100L1003_0,0,B_0300L1-PERISUR,31,00:53:29,00:53:29
B_03100L1003_0,0,B_0300L1-VILLAOLIMPICA,32,00:55:17,00:55:17
B_03100L1003_0,0,B_0300L1-CORREGIDORA,33,00:57:58,00:57:58
B_03100L1003_0,0,B_0300L1-AYUNTAMIENTO,34,00:59:15,00:59:15
B_03100L1003_0,0,B_0300L1-FUENTESBROTAN,35,01:01:40,01:01:40
B_03100L1003_0,0,B_0300L1-STAURSULA,36,01:03:30,01:03:30
B_03100L1003_0,0,B_0300L1-LAJOYA,37,01:05:37,01:05:37
B_03100L1003_0,0,B_0300L1-CAMINERO,38,01:07:11,01:07:11
B_03100L1003_1,0,B_0300L1-CAMINERO,1,00:00:00,00:00:00
B_03100L1003_1,0,B_0300L1-LAJOYA,2,00:00:37,00:00:37
B_03100L1003_1,0,B_0300L1-STAURSULA,3,00:02:43,00:02:43
B_03100L1003_1,0,B_0300L1-FUENTESBROTAN,4,00:04:31,00:04:31
B_03100L1003_1,0,B_0300L1-AYUNTAMIENTO,5,00:06:59,00:06:59
B_03100L1003_1,0,B_0300L1-CORREGIDORA,6,00:08:16,00:08:16
B_03100L1003_1,0,B_0300L1-VILLAOLIMPICA,7,00:10:54,00:10:54
B_03100L1003_1,0,B_0300L1-PERISUR,8,00:12:42,00:12:42
B_03100L1003_1,0,B_0300L1-CCU,9,00:16:40,00:16:40
B_03100L1003_1,0,B_0300L1-CU,10,00:19:28,00:19:28
B_03100L1003_1,0,B_0300L1-DRGALVEZ,11,00:25:52,00:25:52
B_03100L1003_1,0,B_0300L1-BOMBILLA,12,00:28:11,00:28:11
B_03100L1003_1,0,B_0300L1-ALTAVISTA,13,00:29:42,00:29:42
B_03100L1003_1,0,B_0300L1-OLIVO,14,00:31:05,00:31:05
B_03100L1003_1,0,B_0300L1-FRANCIA,15,00:32:31,00:32:31
B_03100L1003_1,0,B_0300L1-JOSEMRIAVELAS,16,00:33:44,00:33:44
B_03100L1003_1,0,B_0300L1-TEATROINSURG,17,00:34:55,00:34:55
B_03100L1003_1,0,B_0300L1-RIOCHURU,18,00:36:21,00:36:21
B_03100L1003_1,0,B_0300L1-FELIXCUEVAS,19,00:38:23,00:38:23
B_03100L1003_1,0,B_0300L1-PARQUEHUND,20,00:40:22,00:40:22
B_03100L1003_1,0,B_0300L1-CIUDADDEPORTES,21,00:41:26,00:41:26
B_03100L1003_1,0,B_0300L1-COLDELVALLE,22,00:42:38,00:42:38
B_03100L1003_1,0,B_0300L1-NAPOLES,23,00:44:07,00:44:07
B_03100L1003_1,0,B_0300L1-POLIFORUM,24,00:45:28,00:45:28
B_03100L1003_1,0,B_0300L1-LAPIEDAD,25,00:47:12,00:47:12
B_03100L1003_1,0,B_0300L1-NVOLEON,26,00:48:43,00:48:43
B_03100L1003_1,0,B_0300L1-CHILPANCINGO,27,00:50:24,00:50:24
B_03100L1003_1,0,B_0300L1-CAMPECHE,28,00:51:35,00:51:35
B_03100L1003_1,0,B_0300L1-SONORA,29,00:52:53,00:52:53
B_03100L1003_1,0,B_0300L1-ALVAROOBRE,30,00:54:06,00:54:06
B_03100L1003_1,0,B_0300L1-DURANGO,31,00:55:21,00:55:21
B_03100L1003_1,0,B_0300L1-GLORIETA-1,32,00:56:45,00:56:45
B_03100L1003_1,0,B_0300L1-HAMBURGO,33,00:58:22,00:58:22
B_03100L1003_1,0,B_0300L1-REFORMA,34,01:00:28,01:00:28
B_03100L1003_1,0,B_0300L1-PLAZAREPU,35,01:01:41,01:01:41
B_03100L1003_1,0,B_0300L1-REVOLUCION,36,01:03:21,01:03:21
B_03100L1003_1,0,B_0300L1-ELCHOPO,37,01:04:28,01:04:28
B_03100L1003_1,0,B_0300L3-BUENAVISTA,38,01:05:59,01:05:59
B_03100L1006_0,0,B_0300L7-INDIOSVERDES,1,00:00:00,00:00:00
B_03100L1006_0,0,B_0300L1-DVO18MARZO,2,00:00:59,00:00:59
B_03100L1006_0,0,B_0300L1-EUZKARO,3,00:03:02,00:03:02
B_03100L1006_0,0,B_0300L1-POTRERO,4,00:05:15,00:05:15
B_03100L1006_0,0,B_0300L1-LARAZA,5,00:07:02,00:07:02
B_03100L1006_0,0,B_0300L1-CIRCUITO,6,00:09:13,00:09:13
B_03100L1006_0,0,B_0300L3-TOLNAHUAC,7,00:10:40,00:10:40
B_03100L1006_0,0,B_0300L3-TLATELOLCO,8,00:12:53,00:12:53
B_03100L1006_0,0,B_0300L3-RFLORESMAGON,9,00:14:15,00:14:15
B_03100L1006_0,0,B_0300L3-GUERRERO,10,00:15:26,00:15:26
B_03100L1006_0,0,B_0300L3-MINA,11,00:17:34,00:17:34
B_03100L1006_0,0,B_0300L3-HIDALGO,12,00:19:12,00:19:12
B_03100L1006_0,0,B_0300L3-JUAREZ,13,00:21:30,00:21:30
B_03100L1006_0,0,B_0300L3-BALDERAS,14,00:22:40,00:22:40
B_03100L1006_0,0,B_0300L3-CUAUHTEMOC,15,00:24:22,00:24:22
B_03100L1006_0,0,B_0300L3-JARDINPUSHK,16,00:26:33,00:26:33
B_03100L1006_0,0,B_0300L3-HOSPGENERAL,17,00:28:33,00:28:33
B_03100L1006_0,0,B_0300L3-DRMARQUEZ,18,00:30:39,00:30:39
B_03100L1006_0,0,B_0300L3-CENTROMEDICO,19,00:32:01,00:32:01
B_03100L1006_0,0,B_0300L3-OBREROMUNDIAL,20,00:33:35,00:33:35
B_03100L1006_0,0,B_0300L3-ETIOPIA,21,00:34:42,00:34:42
B_03100L1006_0,0,B_0300L3-LUZSAVINON,22,00:37:28,00:37:28
B_03100L1006_0,0,B_0300L3-EUGENIA,23,00:41:03,00:41:03
B_03100L1006_0,0,B_0300L3-DIVISIONNTE,24,00:43:42,00:43:42
B_03100L1006_0,0,B_0300L3-MIGUELLAURENT,25,00:45:24,00:45:24
B_03100L1006_0,0,B_0300L3-STACRUZATOYAC,26,00:48:21,00:48:21
B_03100L1006_1,0,B_0300L3-STACRUZATOYAC,1,00:00:00,00:00:00
B_03100L1006_1,0,B_0300L3-MIGUELLAURENT,2,00:03:02,00:03:02
B_03100L1006_1,0,B_0300L3-DIVISIONNTE,3,00:04:44,00:04:44
B_03100L1006_1,0,B_0300L3-EUGENIA,4,00:07:23,00:07:23
B_03100L1006_1,0,B_0300L3-LUZSAVINON,5,00:10:58,00:10:58
B_03100L1006_1,0,B_0300L3-ETIOPIA,6,00:13:44,00:13:44
B_03100L1006_1,0,B_0300L3-OBREROMUNDIAL,7,00:14:50,00:14:50
B_03100L1006_1,0,B_0300L3-CENTROMEDICO,8,00:16:24,00:16:24
B_03100L1006_1,0,B_0300L3-DRMARQUEZ,9,00:17:46,00:17:46
B_03100L1006_1,0,B_0300L3-HOSPGENERAL,10,00:19:52,00:19:52
B_03100L1006_1,0,B_0300L3-JARDINPUSHK,11,00:21:52,00:21:52
B_03100L1006_1,0,B_0300L3-CUAUHTEMOC,12,00:24:02,00:24:02
B_03100L1006_1,0,B_0300L3-BALDERAS,13,00:25:44,00:25:44
B_03100L1006_1,0,B_0300L3-JUAREZ,14,00:26:54,00:26:54
B_03100L1006_1,0,B_0300L3-HIDALGO,15,00:29:37,00:29:37
B_03100L1006_1,0,B_0300L3-MINA,16,00:31:15,00:31:15
B_03100L1006_1,0,B_0300L3-GUERRERO,17,00:33:23,00:33:23
B_03100L1006_1,0,B_0300L3-RFLORESMAGON,18,00:34:34,00:34:34
B_03100L1006_1,0,B_0300L3-TLATELOLCO,19,00:35:56,00:35:56
B_03100L1006_1,0,B_0300L3-TOLNAHUAC,20,00:38:09,00:38:09
B_03100L1006_1,0,B_0300L1-CIRCUITO,21,00:39:36,00:39:36
B_03100L1006_1,0,B_0300L1-LARAZA,22,00:41:47,00:41:47
B_03100L1006_1,0,B_0300L1-POTRERO,23,00:43:34,00:43:34
B_03100L1006_1,0,B_0300L1-EUZKARO,24,00:45:47,00:45:47
B_03100L1006_1,0,B_0300L1-DVO18MARZO,25,00:47:50,00:47:50
B_03100L1006_1,0,B_0300L7-INDIOSVERDES,26,00:48:50,00:48:50
B_03100L2000_0,0,B_0300L2-TACUBAYA,1,00:00:00,00:00:00
B_03100L2000_0,0,B_0300L2-ANTONMACEO,2,00:01:18,00:01:18
B_03100L2000_0,0,B_0300L2-DELASALLE,3,00:02:52,00:02:52
B_03100L2000_0,0,B_0300L2-PATRIOTISMO,4,00:05:16,00:05:16
B_03100L2000_0,0,B_0300L2-ESCANDON,5,00:06:39,00:06:39
B_03100L2000_0,0,B_0300L2-NVOLEON,6,00:07:58,00:07:58
B_03100L2000_0,0,B_0300L2-VIADUCTO,7,00:09:29,00:09:29
B_03100L2000_0,0,B_0300L2-AMORES,8,00:12:04,00:12:04
B_03100L2000_0,0,B_0300L2-ETIOPIA,9,00:15:22,00:15:22
B_03100L2000_0,0,B_0300L2-DRVERTIZ,10,00:16:35,00:16:35
B_03100L2000_0,0,B_0300L2-CENTROSCOP,11,00:18:25,00:18:25
B_03100L2000_0,0,B_0300L2-ALAMOS,12,00:19:51,00:19:51
B_03100L2000_0,0,B_0300L2-XOLA,13,00:20:51,00:20:51
B_03100L2000_0,0,B_0300L2-AMERICAS,14,00:23:04,00:23:04
B_03100L2000_0,0,B_0300L2-ANDRESMOLI,15,00:25:53,00:25:53
B_03100L2000_0,0,B_0300L2-LAVIGA,16,00:27:47,00:27:47
B_03100L2000_0,0,B_0300L2-COYUYA,17,00:30:40,00:30:40
B_03100L2000_0,0,B_0300L2-METROCOYUYA,18,00:31:50,00:31:50
B_03100L2000_0,0,B_0300L2-CANELA,19,00:33:26,00:33:26
B_03100L2000_0,0,B_0300L2-TLACOTAL,20,00:35:27,00:35:27
B_03100L2000_0,0,B_0300L2-GOMA,21,00:36:54,00:36:54
B_03100L2000_0,0,B_0300L2-IZTACALCO,22,00:38:24,00:38:24
B_03100L2000_0,0,B_0300L2-UPIICSA,23,00:40:45,00:40:45
B_03100L2000_0,0,B_0300L2-RODEO,24,00:42:16,00:42:16
B_03100L2000_0,0,B_0300L2-RIOTECOLUTLA,25,00:44:02,00:44:02
B_03100L2000_0,0,B_0300L2-RIOMAYO,26,00:45:27,00:45:27
B_03100L2000_0,0,B_0300L2-ROJOGOMEZ,27,00:47:06,00:47:06
B_03100L2000_0,0,B_0300L2-DELMORAL,28,00:49:16,00:49:16
B_03100L2000_0,0,B_0300L2-LEYESREFORMA,29,00:51:11,00:51:11
B_03100L2000_0,0,B_0300L2-CCHOTE,30,00:53:17,00:53:17
B_03100L2000_0,0,B_0300L2-CONSTAPATZIN,31,00:55:32,00:55:32
B_03100L2000_0,0,B_0300L2-CANALSANJUAN,32,00:59:36,00:59:36
B_03100L2000_0,0,B_0300L2-NICOLASBRAVO,33,01:02:02,01:02:02
B_03100L2000_0,0,B_0300L2-TEPALCATES,34,01:04:16,01:04:16
B_03100L2000_1,0,B_0300L2-TEPALCATES,1,00:00:00,00:00:00
B_03100L2000_1,0,B_0300L2-GRALANTONIOLEO,2,00:02:50,00:02:50
B_03100L2000_1,0,B_0300L2-CONSTAPATZIN,3,00:06:42,00:06:42
B_03100L2000_1,0,B_0300L2-CCHOTE,4,00:08:57,00:08:57
B_03100L2000_1,0,B_0300L2-LEYESREFORMA,5,00:11:03,00:11:03
B_03100L2000_1,0,B_0300L2-RIOFRIO,6,00:14:35,00:14:35
B_03100L2000_1,0,B_0300L2-ROJOGOMEZ,7,00:16:29,00:16:29
B_03100L2000_1,0,B_0300L2-RIOMAYO,8,00:18:08,00:18:08
B_03100L2000_1,0,B_0300L2-RIOTECOLUTLA,9,00:19:33,00:19:33
B_03100L2000_1,0,B_0300L2-RODEO,10,00:21:19,00:21:19
B_03100L2000_1,0,B_0300L2-UPIICSA,11,00:22:50,00:22:50
B_03100L2000_1,0,B_0300L2-IZTACALCO,12,00:25:11,00:25:11
B_03100L2000_1,0,B_0300L2-GOMA,13,00:26:41,00:26:41
B_03100L2000_1,0,B_0300L2-TLACOTAL,14,00:28:08,00:28:08
B_03100L2000_1,0,B_0300L2-CANELA,15,00:30:09,00:30:09
B_03100L2000_1,0,B_0300L2-METROCOYUYA,16,00:31:45,00:31:45
B_03100L2000_1,0,B_0300L2-COYUYA,17,00:32:55,00:32:55
B_03100L2000_1,0,B_0300L2-LAVIGA,18,00:35:48,00:35:48
B_03100L2000_1,0,B_0300L2-ANDRESMOLI,19,00:37:43,00:37:43
B_03100L2000_1,0,B_0300L2-AMERICAS,20,00:40:33,00:40:33
B_03100L2000_1,0,B_0300L2-XOLA,21,00:42:46,00:42:46
B_03100L2000_1,0,B_0300L2-ALAMOS,22,00:43:46,00:43:46
B_03100L2000_1,0,B_0300L2-CENTROSCOP,23,00:45:12,00:45:12
B_03100L2000_1,0,B_0300L2-DRVERTIZ,24,00:47:02,00:47:02
B_03100L2000_1,0,B_0300L2-ETIOPIA,25,00:48:15,00:48:15
B_03100L2000_1,0,B_0300L2-AMORES,26,00:51:33,00:51:33
B_03100L2000_1,0,B_0300L2-VIADUCTO,27,00:54:08,00:54:08
B_03100L2000_1,0,B_0300L2-NVOLEON,28,00:55:39,00:55:39
B_03100L2000_1,0,B_0300L2-ESCANDON,29,00:56:58,00:56:58
B_03100L2000_1,0,B_0300L2-PATRIOTISMO,30,00:58:21,00:58:21
B_03100L2000_1,0,B_0300L2-DELASALLE,31,01:00:45,01:00:45
B_03100L2000_1,0,B_0300L2-PARQUELIRA,32,01:02:51,01:02:51
B_03100L2000_1,0,B_0300L2-TACUBAYA,33,01:05:39,01:05:39
B_03100L2001_0,0,B_0300L3-ETIOPIA,1,00:00:00,00:00:00
B_03100L2001_0,0,B_0300L2-ETIOPIA,2,00:00:45,00:00:45
B_03100L2001_0,0,B_0300L2-DRVERTIZ,3,00:01:58,00:01:58
B_03100L2001_0,0,B_0300L2-CENTROSCOP,4,00:03:48,00:03:48
B_03100L2001_0,0,B_0300L2-ALAMOS,5,00:05:13,00:05:13
B_03100L2001_0,0,B_0300L2-XOLA,6,00:06:13,00:06:13
B_03100L2001_0,0,B_0300L2-AMERICAS,7,00:08:26,00:08:26
B_03100L2001_0,0,B_0300L2-ANDRESMOLI,8,00:11:16,00:11:16
B_03100L2001_0,0,B_0300L2-LAVIGA,9,00:13:11,00:13:11
B_03100L2001_0,0,B_0300L2-COYUYA,10,00:16:04,00:16:04
B_03100L2001_0,0,B_0300L2-METROCOYUYA,11,00:17:14,00:17:14
B_03100L2001_0,0,B_0300L2-CANELA,12,00:18:50,00:18:50
B_03100L2001_0,0,B_0300L2-TLACOTAL,13,00:20:51,00:20:51
B_03100L2001_0,0,B_0300L2-GOMA,14,00:22:18,00:22:18
B_03100L2001_0,0,B_0300L2-IZTACALCO,15,00:23:48,00:23:48
B_03100L2001_0,0,B_0300L2-UPIICSA,16,00:26:09,00:26:09
B_03100L2001_0,0,B_0300L2-RODEO,17,00:27:40,00:27:40
B_03100L2001_0,0,B_0300L2-RIOTECOLUTLA,18,00:29:26,00:29:26
B_03100L2001_0,0,B_0300L2-RIOMAYO,19,00:30:51,00:30:51
B_03100L2001_0,0,B_0300L2-ROJOGOMEZ,20,00:32:30,00:32:30
B_03100L2001_0,0,B_0300L2-DELMORAL,21,00:34:40,00:34:40
B_03100L2001_0,0,B_0300L2-LEYESREFORMA,22,00:36:35,00:36:35
B_03100L2001_0,0,B_0300L2-CCHOTE,23,00:38:42,00:38:42
B_03100L2001_0,0,B_0300L2-CONSTAPATZIN,24,00:40:57,00:40:57
B_03100L2001_0,0,B_0300L2-CANALSANJUAN,25,00:45:01,00:45:01
B_03100L2001_0,0,B_0300L2-NICOLASBRAVO,26,00:47:27,00:47:27
B_03100L2001_0,0,B_0300L2-TEPALCATES,27,00:49:41,00:49:41
B_03100L2001_1,0,B_0300L2-TEPALCATES,1,00:00:00,00:00:00
B_03100L2001_1,0,B_0300L2-GRALANTONIOLEO,2,00:02:50,00:02:50
B_03100L2001_1,0,B_0300L2-CONSTAPATZIN,3,00:06:42,00:06:42
B_03100L2001_1,0,B_0300L2-CCHOTE,4,00:08:57,00:08:57
B_03100L2001_1,0,B_0300L2-LEYESREFORMA,5,00:11:03,00:11:03
B_03100L2001_1,0,B_0300L2-RIOFRIO,6,00:14:35,00:14:35
B_03100L2001_1,0,B_0300L2-ROJOGOMEZ,7,00:16:28,00:16:28
B_03100L2001_1,0,B_0300L2-RIOMAYO,8,00:18:07,00:18:07
B_03100L2001_1,0,B_0300L2-RIOTECOLUTLA,9,00:19:32,00:19:32
B_03100L2001_1,0,B_0300L2-RODEO,10,00:21:18,00:21:18
B_03100L2001_1,0,B_0300L2-UPIICSA,11,00:22:49,00:22:49
B_03100L2001_1,0,B_0300L2-IZTACALCO,12,00:25:10,00:25:10
B_03100L2001_1,0,B_0300L2-GOMA,13,00:26:40,00:26:40
B_03100L2001_1,0,B_0300L2-TLACOTAL,14,00:28:07,00:28:07
B_03100L2001_1,0,B_0300L2-CANELA,15,00:30:08,00:30:08
B_03100L2001_1,0,B_0300L2-METROCOYUYA,16,00:31:44,00:31:44
B_03100L2001_1,0,B_0300L2-COYUYA,17,00:32:54,00:32:54
B_03100L2001_1,0,B_0300L2-LAVIGA,18,00:35:47,00:35:47
B_03100L2001_1,0,B_0300L2-ANDRESMOLI,19,00:37:42,00:37:42
B_03100L2001_1,0,B_0300L2-AMERICAS,20,00:40:32,00:40:32
B_03100L2001_1,0,B_0300L2-XOLA,21,00:42:45,00:42:45
B_03100L2001_1,0,B_0300L2-ALAMOS,22,00:43:45,00:43:45
B_03100L2001_1,0,B_0300L2-CENTROSCOP,23,00:45:11,00:45:11
B_03100L2001_1,0,B_0300L2-DRVERTIZ,24,00:47:01,00:47:01
B_03100L2001_1,0,B_0300L2-ETIOPIA,25,00:48:14,00:48:14
B_03100L2001_1,0,B_0300L3-ETIOPIA,26,00:48:58,00:48:58
B_03100L2002_0,0,B_0300L1-COLDELVALLE,1,00:00:00,00:00:00
B_03100L2002_0,0,B_0300L1-NAPOLES,2,00:01:38,00:01:38
B_03100L2002_0,0,B_0300L1-POLIFORUM,3,00:03:06,00:03:06
B_03100L2002_0,0,B_0300L1-LAPIEDAD,4,00:05:00,00:05:00
B_03100L2002_0,0,B_0300L1-NVOLEON,5,00:06:40,00:06:40
B_03100L2002_0,0,B_0300L2-VIADUCTO,6,00:08:22,00:08:22
B_03100L2002_0,0,B_0300L2-AMORES,7,00:10:57,00:10:57
B_03100L2002_0,0,B_0300L2-ETIOPIA,8,00:14:15,00:14:15
B_03100L2002_0,0,B_0300L2-DRVERTIZ,9,00:15:28,00:15:28
B_03100L2002_0,0,B_0300L2-CENTROSCOP,10,00:17:18,00:17:18
B_03100L2002_0,0,B_0300L2-ALAMOS,11,00:18:43,00:18:43
B_03100L2002_0,0,B_0300L2-XOLA,12,00:19:43,00:19:43
B_03100L2002_0,0,B_0300L2-AMERICAS,13,00:21:56,00:21:56
B_03100L2002_0,0,B_0300L2-ANDRESMOLI,14,00:24:46,00:24:46
B_03100L2002_0,0,B_0300L2-LAVIGA,15,00:26:41,00:26:41
B_03100L2002_0,0,B_0300L2-COYUYA,16,00:29:34,00:29:34
B_03100L2002_0,0,B_0300L2-METROCOYUYA,17,00:30:44,00:30:44
B_03100L2002_0,0,B_0300L2-CANELA,18,00:32:20,00:32:20
B_03100L2002_0,0,B_0300L2-TLACOTAL,19,00:34:21,00:34:21
B_03100L2002_0,0,B_0300L2-GOMA,20,00:35:48,00:35:48
B_03100L2002_0,0,B_0300L2-IZTACALCO,21,00:37:18,00:37:18
B_03100L2002_0,0,B_0300L2-UPIICSA,22,00:39:39,00:39:39
B_03100L2002_0,0,B_0300L2-RODEO,23,00:41:10,00:41:10
B_03100L2002_0,0,B_0300L2-RIOTECOLUTLA,24,00:42:56,00:42:56
B_03100L2002_0,0,B_0300L2-RIOMAYO,25,00:44:21,00:44:21
B_03100L2002_0,0,B_0300L2-ROJOGOMEZ,26,00:46:00,00:46:00
B_03100L2002_0,0,B_0300L2-DELMORAL,27,00:48:10,00:48:10
B_03100L2002_0,0,B_0300L2-LEYESREFORMA,28,00:50:05,00:50:05
B_03100L2002_0,0,B_0300L2-CCHOTE,29,00:52:11,00:52:11
B_03100L2002_0,0,B_0300L2-CONSTAPATZIN,30,00:54:26,00:54:26
B_03100L2002_0,0,B_0300L2-CANALSANJUAN,31,00:58:30,00:58:30
B_03100L2002_0,0,B_0300L2-NICOLASBRAVO,32,01:00:56,01:00:56
B_03100L2002_0,0,B_0300L2-TEPALCATES,33,01:03:10,01:03:10
B_03100L2002_1,0,B_0300L2-TEPALCATES,1,00:00:00,00:00:00
B_03100L2002_1,0,B_0300L2-GRALANTONIOLEO,2,00:02:50,00:02:50
B_03100L2002_1,0,B_0300L2-CONSTAPATZIN,3,00:06:42,00:06:42
B_03100L2002_1,0,B_0300L2-CCHOTE,4,00:08:57,00:08:57
B_03100L2002_1,0,B_0300L2-LEYESREFORMA,5,00:11:03,00:11:03
B_03100L2002_1,0,B_0300L2-RIOFRIO,6,00:14:35,00:14:35
B_03100L2002_1,0,B_0300L2-ROJOGOMEZ,7,00:16:29,00:16:29
B_03100L2002_1,0,B_0300L2-RIOMAYO,8,00:18:08,00:18:08
B_03100L2002_1,0,B_0300L2-RIOTECOLUTLA,9,00:19:33,00:19:33
B_03100L2002_1,0,B_0300L2-RODEO,10,00:21:19,00:21:19
B_03100L2002_1,0,B_0300L2-UPIICSA,11,00:22:50,00:22:50
B_03100L2002_1,0,B_0300L2-IZTACALCO,12,00:25:11,00:25:11
B_03100L2002_1,0,B_0300L2-GOMA,13,00:26:41,00:26:41
B_03100L2002_1,0,B_0300L2-TLACOTAL,14,00:28:08,00:28:08
B_03100L2002_1,0,B_0300L2-CANELA,15,00:30:09,00:30:09
B_03100L2002_1,0,B_0300L2-METROCOYUYA,16,00:31:45,00:31:45
B_03100L2002_1,0,B_0300L2-COYUYA,17,00:32:55,00:32:55
B_03100L2002_1,0,B_0300L2-LAVIGA,18,00:35:48,00:35:48
B_03100L2002_1,0,B_0300L2-ANDRESMOLI,19,00:37:43,00:37:43
B_03100L2002_1,0,B_0300L2-AMERICAS,20,00:40:32,00:40:32
B_03100L2002_1,0,B_0300L2-XOLA,21,00:42:45,00:42:45
B_03100L2002_1,0,B_0300L2-ALAMOS,22,00:43:45,00:43:45
B_03100L2002_1,0,B_0300L2-CENTROSCOP,23,00:45:10,00:45:10
B_03100L2002_1,0,B_0300L2-DRVERTIZ,24,00:47:00,00:47:00
B_03100L2002_1,0,B_0300L2-ETIOPIA,25,00:48:13,00:48:13
B_03100L2002_1,0,B_0300L2-AMORES,26,00:51:31,00:51:31
B_03100L2002_1,0,B_0300L2-VIADUCTO,27,00:54:06,00:54:06
B_03100L2002_1,0,B_0300L1-NVOLEON,28,00:55:48,00:55:48
B_03100L2002_1,0,B_0300L1-LAPIEDAD,29,00:57:28,00:57:28
B_03100L2002_1,0,B_0300L1-POLIFORUM,30,00:59:22,00:59:22
B_03100L2002_1,0,B_0300L1-NAPOLES,31,01:00:50,01:00:50
B_03100L2002_1,0,B_0300L1-COLDELVALLE,32,01:02:28,01:02:28
B_03100L3000_0,0,B_0300L3-TENAYUCA,1,00:00:00,00:00:00
B_03100L3000_0,0,B_0300L3-SANJOSEESCA,2,00:03:00,00:03:00
B_03100L3000_0,0,B_0300L3-PROGRESONA,3,00:04:26,00:04:26
B_03100L3000_0,0,B_0300L3-TRESANEGAS,4,00:06:18,00:06:18
B_03100L3000_0,0,B_0300L3-JUPITER,5,00:09:19,00:09:19
B_03100L3000_0,0,B_0300L3-PATERA,6,00:11:29,00:11:29
B_03100L3000_0,0,B_0300L3-PNTE146,7,00:13:05,00:13:05
B_03100L3000_0,0,B_0300L3-MONTEVIDEO,8,00:14:46,00:14:46
B_03100L3000_0,0,B_0300L3-PNTE134,9,00:16:15,00:16:15
B_03100L3000_0,0,B_0300L3-PNTE 128,10,00:17:37,00:17:37
B_03100L3000_0,0,B_0300L3-MAGDASALINAS,11,00:20:05,00:20:05
B_03100L3000_0,0,B_0300L3-COLTONGO,12,00:21:50,00:21:50
B_03100L3000_0,0,B_0300L3-CUITLAHUAC,13,00:24:19,00:24:19
B_03100L3000_0,0,B_0300L3-HEROENACOZA,14,00:25:37,00:25:37
B_03100L3000_0,0,B_0300L3-HOSPRAZA,15,00:27:00,00:27:00
B_03100L3000_0,0,B_0300L3-CIRCUITO,16,00:29:06,00:29:06
B_03100L3000_0,0,B_0300L3-TOLNAHUAC,17,00:30:42,00:30:42
B_03100L3000_0,0,B_0300L3-TLATELOLCO,18,00:32:31,00:32:31
B_03100L3000_0,0,B_0300L3-RFLORESMAGON,19,00:34:06,00:34:06
B_03100L3000_0,0,B_0300L3-GUERRERO,20,00:36:31,00:36:31
B_03100L3000_0,0,B_0300L3-MINA,21,00:38:49,00:38:49
B_03100L3000_0,0,B_0300L3-HIDALGO,22,00:41:19,00:41:19
B_03100L3000_0,0,B_0300L3-JUAREZ,23,00:43:17,00:43:17
B_03100L3000_0,0,B_0300L3-BALDERAS,24,00:44:38,00:44:38
B_03100L3000_0,0,B_0300L3-CUAUHTEMOC,25,00:47:16,00:47:16
B_03100L3000_0,0,B_0300L3-JARDINPUSHK,26,00:49:08,00:49:08
B_03100L3000_0,0,B_0300L3-HOSPGENERAL,27,00:51:35,00:51:35
B_03100L3000_0,0,B_0300L3-DRMARQUEZ,28,00:52:57,00:52:57
B_03100L3000_0,0,B_0300L3-CENTROMEDICO,29,00:54:32,00:54:32
B_03100L3000_0,0,B_0300L3-OBREROMUNDIAL,30,00:57:05,00:57:05
B_03100L3000_0,0,B_0300L3-ETIOPIA,31,00:58:45,00:58:45
B_03100L3000_0,0,B_0300L3-LUZSAVINON,32,01:01:15,01:01:15
B_03100L3000_0,0,B_0300L3-EUGENIA,33,01:03:19,01:03:19
B_03100L3000_0,0,B_0300L3-DIVISIONNTE,34,01:05:53,01:05:53
B_03100L3000_0,0,B_0300L3-MIGUELLAURENT,35,01:08:14,01:08:14
B_03100L3000_0,0,B_0300L3-STACRUZATOYAC,36,01:09:23,01:09:23
B_03100L3000_1,0,B_0300L3-STACRUZATOYAC,1,00:00:00,00:00:00
B_03100L3000_1,0,B_0300L3-MIGUELLAURENT,2,00:01:09,00:01:09
B_03100L3000_1,0,B_0300L3-DIVISIONNTE,3,00:03:30,00:03:30
B_03100L3000_1,0,B_0300L3-EUGENIA,4,00:06:04,00:06:04
B_03100L3000_1,0,B_0300L3-LUZSAVINON,5,00:08:08,00:08:08
B_03100L3000_1,0,B_0300L3-ETIOPIA,6,00:10:38,00:10:38
B_03100L3000_1,0,B_0300L3-OBREROMUNDIAL,7,00:12:18,00:12:18
B_03100L3000_1,0,B_0300L3-CENTROMEDICO,8,00:14:51,00:14:51
B_03100L3000_1,0,B_0300L3-DRMARQUEZ,9,00:16:26,00:16:26
B_03100L3000_1,0,B_0300L3-HOSPGENERAL,10,00:17:48,00:17:48
B_03100L3000_1,0,B_0300L3-JARDINPUSHK,11,00:20:15,00:20:15
B_03100L3000_1,0,B_0300L3-CUAUHTEMOC,12,00:22:07,00:22:07
B_03100L3000_1,0,B_0300L3-BALDERAS,13,00:25:09,00:25:09
B_03100L3000_1,0,B_0300L3-JUAREZ,14,00:26:30,00:26:30
B_03100L3000_1,0,B_0300L3-HIDALGO,15,00:28:28,00:28:28
B_03100L3000_1,0,B_0300L3-MINA,16,00:30:58,00:30:58
B_03100L3000_1,0,B_0300L3-GUERRERO,17,00:33:16,00:33:16
B_03100L3000_1,0,B_0300L3-RFLORESMAGON,18,00:35:41,00:35:41
B_03100L3000_1,0,B_0300L3-TLATELOLCO,19,00:37:16,00:37:16
B_03100L3000_1,0,B_0300L3-TOLNAHUAC,20,00:39:05,00:39:05
B_03100L3000_1,0,B_0300L3-CIRCUITO,21,00:40:41,00:40:41
B_03100L3000_1,0,B_0300L3-HOSPRAZA,22,00:42:47,00:42:47
B_03100L3000_1,0,B_0300L3-HEROENACOZA,23,00:44:10,00:44:10
B_03100L3000_1,0,B_0300L3-CUITLAHUAC,24,00:45:28,00:45:28
B_03100L3000_1,0,B_0300L3-COLTONGO,25,00:47:57,00:47:57
B_03100L3000_1,0,B_0300L3-MAGDASALINAS,26,00:49:42,00:49:42
B_03100L3000_1,0,B_0300L3-PNTE 128,27,00:52:10,00:52:10
B_03100L3000_1,0,B_0300L3-PNTE134,28,00:53:32,00:53:32
B_03100L3000_1,0,B_0300L3-MONTEVIDEO,29,00:55:01,00:55:01
B_03100L3000_1,0,B_0300L3-PNTE146,30,00:56:42,00:56:42
B_03100L3000_1,0,B_0300L3-PATERA,31,00:58:18,00:58:18
B_03100L3000_1,0,B_0300L3-JUPITER,32,01:00:28,01:00:28
B_03100L3000_1,0,B_0300L3-TRESANEGAS,33,01:03:29,01:03:29
B_03100L3000_1,0,B_0300L3-PROGRESONA,34,01:05:21,01:05:21
B_03100L3000_1,0,B_0300L3-SANJOSEESCA,35,01:06:47,01:06:47
B_03100L3000_1,0,B_0300L3-TENAYUCA,36,01:09:47,01:09:47
B_03100L3001_0,0,B_0300L3-TENAYUCA,1,00:00:00,00:00:00
B_03100L3001_0,0,B_0300L3-SANJOSEESCA,2,00:03:00,00:03:00
B_03100L3001_0,0,B_0300L3-PROGRESONA,3,00:04:26,00:04:26
B_03100L3001_0,0,B_0300L3-TRESANEGAS,4,00:06:18,00:06:18
B_03100L3001_0,0,B_0300L3-JUPITER,5,00:09:19,00:09:19
B_03100L3001_0,0,B_0300L3-PATERA,6,00:11:29,00:11:29
B_03100L3001_0,0,B_0300L3-PNTE146,7,00:13:05,00:13:05
B_03100L3001_0,0,B_0300L3-MONTEVIDEO,8,00:14:46,00:14:46
B_03100L3001_0,0,B_0300L3-PNTE134,9,00:16:15,00:16:15
B_03100L3001_0,0,B_0300L3-PNTE 128,10,00:17:37,00:17:37
B_03100L3001_0,0,B_0300L3-MAGDASALINAS,11,00:20:05,00:20:05
B_03100L3001_0,0,B_0300L3-COLTONGO,12,00:21:50,00:21:50
B_03100L3001_0,0,B_0300L3-CUITLAHUAC,13,00:24:19,00:24:19
B_03100L3001_0,0,B_0300L3-HEROENACOZA,14,00:25:37,00:25:37
B_03100L3001_0,0,B_0300L3-HOSPRAZA,15,00:27:00,00:27:00
B_03100L3001_0,0,B_0300L3-CIRCUITO,16,00:29:06,00:29:06
B_03100L3001_0,0,B_0300L3-TOLNAHUAC,17,00:30:42,00:30:42
B_03100L3001_0,0,B_0300L3-TLATELOLCO,18,00:32:31,00:32:31
B_03100L3001_0,0,B_0300L3-RFLORESMAGON,19,00:34:06,00:34:06
B_03100L3001_0,0,B_0300L3-GUERRERO,20,00:36:31,00:36:31
B_03100L3001_0,0,B_0300L3-MINA,21,00:38:49,00:38:49
B_03100L3001_0,0,B_0300L3-HIDALGO,22,00:41:19,00:41:19
B_03100L3001_0,0,B_0300L3-JUAREZ,23,00:43:17,00:43:17
B_03100L3001_0,0,B_0300L3-BALDERAS,24,00:44:38,00:44:38
B_03100L3001_1,0,B_0300L3-BALDERAS,1,00:00:00,00:00:00
B_03100L3001_1,0,B_0300L3-JUAREZ,2,00:01:21,00:01:21
B_03100L3001_1,0,B_0300L3-HIDALGO,3,00:03:19,00:03:19
B_03100L3001_1,0,B_0300L3-MINA,4,00:05:49,00:05:49
B_03100L3001_1,0,B_0300L3-GUERRERO,5,00:08:07,00:08:07
B_03100L3001_1,0,B_0300L3-RFLORESMAGON,6,00:10:32,00:10:32
B_03100L3001_1,0,B_0300L3-TLATELOLCO,7,00:12:07,00:12:07
B_03100L3001_1,0,B_0300L3-TOLNAHUAC,8,00:13:56,00:13:56
B_03100L3001_1,0,B_0300L3-CIRCUITO,9,00:15:32,00:15:32
B_03100L3001_1,0,B_0300L3-HOSPRAZA,10,00:17:38,00:17:38
B_03100L3001_1,0,B_0300L3-HEROENACOZA,11,00:19:01,00:19:01
B_03100L3001_1,0,B_0300L3-CUITLAHUAC,12,00:20:19,00:20:19
B_03100L3001_1,0,B_0300L3-COLTONGO,13,00:22:48,00:22:48
B_03100L3001_1,0,B_0300L3-MAGDASALINAS,14,00:24:33,00:24:33
B_03100L3001_1,0,B_0300L3-PNTE 128,15,00:27:01,00:27:01
B_03100L3001_1,0,B_0300L3-PNTE134,16,00:28:23,00:28:23
B_03100L3001_1,0,B_0300L3-MONTEVIDEO,17,00:29:52,00:29:52
B_03100L3001_1,0,B_0300L3-PNTE146,18,00:31:33,00:31:33
B_03100L3001_1,0,B_0300L3-PATERA,19,00:33:09,00:33:09
B_03100L3001_1,0,B_0300L3-JUPITER,20,00:35:19,00:35:19
B_03100L3001_1,0,B_0300L3-TRESANEGAS,21,00:38:20,00:38:20
B_03100L3001_1,0,B_0300L3-PROGRESONA,22,00:40:12,00:40:12
B_03100L3001_1,0,B_0300L3-SANJOSEESCA,23,00:41:38,00:41:38
B_03100L3001_1,0,B_0300L3-TENAYUCA,24,00:44:38,00:44:38
B_03100L3002_0,0,B_0300L3-TENAYUCA,1,00:00:00,00:00:00
B_03100L3002_0,0,B_0300L3-SANJOSEESCA,2,00:03:00,00:03:00
B_03100L3002_0,0,B_0300L3-PROGRESONA,3,00:04:26,00:04:26
B_03100L3002_0,0,B_0300L3-TRESANEGAS,4,00:06:18,00:06:18
B_03100L3002_0,0,B_0300L3-JUPITER,5,00:09:19,00:09:19
B_03100L3002_0,0,B_0300L3-PATERA,6,00:11:29,00:11:29
B_03100L3002_0,0,B_0300L3-PNTE146,7,00:13:05,00:13:05
B_03100L3002_0,0,B_0300L3-MONTEVIDEO,8,00:14:46,00:14:46
B_03100L3002_0,0,B_0300L3-PNTE134,9,00:16:15,00:16:15
B_03100L3002_0,0,B_0300L3-PNTE 128,10,00:17:37,00:17:37
B_03100L3002_0,0,B_0300L3-MAGDASALINAS,11,00:20:05,00:20:05
B_03100L3002_0,0,B_0300L3-COLTONGO,12,00:21:50,00:21:50
B_03100L3002_0,0,B_0300L3-CUITLAHUAC,13,00:24:19,00:24:19
B_03100L3002_0,0,B_0300L3-HEROENACOZA,14,00:25:37,00:25:37
B_03100L3002_0,0,B_0300L3-HOSPRAZA,15,00:27:00,00:27:00
B_03100L3002_0,0,B_0300L3-RAZA,16,00:29:37,00:29:37
B_03100L3002_1,0,B_0300L3-RAZA,1,00:00:00,00:00:00
B_03100L3002_1,0,B_0300L3-HOSPRAZA,2,00:01:22,00:01:22
B_03100L3002_1,0,B_0300L3-HEROENACOZA,3,00:02:45,00:02:45
B_03100L3002_1,0,B_0300L3-CUITLAHUAC,4,00:04:03,00:04:03
B_03100L3002_1,0,B_0300L3-COLTONGO,5,00:06:32,00:06:32
B_03100L3002_1,0,B_0300L3-MAGDASALINAS,6,00:08:17,00:08:17
B_03100L3002_1,0,B_0300L3-PNTE 128,7,00:10:45,00:10:45
B_03100L3002_1,0,B_0300L3-PNTE134,8,00:12:07,00:12:07
B_03100L3002_1,0,B_0300L3-MONTEVIDEO,9,00:13:36,00:13:36
B_03100L3002_1,0,B_0300L3-PNTE146,10,00:15:17,00:15:17
B_03100L3002_1,0,B_0300L3-PATERA,11,00:16:53,00:16:53
B_03100L3002_1,0,B_0300L3-JUPITER,12,00:19:03,00:19:03
B_03100L3002_1,0,B_0300L3-TRESANEGAS,13,00:22:04,00:22:04
B_03100L3002_1,0,B_0300L3-PROGRESONA,14,00:23:55,00:23:55
B_03100L3002_1,0,B_0300L3-SANJOSEESCA,15,00:25:21,00:25:21
B_03100L3002_1,0,B_0300L3-TENAYUCA,16,00:28:21,00:28:21
B_03100L3003_0,0,B_0300L3-TENAYUCA,1,00:00:00,00:00:00
B_03100L3003_0,0,B_0300L3-SANJOSEESCA,2,00:03:00,00:03:00
B_03100L3003_0,0,B_0300L3-PROGRESONA,3,00:04:26,00:04:26
B_03100L3003_0,0,B_0300L3-TRESANEGAS,4,00:06:18,00:06:18
B_03100L3003_0,0,B_0300L3-JUPITER,5,00:09:19,00:09:19
B_03100L3003_0,0,B_0300L3-PATERA,6,00:11:29,00:11:29
B_03100L3003_0,0,B_0300L3-PNTE146,7,00:13:05,00:13:05
B_03100L3003_0,0,B_0300L3-MONTEVIDEO,8,00:14:46,00:14:46
B_03100L3003_0,0,B_0300L3-PNTE134,9,00:16:15,00:16:15
B_03100L3003_0,0,B_0300L3-PNTE 128,10,00:17:37,00:17:37
B_03100L3003_0,0,B_0300L3-MAGDASALINAS,11,00:20:05,00:20:05
B_03100L3003_0,0,B_0300L3-COLTONGO,12,00:21:50,00:21:50
B_03100L3003_0,0,B_0300L3-CUITLAHUAC,13,00:24:19,00:24:19
B_03100L3003_0,0,B_0300L3-HEROENACOZA,14,00:25:37,00:25:37
B_03100L3003_0,0,B_0300L3-HOSPRAZA,15,00:27:00,00:27:00
B_03100L3003_0,0,B_0300L3-CIRCUITO,16,00:29:06,00:29:06
B_03100L3003_0,0,B_0300L3-TOLNAHUAC,17,00:30:42,00:30:42
B_03100L3003_0,0,B_0300L3-TLATELOLCO,18,00:32:31,00:32:31
B_03100L3003_0,0,B_0300L3-RFLORESMAGON,19,00:34:06,00:34:06
B_03100L3003_0,0,B_0300L3-GUERRERO,20,00:36:31,00:36:31
B_03100L3003_0,0,B_0300L3-BUENAVISTA,21,00:38:38,00:38:38
B_03100L3003_1,0,B_0300L3-BUENAVISTA,1,00:00:00,00:00:00
B_03100L3003_1,0,B_0300L3-GUERRERO,2,00:02:07,00:02:07
B_03100L3003_1,0,B_0300L3-RFLORESMAGON,3,00:04:32,00:04:32
B_03100L3003_1,0,B_0300L3-TLATELOLCO,4,00:06:07,00:06:07
B_03100L3003_1,0,B_0300L3-TOLNAHUAC,5,00:07:56,00:07:56
B_03100L3003_1,0,B_0300L3-CIRCUITO,6,00:09:32,00:09:32
B_03100L3003_1,0,B_0300L3-HOSPRAZA,7,00:11:38,00:11:38
B_03100L3003_1,0,B_0300L3-HEROENACOZA,8,00:13:01,00:13:01
B_03100L3003_1,0,B_0300L3-CUITLAHUAC,9,00:14:19,00:14:19
B_03100L3003_1,0,B_0300L3-COLTONGO,10,00:16:48,00:16:48
B_03100L3003_1,0,B_0300L3-MAGDASALINAS,11,00:18:33,00:18:33
B_03100L3003_1,0,B_0300L3-PNTE 128,12,00:21:01,00:21:01
B_03100L3003_1,0,B_0300L3-PNTE134,13,00:22:23,00:22:23
B_03100L3003_1,0,B_0300L3-MONTEVIDEO,14,00:23:52,00:23:52
B_03100L3003_1,0,B_0300L3-PNTE146,15,00:25:33,00:25:33
B_03100L3003_1,0,B_0300L3-PATERA,16,00:27:09,00:27:09
B_03100L3003_1,0,B_0300L3-JUPITER,17,00:29:19,00:29:19
B_03100L3003_1,0,B_0300L3-TRESANEGAS,18,00:32:20,00:32:20
B_03100L3003_1,0,B_0300L3-PROGRESONA,19,00:34:12,00:34:12
B_03100L3003_1,0,B_0300L3-SANJOSEESCA,20,00:35:38,00:35:38
B_03100L3003_1,0,B_0300L3-TENAYUCA,21,00:38:38,00:38:38
B_03100L3004_0,0,B_0300L1-INDIOSVERDES,1,00:00:00,00:00:00
B_03100L3004_0,0,B_0300L1-DVO18MARZO,2,00:06:36,00:06:36
B_03100L3004_0,0,B_0300L1-EUZKARO,3,00:08:34,00:08:34
B_03100L3004_0,0,B_0300L1-POTRERO,4,00:11:38,00:11:38
B_03100L3004_0,0,B_0300L1-LARAZA,5,00:15:46,00:15:46
B_03100L3004_0,0,B_0300L1-CIRCUITO,6,00:18:57,00:18:57
B_03100L3004_0,0,B_0300L1-SANSIMON,7,00:20:29,00:20:29
B_03100L3004_0,0,B_0300L1-MANUELGLEZ,8,00:21:56,00:21:56
B_03100L3004_0,0,B_0300L1-BUENAVISTA,9,00:26:40,00:26:40
B_03100L3004_0,0,B_0300L3-MINA,10,00:31:11,00:31:11
B_03100L3004_0,0,B_0300L3-HIDALGO,11,00:33:41,00:33:41
B_03100L3004_0,0,B_0300L3-JUAREZ,12,00:35:39,00:35:39
B_03100L3004_0,0,B_0300L3-BALDERAS,13,00:37:00,00:37:00
B_03100L3004_0,0,B_0300L3-CUAUHTEMOC,14,00:39:38,00:39:38
B_03100L3004_0,0,B_0300L3-JARDINPUSHK,15,00:41:30,00:41:30
B_03100L3004_0,0,B_0300L3-HOSPGENERAL,16,00:43:57,00:43:57
B_03100L3004_0,0,B_0300L3-DRMARQUEZ,17,00:45:19,00:45:19
B_03100L3004_0,0,B_0300L3-CENTROMEDICO,18,00:46:54,00:46:54
B_03100L3004_0,0,B_0300L3-OBREROMUNDIAL,19,00:49:27,00:49:27
B_03100L3004_0,0,B_0300L3-ETIOPIA,20,00:51:07,00:51:07
B_03100L3004_0,0,B_0300L3-LUZSAVINON,21,00:53:37,00:53:37
B_03100L3004_0,0,B_0300L3-EUGENIA,22,00:55:41,00:55:41
B_03100L3004_0,0,B_0300L3-DIVISIONNTE,23,00:58:15,00:58:15
B_03100L3004_0,0,B_0300L3-MIGUELLAURENT,24,01:00:36,01:00:36
B_03100L3004_0,0,B_0300L3-STACRUZATOYAC,25,01:01:45,01:01:45
B_03100L3004_1,0,B_0300L3-STACRUZATOYAC,1,00:00:00,00:00:00
B_03100L3004_1,0,B_0300L3-MIGUELLAURENT,2,00:01:09,00:01:09
B_03100L3004_1,0,B_0300L3-DIVISIONNTE,3,00:03:30,00:03:30
B_03100L3004_1,0,B_0300L3-EUGENIA,4,00:06:04,00:06:04
B_03100L3004_1,0,B_0300L3-LUZSAVINON,5,00:08:08,00:08:08
B_03100L3004_1,0,B_0300L3-ETIOPIA,6,00:10:38,00:10:38
B_03100L3004_1,0,B_0300L3-OBREROMUNDIAL,7,00:12:18,00:12:18
B_03100L3004_1,0,B_0300L3-CENTROMEDICO,8,00:14:51,00:14:51
B_03100L3004_1,0,B_0300L3-DRMARQUEZ,9,00:16:26,00:16:26
B_03100L3004_1,0,B_0300L3-HOSPGENERAL,10,00:17:48,00:17:48
B_03100L3004_1,0,B_0300L3-JARDINPUSHK,11,00:20:15,00:20:15
B_03100L3004_1,0,B_0300L3-CUAUHTEMOC,12,00:22:07,00:22:07
B_03100L3004_1,0,B_0300L3-BALDERAS,13,00:25:08,00:25:08
B_03100L3004_1,0,B_0300L3-JUAREZ,14,00:26:29,00:26:29
B_03100L3004_1,0,B_0300L3-HIDALGO,15,00:28:27,00:28:27
B_03100L3004_1,0,B_0300L3-MINA,16,00:30:57,00:30:57
B_03100L3004_1,0,B_0300L1-BUENAVISTA,17,00:35:28,00:35:28
B_03100L3004_1,0,B_0300L1-MANUELGLEZ,18,00:40:12,00:40:12
B_03100L3004_1,0,B_0300L1-SANSIMON,19,00:41:39,00:41:39
B_03100L3004_1,0,B_0300L1-CIRCUITO,20,00:43:11,00:43:11
B_03100L3004_1,0,B_0300L1-LARAZA,21,00:46:21,00:46:21
B_03100L3004_1,0,B_0300L1-POTRERO,22,00:50:29,00:50:29
B_03100L3004_1,0,B_0300L1-EUZKARO,23,00:53:33,00:53:33
B_03100L3004_1,0,B_0300L1-DVO18MARZO,24,00:55:31,00:55:31
B_03100L3004_1,0,B_0300L1-INDIOSVERDES,25,01:02:18,01:02:18
B_03100L4000_0,0,B_0300L4-LAZARO1,1,00:00:00,00:00:00
B_03100L4000_0,0,B_0300L4-AEROT1,2,00:00:00,00:00:00
B_03100L4000_0,0,B_0300L4-AEROT2,3,00:26:39,00:26:39
B_03100L4000_0,0,B_0300L4-LAZARO1,4,00:51:38,00:51:38
B_03100L4001_0,0,B_0300L4-BUENAVISTA,1,00:00:00,00:00:00
B_03100L4001_0,0,B_0300L4-CUAUHTEMOC0,2,00:01:17,00:01:17
B_03100L4001_0,0,B_0300L4-MXTENOCH0,3,00:03:21,00:03:21
B_03100L4001_0,0,B_0300L4-PZAREPUBLI0,4,00:04:29,00:04:29
B_03100L4001_0,0,B_0300L4-GTACOLON0,5,00:07:24,00:07:24
B_03100L4001_0,0,B_0300L4-DEFENSPUBLICA,6,00:09:23,00:09:23
B_03100L4001_0,0,B_0300L4-VOCA51,7,00:11:02,00:11:02
B_03100L4001_0,0,B_0300L4-JUAREZ0,8,00:12:01,00:12:01
B_03100L4001_0,0,B_0300L4-MDOSANJUAN0,9,00:14:02,00:14:02
B_03100L4001_0,0,B_0300L4-EJECTRAL0,10,00:15:30,00:15:30
B_03100L4001_0,0,B_0300L4-SALVADOR1,11,00:17:20,00:17:20
B_03100L4001_0,0,B_0300L4-ISABELCATOLI0,12,00:18:09,00:18:09
B_03100L4001_0,0,B_0300L4-MUSEOCDAD0,13,00:20:35,00:20:35
B_03100L4001_0,0,B_0300L4-PINOSUAREZ,14,00:22:01,00:22:01
B_03100L4001_0,0,B_0300L4-CRUCESSUR,15,00:23:39,00:23:39
B_03100L4001_0,0,B_0300L4-MERCED,16,00:25:48,00:25:48
B_03100L4001_0,0,B_0300L4-MDOSONORA0,17,00:28:06,00:28:06
B_03100L4001_0,0,B_0300L4-CECILIOROB0,18,00:31:08,00:31:08
B_03100L4001_0,0,B_0300L4-EDOMOLINA,19,00:34:12,00:34:12
B_03100L4001_0,0,B_0300L4-MOCTEZUMA,20,00:36:29,00:36:29
B_03100L4001_0,0,B_0300L4-LAZARO1,21,00:40:21,00:40:21
B_03100L4001_1,0,B_0300L4-LAZARO0,1,00:00:00,00:00:00
B_03100L4001_1,0,B_0300L4-HOSPBALBUE,2,00:05:56,00:05:56
B_03100L4001_1,0,B_0300L4-CECILIOROB1,3,00:07:29,00:07:29
B_03100L4001_1,0,B_0300L4-MSONORASUR,4,00:13:07,00:13:07
B_03100L4001_1,0,B_0300L4-SANPABLO,5,00:16:32,00:16:32
B_03100L4001_1,0,B_0300L4-PINOSRZSR,6,00:18:35,00:18:35
B_03100L4001_1,0,B_0300L4-20NOVIEMBR,7,00:20:28,00:20:28
B_03100L4001_1,0,B_0300L4-ISABELCATOLI1,8,00:21:51,00:21:51
B_03100L4001_1,0,B_0300L4-SALVADOR0,9,00:23:23,00:23:23
B_03100L4001_1,0,B_0300L4-EJECTRAL1,10,00:24:08,00:24:08
B_03100L4001_1,0,B_0300L4-MDOSANJUAN1,11,00:25:37,00:25:37
B_03100L4001_1,0,B_0300L4-JUAREZ1,12,00:27:53,00:27:53
B_03100L4001_1,0,B_0300L4-VOCA5,13,00:29:37,00:29:37
B_03100L4001_1,0,B_0300L4-DEFENSPUBLIC,14,00:30:31,00:30:31
B_03100L4001_1,0,B_0300L4-GTACOLON1,15,00:32:19,00:32:19
B_03100L4001_1,0,B_0300L4-PZAREPUBL1,16,00:34:16,00:34:16
B_03100L4001_1,0,B_0300L4-MXTENOCH1,17,00:35:21,00:35:21
B_03100L4001_1,0,B_0300L4-CUAUHTEMOC1,18,00:37:25,00:37:25
B_03100L4001_1,0,B_0300L4-BUENAVISTA,19,00:38:57,00:38:57
B_03100L4002_0,0,B_0300L4-BUENAVISTA,1,00:00:00,00:00:00
B_03100L4002_0,0,B_0300L4-CUAUHTEMOC0,2,00:01:17,00:01:17
B_03100L4002_0,0,B_0300L4-MXTENOCH0,3,00:03:21,00:03:21
B_03100L4002_0,0,B_0300L4-MUSEOSCARL0,4,00:04:49,00:04:49
B_03100L4002_0,0,B_0300L4-HIDALGO0,5,00:07:20,00:07:20
B_03100L4002_0,0,B_0300L4-BELLASARTES0,6,00:09:44,00:09:44
B_03100L4002_0,0,B_0300L4-TEATROBLAN0,7,00:11:50,00:11:50
B_03100L4002_0,0,B_0300L4-REPCHILE0,8,00:14:02,00:14:02
B_03100L4002_0,0,B_0300L4-REPARGEN0,9,00:16:08,00:16:08
B_03100L4002_0,0,B_0300L4-TEATROPUEB0,10,00:18:30,00:18:30
B_03100L4002_0,0,B_0300L4-MIXCALCO0,11,00:20:22,00:20:22
B_03100L4002_0,0,B_0300L4-FERROCINT0,12,00:21:44,00:21:44
B_03100L4002_0,0,B_0300L4-MORELOS0,13,00:23:08,00:23:08
B_03100L4002_0,0,B_0300L4-ARCHGRALNAC0,14,00:25:11,00:25:11
B_03100L4002_0,0,B_0300L4-LAZARO0,15,00:27:50,00:27:50
B_03100L4002_1,0,B_0300L4-LAZARO1,1,00:00:00,00:00:00
B_03100L4002_1,0,B_0300L4-ARCHGRALNAC1,2,00:02:19,00:02:19
B_03100L4002_1,0,B_0300L4-MORELOS1,3,00:04:24,00:04:24
B_03100L4002_1,0,B_0300L4-FERROCINT1,4,00:05:47,00:05:47
B_03100L4002_1,0,B_0300L4-MIXCALCO1,5,00:07:10,00:07:10
B_03100L4002_1,0,B_0300L4-TEATROPUEB1,6,00:09:08,00:09:08
B_03100L4002_1,0,B_0300L4-REPARGEN1,7,00:11:22,00:11:22
B_03100L4002_1,0,B_0300L4-REPCHILE1,8,00:13:26,00:13:26
B_03100L4002_1,0,B_0300L4-TEATROBLAN1,9,00:15:37,00:15:37
B_03100L4002_1,0,B_0300L4-BELLASARTES1,10,00:18:10,00:18:10
B_03100L4002_1,0,B_0300L4-HIDALGO1,11,00:20:35,00:20:35
B_03100L4002_1,0,B_0300L4-MUSEOSCARL1,12,00:23:01,00:23:01
B_03100L4002_1,0,B_0300L4-MXTENOCH1,13,00:24:28,00:24:28
B_03100L4002_1,0,B_0300L4-CUAUHTEMOC1,14,00:26:24,00:26:24
B_03100L4002_1,0,B_0300L4-BUENAVISTA,15,00:27:56,00:27:56
B_03100L4003_0,0,B_0300L4-HIDALGO0,1,00:00:00,00:00:00
B_03100L4003_0,0,B_0300L4-BELLASARTES0,2,00:02:24,00:02:24
B_03100L4003_0,0,B_0300L4-TEATROBLAN0,3,00:04:30,00:04:30
B_03100L4003_0,0,B_0300L4-REPCHILE0,4,00:06:42,00:06:42
B_03100L4003_0,0,B_0300L4-REPARGEN0,5,00:08:48,00:08:48
B_03100L4003_0,0,B_0300L4-TEATROPUEB0,6,00:11:10,00:11:10
B_03100L4003_0,0,B_0300L4-MIXCALCO0,7,00:13:02,00:13:02
B_03100L4003_0,0,B_0300L4-FERROCINT0,8,00:14:24,00:14:24
B_03100L4003_0,0,B_0300L4-MORELOS0,9,00:15:48,00:15:48
B_03100L4003_0,0,B_0300L4-PANTITLAN,10,00:45:54,00:45:54
B_03100L4003_0,0,B_0300L4-CALLE6,11,00:55:28,00:55:28
B_03100L4003_0,0,B_0300L4-ALAMEDAOTE,12,01:03:00,01:03:00
B_03100L4003_1,0,B_0300L4-ALAMEDAOTE,1,00:00:00,00:00:00
B_03100L4003_1,0,B_0300L4-CALLE6,2,00:12:39,00:12:39
B_03100L4003_1,0,B_0300L4-PANTITLAN,3,00:21:55,00:21:55
B_03100L4003_1,0,B_0300L4-MORELOS1,4,00:51:35,00:51:35
B_03100L4003_1,0,B_0300L4-FERROCINT1,5,00:52:58,00:52:58
B_03100L4003_1,0,B_0300L4-MIXCALCO1,6,00:54:21,00:54:21
B_03100L4003_1,0,B_0300L4-TEATROPUEB1,7,00:56:19,00:56:19
B_03100L4003_1,0,B_0300L4-REPARGEN1,8,00:58:33,00:58:33
B_03100L4003_1,0,B_0300L4-REPCHILE1,9,01:00:37,01:00:37
B_03100L4003_1,0,B_0300L4-TEATROBLAN1,10,01:02:48,01:02:48
B_03100L4003_1,0,B_0300L4-BELLASARTES1,11,01:05:20,01:05:20
B_03100L4003_1,0,B_0300L4-HIDALGO1,12,01:12:22,01:12:22
B_03100L4004_0,0,B_0300L4-HIDALGO0,1,00:00:00,00:00:00
B_03100L4004_0,0,B_0300L4-BELLASARTES0,2,00:02:24,00:02:24
B_03100L4004_0,0,B_0300L4-TEATROBLAN0,3,00:04:30,00:04:30
B_03100L4004_0,0,B_0300L4-REPCHILE0,4,00:06:42,00:06:42
B_03100L4004_0,0,B_0300L4-REPARGEN0,5,00:08:48,00:08:48
B_03100L4004_0,0,B_0300L4-TEATROPUEB0,6,00:11:10,00:11:10
B_03100L4004_0,0,B_0300L4-MIXCALCO0,7,00:13:02,00:13:02
B_03100L4004_0,0,B_0300L4-FERROCINT0,8,00:14:24,00:14:24
B_03100L4004_0,0,B_0300L4-MORELOS0,9,00:15:48,00:15:48
B_03100L4004_0,0,B_0300L4-PANTITLAN,10,00:45:43,00:45:43
B_03100L4004_1,0,B_0300L4-PANTITLAN,1,00:00:00,00:00:00
B_03100L4004_1,0,B_0300L4-MORELOS1,2,00:29:29,00:29:29
B_03100L4004_1,0,B_0300L4-FERROCINT1,3,00:30:52,00:30:52
B_03100L4004_1,0,B_0300L4-MIXCALCO1,4,00:32:15,00:32:15
B_03100L4004_1,0,B_0300L4-TEATROPUEB1,5,00:34:13,00:34:13
B_03100L4004_1,0,B_0300L4-REPARGEN1,6,00:36:27,00:36:27
B_03100L4004_1,0,B_0300L4-REPCHILE1,7,00:38:31,00:38:31
B_03100L4004_1,0,B_0300L4-TEATROBLAN1,8,00:40:42,00:40:42
B_03100L4004_1,0,B_0300L4-BELLASARTES1,9,00:43:14,00:43:14
B_03100L4004_1,0,B_0300L4-HIDALGO1,10,00:50:16,00:50:16
B_03100L5000_0,0,B_0300L5-RIOREMEDIOS,1,00:00:00,00:00:00
B_03100L5000_0,0,B_0300L5-NEWSDIVINE,2,00:02:29,00:02:29
B_03100L5000_0,0,B_0300L5-5MAYO,3,00:03:53,00:03:53
B_03100L5000_0,0,B_0300L5-VASCOQUIRO,4,00:05:19,00:05:19
B_03100L5000_0,0,B_0300L5-COYOL,5,00:07:32,00:07:32
B_03100L5000_0,0,B_0300L5-PREPA3,6,00:09:00,00:09:00
B_03100L5000_0,0,B_0300L5-SANJUANARAGO,7,00:10:22,00:10:22
B_03100L5000_0,0,B_0300L5-RIOGPE,8,00:11:49,00:11:49
B_03100L5000_0,0,B_0300L5-TALISMAN,9,00:13:42,00:13:42
B_03100L5000_0,0,B_0300L5-VICTORIA,10,00:15:04,00:15:04
B_03100L5000_0,0,B_0300L5-OTE101,11,00:17:32,00:17:32
B_03100L5000_0,0,B_0300L5-RIOSTACOLETA,12,00:19:20,00:19:20
B_03100L5000_0,0,B_0300L5-RIOCONSULADO,13,00:20:14,00:20:14
B_03100L5000_0,0,B_0300L5-CANALNTE,14,00:21:49,00:21:49
B_03100L5000_0,0,B_0300L5-DVOEDOMOLINA,15,00:23:36,00:23:36
B_03100L5000_0,0,B_0300L5-MDOMORELOS,16,00:24:54,00:24:54
B_03100L5000_0,0,B_0300L5-ARCHGRALNAC,17,00:26:21,00:26:21
B_03100L5000_0,0,B_0300L5-SANLAZARO,18,00:28:29,00:28:29
B_03100L5000_0,0,B_0300L5-MOCTEZUMA,19,00:31:03,00:31:03
B_03100L5000_0,0,B_0300L5-VENUSTIANOCARR,20,00:33:45,00:33:45
B_03100L5000_0,0,B_0300L5-AVTALLER,21,00:35:43,00:35:43
B_03100L5000_0,0,B_0300L5-MIXIUHCA,22,00:37:20,00:37:20
B_03100L5000_0,0,B_0300L5-HTALGRALTRONCO,23,00:38:18,00:38:18
B_03100L5000_0,0,B_0300L5-MCOYUYA,24,00:40:26,00:40:26
B_03100L5000_0,0,B_0300L5-RECREO,25,00:42:22,00:42:22
B_03100L5000_0,0,B_0300L5-OTE116,26,00:43:43,00:43:43
B_03100L5000_0,0,B_0300L5-COLBACH3,27,00:45:08,00:45:08
B_03100L5000_0,0,B_0300L5-CANALAPATLACO,28,00:46:23,00:46:23
B_03100L5000_0,0,B_0300L5-APATLACO,29,00:48:09,00:48:09
B_03100L5000_0,0,B_0300L5-ACULCO,30,00:49:20,00:49:20
B_03100L5000_0,0,B_0300L5-CHURUOTE,31,00:50:29,00:50:29
B_03100L5000_0,0,B_0300L5-ESCUADRON201,32,00:52:29,00:52:29
B_03100L5000_0,0,B_0300L5-ATANASIOSARA,33,00:54:12,00:54:12
B_03100L5000_0,0,B_0300L5-ERMITAIZTAPA,34,00:55:51,00:55:51
B_03100L5000_0,0,B_0300L5-GANADEROS,35,00:58:11,00:58:11
B_03100L5000_0,0,B_0300L5-PUEBLOREYES,36,00:58:57,00:58:57
B_03100L5000_0,0,B_0300L5-BARRIOSANANTO,37,01:00:41,01:00:41
B_03100L5000_0,0,B_0300L5-CALZTASQUENA,38,01:02:14,01:02:14
B_03100L5000_0,0,B_0300L5-CAFETALES,39,01:04:00,01:04:00
B_03100L5000_0,0,B_0300L5-ESIMECULHUACAN,40,01:05:35,01:05:35
B_03100L5000_0,0,B_0300L5-MANUELASAENZ,41,01:07:20,01:07:20
B_03100L5000_0,0,B_0300L5-VIRGEN,42,01:08:36,01:08:36
B_03100L5000_0,0,B_0300L5-TEPETLAPA,43,01:10:15,01:10:15
B_03100L5000_0,0,B_0300L5-BOMBAS,44,01:12:02,01:12:02
B_03100L5000_0,0,B_0300L5-VISTAHERMOSA,45,01:13:42,01:13:42
B_03100L5000_0,0,B_0300L5-CALZHUESO,46,01:15:51,01:15:51
B_03100L5000_0,0,B_0300L5-CANAVERALES,47,01:17:48,01:17:48
B_03100L5000_0,0,B_0300L5-MUYUGUARDA,48,01:21:38,01:21:38
B_03100L5000_0,0,B_0300L5-CTOCUEMANCO,49,01:23:09,01:23:09
B_03100L5000_0,0,B_0300L5-DIFXOCHIMIL,50,01:24:28,01:24:28
B_03100L5000_0,0,B_0300L5-PREPA1,51,01:26:07,01:26:07
B_03100L5000_1,0,B_0300L5-PREPA1,1,00:00:00,00:00:00
B_03100L5000_1,0,B_0300L5-DIFXOCHIMIL,2,00:01:38,00:01:38
B_03100L5000_1,0,B_0300L5-CTOCUEMANCO,3,00:02:59,00:02:59
B_03100L5000_1,0,B_0300L5-MUYUGUARDA,4,00:04:30,00:04:30
B_03100L5000_1,0,B_0300L5-CANAVERALES,5,00:08:24,00:08:24
B_03100L5000_1,0,B_0300L5-CALZHUESO,6,00:10:21,00:10:21
B_03100L5000_1,0,B_0300L5-VISTAHERMOSA,7,00:12:30,00:12:30
B_03100L5000_1,0,B_0300L5-BOMBAS,8,00:14:10,00:14:10
B_03100L5000_1,0,B_0300L5-TEPETLAPA,9,00:15:58,00:15:58
B_03100L5000_1,0,B_0300L5-VIRGEN,10,00:17:37,00:17:37
B_03100L5000_1,0,B_0300L5-MANUELASAENZ,11,00:18:53,00:18:53
B_03100L5000_1,0,B_0300L5-ESIMECULHUACAN,12,00:20:38,00:20:38
B_03100L5000_1,0,B_0300L5-CAFETALES,13,00:22:13,00:22:13
B_03100L5000_1,0,B_0300L5-CALZTASQUENA,14,00:23:59,00:23:59
B_03100L5000_1,0,B_0300L5-BARRIOSANANTO,15,00:25:31,00:25:31
B_03100L5000_1,0,B_0300L5-PUEBLOREYES,16,00:27:15,00:27:15
B_03100L5000_1,0,B_0300L5-GANADEROS1,17,00:28:01,00:28:01
B_03100L5000_1,0,B_0300L5-ERMITAIZTAPA,18,00:30:21,00:30:21
B_03100L5000_1,0,B_0300L5-ATANASIOSARA,19,00:32:01,00:32:01
B_03100L5000_1,0,B_0300L5-ESCUADRON201,20,00:33:44,00:33:44
B_03100L5000_1,0,B_0300L5-CHURUOTE1,21,00:35:43,00:35:43
B_03100L5000_1,0,B_0300L5-ACULCO1,22,00:36:55,00:36:55
B_03100L5000_1,0,B_0300L5-APATLACO1,23,00:38:05,00:38:05
B_03100L5000_1,0,B_0300L5-CANALAPATLAC1,24,00:39:51,00:39:51
B_03100L5000_1,0,B_0300L5-COLBACH31,25,00:41:06,00:41:06
B_03100L5000_1,0,B_0300L5-OTE116,26,00:42:32,00:42:32
B_03100L5000_1,0,B_0300L5-RECREO1,27,00:43:50,00:43:50
B_03100L5000_1,0,B_0300L5-MCOYUYA,28,00:45:48,00:45:48
B_03100L5000_1,0,B_0300L5-HTALGRALTRONCO,29,00:47:56,00:47:56
B_03100L5000_1,0,B_0300L5-MIXIUHCA,30,00:48:54,00:48:54
B_03100L5000_1,0,B_0300L5-AVTALLER,31,00:50:31,00:50:31
B_03100L5000_1,0,B_0300L5-VENUSTIANOCARR,32,00:52:29,00:52:29
B_03100L5000_1,0,B_0300L5-MOCTEZUMA1,33,00:55:17,00:55:17
B_03100L5000_1,0,B_0300L5-SANLAZARO1,34,00:57:27,00:57:27
B_03100L5000_1,0,B_0300L5-ARCHGRALNAC,35,00:59:53,00:59:53
B_03100L5000_1,0,B_0300L5-MDOMORELOS,36,01:01:19,01:01:19
B_03100L5000_1,0,B_0300L5-DVOEDOMOLINA,37,01:02:37,01:02:37
B_03100L5000_1,0,B_0300L5-CANALNTE,38,01:04:24,01:04:24
B_03100L5000_1,0,B_0300L5-RIOCONSULADO1,39,01:05:58,01:05:58
B_03100L5000_1,0,B_0300L5-RIOSTACOLETA1,40,01:06:51,01:06:51
B_03100L5000_1,0,B_0300L5-OTE1011,41,01:08:40,01:08:40
B_03100L5000_1,0,B_0300L5-VICTORIA1,42,01:11:07,01:11:07
B_03100L5000_1,0,B_0300L5-TALISMAN1,43,01:12:30,01:12:30
B_03100L5000_1,0,B_0300L5-RIOGPE1,44,01:14:22,01:14:22
B_03100L5000_1,0,B_0300L5-SANJUANARAGO1,45,01:15:50,01:15:50
B_03100L5000_1,0,B_0300L5-PREPA31,46,01:17:08,01:17:08
B_03100L5000_1,0,B_0300L5-COYOL1,47,01:18:43,01:18:43
B_03100L5000_1,0,B_0300L5-VASCOQUIRO1,48,01:20:53,01:20:53
B_03100L5000_1,0,B_0300L5-5MAYO1,49,01:22:19,01:22:19
B_03100L5000_1,0,B_0300L5-NEWSDIVINE1,50,01:23:39,01:23:39
B_03100L5000_1,0,B_0300L5-RIOREMEDIOS,51,01:26:12,01:26:12
B_03100L5001_0,0,B_0300L5-RIOREMEDIOS,1,00:00:00,00:00:00
B_03100L5001_0,0,B_0300L5-NEWSDIVINE,2,00:02:29,00:02:29
B_03100L5001_0,0,B_0300L5-5MAYO,3,00:03:53,00:03:53
B_03100L5001_0,0,B_0300L5-VASCOQUIRO,4,00:05:19,00:05:19
B_03100L5001_0,0,B_0300L5-COYOL,5,00:07:32,00:07:32
B_03100L5001_0,0,B_0300L5-PREPA3,6,00:09:00,00:09:00
B_03100L5001_0,0,B_0300L5-SANJUANARAGO,7,00:10:22,00:10:22
B_03100L5001_0,0,B_0300L5-RIOGPE,8,00:11:49,00:11:49
B_03100L5001_0,0,B_0300L5-TALISMAN,9,00:13:42,00:13:42
B_03100L5001_0,0,B_0300L5-VICTORIA,10,00:15:04,00:15:04
B_03100L5001_0,0,B_0300L5-OTE101,11,00:17:32,00:17:32
B_03100L5001_0,0,B_0300L5-RIOSTACOLETA,12,00:19:20,00:19:20
B_03100L5001_0,0,B_0300L5-RIOCONSULADO,13,00:20:14,00:20:14
B_03100L5001_0,0,B_0300L5-CANALNTE,14,00:21:49,00:21:49
B_03100L5001_0,0,B_0300L5-DVOEDOMOLINA,15,00:23:36,00:23:36
B_03100L5001_0,0,B_0300L5-MDOMORELOS,16,00:24:54,00:24:54
B_03100L5001_0,0,B_0300L5-ARCHGRALNAC,17,00:26:21,00:26:21
B_03100L5001_0,0,B_0300L5-SANLAZARO,18,00:28:29,00:28:29
B_03100L5001_1,0,B_0300L5-SANLAZARO1,1,00:00:00,00:00:00
B_03100L5001_1,0,B_0300L5-ARCHGRALNAC,2,00:02:09,00:02:09
B_03100L5001_1,0,B_0300L5-MDOMORELOS,3,00:03:35,00:03:35
B_03100L5001_1,0,B_0300L5-DVOEDOMOLINA,4,00:04:53,00:04:53
B_03100L5001_1,0,B_0300L5-CANALNTE,5,00:06:40,00:06:40
B_03100L5001_1,0,B_0300L5-RIOCONSULADO1,6,00:08:14,00:08:14
B_03100L5001_1,0,B_0300L5-RIOSTACOLETA1,7,00:09:07,00:09:07
B_03100L5001_1,0,B_0300L5-OTE1011,8,00:10:56,00:10:56
B_03100L5001_1,0,B_0300L5-VICTORIA1,9,00:13:23,00:13:23
B_03100L5001_1,0,B_0300L5-TALISMAN1,10,00:14:46,00:14:46
B_03100L5001_1,0,B_0300L5-RIOGPE1,11,00:16:38,00:16:38
B_03100L5001_1,0,B_0300L5-SANJUANARAGO1,12,00:18:06,00:18:06
B_03100L5001_1,0,B_0300L5-PREPA31,13,00:19:24,00:19:24
B_03100L5001_1,0,B_0300L5-COYOL1,14,00:20:59,00:20:59
B_03100L5001_1,0,B_0300L5-VASCOQUIRO1,15,00:23:09,00:23:09
B_03100L5001_1,0,B_0300L5-5MAYO1,16,00:24:35,00:24:35
B_03100L5001_1,0,B_0300L5-NEWSDIVINE1,17,00:25:55,00:25:55
B_03100L5001_1,0,B_0300L5-RIOREMEDIOS,18,00:28:28,00:28:28
B_03100L5002_0,0,B_0300L5-SANLAZARO1,1,00:00:00,00:00:00
B_03100L5002_0,0,B_0300L5-MOCTEZUMA,2,00:02:17,00:02:17
B_03100L5002_0,0,B_0300L5-VENUSTIANOCARR,3,00:04:59,00:04:59
B_03100L5002_0,0,B_0300L5-AVTALLER,4,00:06:57,00:06:57
B_03100L5002_0,0,B_0300L5-MIXIUHCA,5,00:08:34,00:08:34
B_03100L5002_0,0,B_0300L5-HTALGRALTRONCO,6,00:09:32,00:09:32
B_03100L5002_0,0,B_0300L5-MCOYUYA,7,00:11:40,00:11:40
B_03100L5002_0,0,B_0300L5-RECREO,8,00:13:36,00:13:36
B_03100L5002_0,0,B_0300L5-OTE116,9,00:14:57,00:14:57
B_03100L5002_0,0,B_0300L5-COLBACH3,10,00:16:22,00:16:22
B_03100L5002_0,0,B_0300L5-CANALAPATLACO,11,00:17:37,00:17:37
B_03100L5002_0,0,B_0300L5-APATLACO,12,00:19:23,00:19:23
B_03100L5002_0,0,B_0300L5-ACULCO,13,00:20:34,00:20:34
B_03100L5002_0,0,B_0300L5-CHURUOTE,14,00:21:43,00:21:43
B_03100L5002_0,0,B_0300L5-ESCUADRON201,15,00:23:43,00:23:43
B_03100L5002_0,0,B_0300L5-ATANASIOSARA,16,00:25:26,00:25:26
B_03100L5002_0,0,B_0300L5-ERMITAIZTAPA,17,00:27:05,00:27:05
B_03100L5002_0,0,B_0300L5-GANADEROS,18,00:29:25,00:29:25
B_03100L5002_0,0,B_0300L5-PUEBLOREYES,19,00:30:11,00:30:11
B_03100L5002_0,0,B_0300L5-BARRIOSANANTO,20,00:31:55,00:31:55
B_03100L5002_0,0,B_0300L5-CALZTASQUENA,21,00:33:28,00:33:28
B_03100L5002_0,0,B_0300L5-CAFETALES,22,00:35:14,00:35:14
B_03100L5002_0,0,B_0300L5-ESIMECULHUACAN,23,00:36:49,00:36:49
B_03100L5002_0,0,B_0300L5-MANUELASAENZ,24,00:38:34,00:38:34
B_03100L5002_0,0,B_0300L5-VIRGEN,25,00:39:50,00:39:50
B_03100L5002_0,0,B_0300L5-TEPETLAPA,26,00:41:29,00:41:29
B_03100L5002_0,0,B_0300L5-BOMBAS,27,00:43:08,00:43:08
B_03100L5002_1,0,B_0300L5-BOMBAS,1,00:00:00,00:00:00
B_03100L5002_1,0,B_0300L5-TEPETLAPA,2,00:01:39,00:01:39
B_03100L5002_1,0,B_0300L5-VIRGEN,3,00:03:18,00:03:18
B_03100L5002_1,0,B_0300L5-MANUELASAENZ,4,00:04:34,00:04:34
B_03100L5002_1,0,B_0300L5-ESIMECULHUACAN,5,00:06:19,00:06:19
B_03100L5002_1,0,B_0300L5-CAFETALES,6,00:07:54,00:07:54
B_03100L5002_1,0,B_0300L5-CALZTASQUENA,7,00:09:40,00:09:40
B_03100L5002_1,0,B_0300L5-BARRIOSANANTO,8,00:11:12,00:11:12
B_03100L5002_1,0,B_0300L5-PUEBLOREYES,9,00:12:56,00:12:56
B_03100L5002_1,0,B_0300L5-GANADEROS1,10,00:13:42,00:13:42
B_03100L5002_1,0,B_0300L5-ERMITAIZTAPA,11,00:16:02,00:16:02
B_03100L5002_1,0,B_0300L5-ATANASIOSARA,12,00:17:42,00:17:42
B_03100L5002_1,0,B_0300L5-ESCUADRON201,13,00:19:25,00:19:25
B_03100L5002_1,0,B_0300L5-CHURUOTE1,14,00:21:24,00:21:24
B_03100L5002_1,0,B_0300L5-ACULCO1,15,00:22:36,00:22:36
B_03100L5002_1,0,B_0300L5-APATLACO1,16,00:23:46,00:23:46
B_03100L5002_1,0,B_0300L5-CANALAPATLAC1,17,00:25:32,00:25:32
B_03100L5002_1,0,B_0300L5-COLBACH31,18,00:26:47,00:26:47
B_03100L5002_1,0,B_0300L5-OTE116,19,00:28:13,00:28:13
B_03100L5002_1,0,B_0300L5-RECREO1,20,00:29:31,00:29:31
B_03100L5002_1,0,B_0300L5-MCOYUYA,21,00:31:29,00:31:29
B_03100L5002_1,0,B_0300L5-HTALGRALTRONCO,22,00:33:37,00:33:37
B_03100L5002_1,0,B_0300L5-MIXIUHCA,23,00:34:35,00:34:35
B_03100L5002_1,0,B_0300L5-AVTALLER,24,00:36:12,00:36:12
B_03100L5002_1,0,B_0300L5-VENUSTIANOCARR,25,00:38:10,00:38:10
B_03100L5002_1,0,B_0300L5-MOCTEZUMA1,26,00:40:58,00:40:58
B_03100L5002_1,0,B_0300L5-SANLAZARO1,27,00:43:07,00:43:07
B_03100L5003_0,0,B_0300L5-SANLAZARO1,1,00:00:00,00:00:00
B_03100L5003_0,0,B_0300L5-MOCTEZUMA,2,00:02:17,00:02:17
B_03100L5003_0,0,B_0300L5-VENUSTIANOCARR,3,00:04:59,00:04:59
B_03100L5003_0,0,B_0300L5-AVTALLER,4,00:06:57,00:06:57
B_03100L5003_0,0,B_0300L5-MIXIUHCA,5,00:08:34,00:08:34
B_03100L5003_0,0,B_0300L5-HTALGRALTRONCO,6,00:09:32,00:09:32
B_03100L5003_0,0,B_0300L5-MCOYUYA,7,00:11:40,00:11:40
B_03100L5003_0,0,B_0300L5-RECREO,8,00:13:36,00:13:36
B_03100L5003_0,0,B_0300L5-OTE116,9,00:14:57,00:14:57
B_03100L5003_0,0,B_0300L5-COLBACH3,10,00:16:22,00:16:22
B_03100L5003_0,0,B_0300L5-CANALAPATLACO,11,00:17:37,00:17:37
B_03100L5003_0,0,B_0300L5-APATLACO,12,00:19:23,00:19:23
B_03100L5003_0,0,B_0300L5-ACULCO,13,00:20:34,00:20:34
B_03100L5003_0,0,B_0300L5-CHURUOTE,14,00:21:43,00:21:43
B_03100L5003_0,0,B_0300L5-ESCUADRON201,15,00:23:43,00:23:43
B_03100L5003_0,0,B_0300L5-ATANASIOSARA,16,00:25:26,00:25:26
B_03100L5003_0,0,B_0300L5-ERMITAIZTAPA,17,00:27:05,00:27:05
B_03100L5003_0,0,B_0300L5-GANADEROS,18,00:29:25,00:29:25
B_03100L5003_0,0,B_0300L5-PUEBLOREYES,19,00:30:11,00:30:11
B_03100L5003_0,0,B_0300L5-BARRIOSANANTO,20,00:31:55,00:31:55
B_03100L5003_0,0,B_0300L5-CALZTASQUENA,21,00:33:28,00:33:28
B_03100L5003_0,0,B_0300L5-CAFETALES,22,00:35:14,00:35:14
B_03100L5003_0,0,B_0300L5-ESIMECULHUACAN,23,00:36:49,00:36:49
B_03100L5003_0,0,B_0300L5-MANUELASAENZ,24,00:38:34,00:38:34
B_03100L5003_0,0,B_0300L5-VIRGEN,25,00:39:50,00:39:50
B_03100L5003_0,0,B_0300L5-TEPETLAPA,26,00:41:29,00:41:29
B_03100L5003_0,0,B_0300L5-BOMBAS,27,00:43:16,00:43:16
B_03100L5003_0,0,B_0300L5-VISTAHERMOSA,28,00:44:56,00:44:56
B_03100L5003_0,0,B_0300L5-CALZHUESO,29,00:47:05,00:47:05
B_03100L5003_0,0,B_0300L5-CANAVERALES,30,00:49:02,00:49:02
B_03100L5003_0,0,B_0300L5-MUYUGUARDA,31,00:52:52,00:52:52
B_03100L5003_0,0,B_0300L5-CTOCUEMANCO,32,00:54:23,00:54:23
B_03100L5003_0,0,B_0300L5-DIFXOCHIMIL,33,00:55:42,00:55:42
B_03100L5003_0,0,B_0300L5-PREPA1,34,00:57:21,00:57:21
B_03100L5003_1,0,B_0300L5-PREPA1,1,00:00:00,00:00:00
B_03100L5003_1,0,B_0300L5-DIFXOCHIMIL,2,00:01:38,00:01:38
B_03100L5003_1,0,B_0300L5-CTOCUEMANCO,3,00:02:59,00:02:59
B_03100L5003_1,0,B_0300L5-MUYUGUARDA,4,00:04:30,00:04:30
B_03100L5003_1,0,B_0300L5-CANAVERALES,5,00:08:24,00:08:24
B_03100L5003_1,0,B_0300L5-CALZHUESO,6,00:10:21,00:10:21
B_03100L5003_1,0,B_0300L5-VISTAHERMOSA,7,00:12:30,00:12:30
B_03100L5003_1,0,B_0300L5-BOMBAS,8,00:14:10,00:14:10
B_03100L5003_1,0,B_0300L5-TEPETLAPA,9,00:15:58,00:15:58
B_03100L5003_1,0,B_0300L5-VIRGEN,10,00:17:37,00:17:37
B_03100L5003_1,0,B_0300L5-MANUELASAENZ,11,00:18:53,00:18:53
B_03100L5003_1,0,B_0300L5-ESIMECULHUACAN,12,00:20:38,00:20:38
B_03100L5003_1,0,B_0300L5-CAFETALES,13,00:22:13,00:22:13
B_03100L5003_1,0,B_0300L5-CALZTASQUENA,14,00:23:59,00:23:59
B_03100L5003_1,0,B_0300L5-BARRIOSANANTO,15,00:25:31,00:25:31
B_03100L5003_1,0,B_0300L5-PUEBLOREYES,16,00:27:15,00:27:15
B_03100L5003_1,0,B_0300L5-GANADEROS1,17,00:28:01,00:28:01
B_03100L5003_1,0,B_0300L5-ERMITAIZTAPA,18,00:30:21,00:30:21
B_03100L5003_1,0,B_0300L5-ATANASIOSARA,19,00:32:01,00:32:01
B_03100L5003_1,0,B_0300L5-ESCUADRON201,20,00:33:44,00:33:44
B_03100L5003_1,0,B_0300L5-CHURUOTE1,21,00:35:43,00:35:43
B_03100L5003_1,0,B_0300L5-ACULCO1,22,00:36:55,00:36:55
B_03100L5003_1,0,B_0300L5-APATLACO1,23,00:38:05,00:38:05
B_03100L5003_1,0,B_0300L5-CANALAPATLAC1,24,00:39:51,00:39:51
B_03100L5003_1,0,B_0300L5-COLBACH31,25,00:41:06,00:41:06
B_03100L5003_1,0,B_0300L5-OTE116,26,00:42:32,00:42:32
B_03100L5003_1,0,B_0300L5-RECREO1,27,00:43:50,00:43:50
B_03100L5003_1,0,B_0300L5-MCOYUYA,28,00:45:48,00:45:48
B_03100L5003_1,0,B_0300L5-HTALGRALTRONCO,29,00:47:56,00:47:56
B_03100L5003_1,0,B_0300L5-MIXIUHCA,30,00:48:54,00:48:54
B_03100L5003_1,0,B_0300L5-AVTALLER,31,00:50:31,00:50:31
B_03100L5003_1,0,B_0300L5-VENUSTIANOCARR,32,00:52:29,00:52:29
B_03100L5003_1,0,B_0300L5-MOCTEZUMA1,33,00:55:17,00:55:17
B_03100L5003_1,0,B_0300L5-SANLAZARO1,34,00:57:26,00:57:26
B_03100L5004_0,0,B_0300L5-SANLAZARO1,1,00:00:00,00:00:00
B_03100L5004_0,0,B_0300L5-MOCTEZUMA,2,00:00:00,00:00:00
B_03100L5004_0,0,B_0300L5-VENUSTIANOCARR,3,00:00:00,00:00:00
B_03100L5004_0,0,B_0300L5-AVTALLER,4,00:00:00,00:00:00
B_03100L5004_0,0,B_0300L5-MIXIUHCA,5,00:00:00,00:00:00
B_03100L5004_0,0,B_0300L5-HTALGRALTRONCO,6,00:00:00,00:00:00
B_03100L5004_0,0,B_0300L5-MCOYUYA,7,00:00:00,00:00:00
B_03100L5004_0,0,B_0300L5-RECREO,8,00:00:00,00:00:00
B_03100L5004_0,0,B_0300L5-OTE116,9,00:01:48,00:01:48
B_03100L5004_0,0,B_0300L5-COLBACH3,10,00:03:27,00:03:27
B_03100L5004_0,0,B_0300L5-CANALAPATLACO,11,00:04:43,00:04:43
B_03100L5004_0,0,B_0300L5-APATLACO,12,00:06:28,00:06:28
B_03100L5004_0,0,B_0300L5-ACULCO,13,00:08:03,00:08:03
B_03100L5004_0,0,B_0300L5-CHURUOTE,14,00:09:49,00:09:49
B_03100L5004_0,0,B_0300L5-ESCUADRON201,15,00:11:21,00:11:21
B_03100L5004_0,0,B_0300L5-ATANASIOSARA,16,00:13:05,00:13:05
B_03100L5004_0,0,B_0300L5-ERMITAIZTAPA,17,00:13:51,00:13:51
B_03100L5004_0,0,B_0300L5-GANADEROS,18,00:16:11,00:16:11
B_03100L5004_0,0,B_0300L5-PUEBLOREYES,19,00:17:50,00:17:50
B_03100L5004_0,0,B_0300L5-BARRIOSANANTO,20,00:19:33,00:19:33
B_03100L5004_0,0,B_0300L5-CALZTASQUENA,21,00:21:32,00:21:32
B_03100L5004_0,0,B_0300L5-CAFETALES,22,00:22:44,00:22:44
B_03100L5004_0,0,B_0300L5-ESIMECULHUACAN,23,00:23:54,00:23:54
B_03100L5004_0,0,B_0300L5-MANUELASAENZ,24,00:25:40,00:25:40
B_03100L5004_0,0,B_0300L5-VIRGEN,25,00:26:55,00:26:55
B_03100L5004_0,0,B_0300L5-TEPETLAPA,26,00:28:20,00:28:20
B_03100L5004_0,0,B_0300L5-BOMBAS,27,00:29:40,00:29:40
B_03100L5004_0,0,B_0300L5-VISTAHERMOSA,28,00:31:37,00:31:37
B_03100L5004_0,0,B_0300L5-CALZHUESO,29,00:33:45,00:33:45
B_03100L5004_0,0,B_0300L5-CANAVERALES,30,00:34:43,00:34:43
B_03100L5004_0,0,B_0300L5-MUYUGUARDA,31,00:36:20,00:36:20
B_03100L5004_0,0,B_0300L5-CTOCUEMANCO,32,00:38:18,00:38:18
B_03100L5004_0,0,B_0300L5-DIFXOCHIMIL,33,00:41:00,00:41:00
B_03100L5004_0,0,B_0300L5-PREPA1,34,00:43:15,00:43:15
B_03100L5004_1,0,B_0300L5-PREPA1,1,00:00:00,00:00:00
B_03100L5004_1,0,B_0300L5-DIFXOCHIMIL,2,00:02:11,00:02:11
B_03100L5004_1,0,B_0300L5-CTOCUEMANCO,3,00:04:59,00:04:59
B_03100L5004_1,0,B_0300L5-MUYUGUARDA,4,00:06:57,00:06:57
B_03100L5004_1,0,B_0300L5-CANAVERALES,5,00:08:34,00:08:34
B_03100L5004_1,0,B_0300L5-CALZHUESO,6,00:09:32,00:09:32
B_03100L5004_1,0,B_0300L5-VISTAHERMOSA,7,00:11:40,00:11:40
B_03100L5004_1,0,B_0300L5-BOMBAS,8,00:13:38,00:13:38
B_03100L5004_1,0,B_0300L5-TEPETLAPA,9,00:14:58,00:14:58
B_03100L5004_1,0,B_0300L5-VIRGEN,10,00:16:23,00:16:23
B_03100L5004_1,0,B_0300L5-MANUELASAENZ,11,00:17:38,00:17:38
B_03100L5004_1,0,B_0300L5-ESIMECULHUACAN,12,00:19:25,00:19:25
B_03100L5004_1,0,B_0300L5-CAFETALES,13,00:20:35,00:20:35
B_03100L5004_1,0,B_0300L5-CALZTASQUENA,14,00:21:44,00:21:44
B_03100L5004_1,0,B_0300L5-BARRIOSANANTO,15,00:23:43,00:23:43
B_03100L5004_1,0,B_0300L5-PUEBLOREYES,16,00:25:26,00:25:26
B_03100L5004_1,0,B_0300L5-GANADEROS1,17,00:27:05,00:27:05
B_03100L5004_1,0,B_0300L5-ERMITAIZTAPA,18,00:29:24,00:29:24
B_03100L5004_1,0,B_0300L5-ATANASIOSARA,19,00:30:10,00:30:10
B_03100L5004_1,0,B_0300L5-ESCUADRON201,20,00:31:54,00:31:54
B_03100L5004_1,0,B_0300L5-CHURUOTE1,21,00:33:27,00:33:27
B_03100L5004_1,0,B_0300L5-ACULCO1,22,00:35:13,00:35:13
B_03100L5004_1,0,B_0300L5-APATLACO1,23,00:36:48,00:36:48
B_03100L5004_1,0,B_0300L5-CANALAPATLAC1,24,00:38:33,00:38:33
B_03100L5004_1,0,B_0300L5-COLBACH31,25,00:39:50,00:39:50
B_03100L5004_1,0,B_0300L5-OTE116,26,00:41:29,00:41:29
B_03100L5004_1,0,B_0300L5-RECREO1,27,00:43:16,00:43:16
B_03100L5004_1,0,B_0300L5-MCOYUYA,28,00:43:16,00:43:16
B_03100L5004_1,0,B_0300L5-HTALGRALTRONCO,29,00:43:16,00:43:16
B_03100L5004_1,0,B_0300L5-MIXIUHCA,30,00:43:16,00:43:16
B_03100L5004_1,0,B_0300L5-AVTALLER,31,00:43:16,00:43:16
B_03100L5004_1,0,B_0300L5-VENUSTIANOCARR,32,00:43:16,00:43:16
B_03100L5004_1,0,B_0300L5-MOCTEZUMA1,33,00:43:16,00:43:16
B_03100L5004_1,0,B_0300L5-SANLAZARO1,34,00:43:16,00:43:16
B_03100L6000_0,0,B_0300L6-ROSARIO,1,00:00:00,00:00:00
B_03100L6000_0,0,B_0300L6-COLBACH1,2,00:02:09,00:02:09
B_03100L6000_0,0,B_0300L6-CULTURAS,3,00:03:57,00:03:57
B_03100L6000_0,0,B_0300L6-FERRONALES,4,00:07:13,00:07:13
B_03100L6000_0,0,B_0300L6-UAMAZCAPOTZ,5,00:08:59,00:08:59
B_03100L6000_0,0,B_0300L6-TECNOPARQUE,6,00:11:01,00:11:01
B_03100L6000_0,0,B_0300L6-NTE59,7,00:16:28,00:16:28
B_03100L6000_0,0,B_0300L6-NTE45,8,00:18:43,00:18:43
B_03100L6000_0,0,B_0300L6-MONTEVIDEO,9,00:21:19,00:21:19
B_03100L6000_0,0,B_0300L6-LIND-VALLEJO,10,00:23:16,00:23:16
B_03100L6000_0,0,B_0300L6-INSTPETRO,11,00:24:22,00:24:22
B_03100L6000_0,0,B_0300L6-BARTOLO,12,00:26:42,00:26:42
B_03100L6000_0,0,B_0300L6-IPN,13,00:29:13,00:29:13
B_03100L6000_0,0,B_0300L6-RIOBAMBA,14,00:31:09,00:31:09
B_03100L6000_0,0,B_0300L6-DVO18MZO,15,00:33:23,00:33:23
B_03100L6000_0,0,B_0300L6-VILLA,16,00:34:32,00:34:32
B_03100L6000_0,0,B_0300L6-DELGAM,17,00:38:18,00:38:18
B_03100L6000_0,0,B_0300L6-MARTINCARR,18,00:41:03,00:41:03
B_03100L6000_0,0,B_0300L6-HOSPGRALVILLA,19,00:42:45,00:42:45
B_03100L6000_0,0,B_0300L6-JUANARAGON,20,00:44:24,00:44:24
B_03100L6000_0,0,B_0300L6-GRANCANAL,21,00:46:08,00:46:08
B_03100L6000_0,0,B_0300L6-CASASALEMAN,22,00:48:15,00:48:15
B_03100L6000_0,0,B_0300L6-PBLOARAGON,23,00:49:46,00:49:46
B_03100L6000_0,0,B_0300L6-LORETOFABE,24,00:52:24,00:52:24
B_03100L6000_0,0,B_0300L6-482,25,00:54:30,00:54:30
B_03100L6000_0,0,B_0300L6-414,26,00:56:40,00:56:40
B_03100L6000_0,0,B_0300L6-416OTE,27,00:57:46,00:57:46
B_03100L6000_0,0,B_0300L6-PRADERA,28,00:59:38,00:59:38
B_03100L6000_0,0,B_0300L6-COLBACH9,29,01:01:34,01:01:34
B_03100L6000_0,0,B_0300L6-FCOMORAZAN,30,01:03:11,01:03:11
B_03100L6000_0,0,B_0300L6-VILLARAGON,31,01:04:24,01:04:24
B_03100L6000_1,0,B_0300L6-VILLARAGON,1,00:00:00,00:00:00
B_03100L6000_1,0,B_0300L6-FCOMORAZAN,2,00:01:13,00:01:13
B_03100L6000_1,0,B_0300L6-COLBACH9,3,00:02:50,00:02:50
B_03100L6000_1,0,B_0300L6-PRADERA,4,00:04:46,00:04:46
B_03100L6000_1,0,B_0300L6-VOLCANFUEGO,5,00:06:53,00:06:53
B_03100L6000_1,0,B_0300L6-AMPLPROVID,6,00:08:26,00:08:26
B_03100L6000_1,0,B_0300L6-DVOGALEANA,7,00:10:19,00:10:19
B_03100L6000_1,0,B_0300L6-416PTE,8,00:12:45,00:12:45
B_03100L6000_1,0,B_0300L6-LORETOFABE,9,00:15:03,00:15:03
B_03100L6000_1,0,B_0300L6-PBLOARAGON,10,00:17:41,00:17:41
B_03100L6000_1,0,B_0300L6-CASASALEMAN,11,00:19:12,00:19:12
B_03100L6000_1,0,B_0300L6-GRANCANAL,12,00:21:19,00:21:19
B_03100L6000_1,0,B_0300L6-JUANARAGON,13,00:23:03,00:23:03
B_03100L6000_1,0,B_0300L6-HOSPGRALVILLA,14,00:24:42,00:24:42
B_03100L6000_1,0,B_0300L6-MARTINCARR,15,00:26:24,00:26:24
B_03100L6000_1,0,B_0300L6-DELGAM,16,00:29:09,00:29:09
B_03100L6000_1,0,B_0300L6-HOSPINFVILLA,17,00:31:45,00:31:45
B_03100L6000_1,0,B_0300L6-MISTERIOS,18,00:33:28,00:33:28
B_03100L6000_1,0,B_0300L6-VILLA,19,00:34:40,00:34:40
B_03100L6000_1,0,B_0300L6-DVO18MZO,20,00:35:49,00:35:49
B_03100L6000_1,0,B_0300L6-RIOBAMBA,21,00:38:03,00:38:03
B_03100L6000_1,0,B_0300L6-IPN,22,00:39:59,00:39:59
B_03100L6000_1,0,B_0300L6-BARTOLO,23,00:42:30,00:42:30
B_03100L6000_1,0,B_0300L6-INSTPETRO,24,00:44:50,00:44:50
B_03100L6000_1,0,B_0300L6-LIND-VALLEJO,25,00:45:56,00:45:56
B_03100L6000_1,0,B_0300L6-MONTEVIDEO,26,00:47:53,00:47:53
B_03100L6000_1,0,B_0300L6-NTE45,27,00:50:29,00:50:29
B_03100L6000_1,0,B_0300L6-NTE59,28,00:52:44,00:52:44
B_03100L6000_1,0,B_0300L6-TECNOPARQUE,29,00:58:11,00:58:11
B_03100L6000_1,0,B_0300L6-UAMAZCAPOTZ,30,01:00:13,01:00:13
B_03100L6000_1,0,B_0300L6-FERRONALES,31,01:01:59,01:01:59
B_03100L6000_1,0,B_0300L6-CULTURAS,32,01:05:15,01:05:15
B_03100L6000_1,0,B_0300L6-COLBACH1,33,01:07:03,01:07:03
B_03100L6000_1,0,B_0300L6-ROSARIO,34,01:09:12,01:09:12
B_03100L6001_0,0,B_0300L6-IPN,1,00:00:00,00:00:00
B_03100L6001_0,0,B_0300L6-RIOBAMBA,2,00:01:56,00:01:56
B_03100L6001_0,0,B_0300L6-DVO18MZO,3,00:04:10,00:04:10
B_03100L6001_0,0,B_0300L6-VILLA,4,00:05:19,00:05:19
B_03100L6001_0,0,B_0300L6-DELGAM,5,00:09:05,00:09:05
B_03100L6001_0,0,B_0300L6-MARTINCARR,6,00:11:50,00:11:50
B_03100L6001_0,0,B_0300L6-HOSPGRALVILLA,7,00:13:32,00:13:32
B_03100L6001_0,0,B_0300L6-JUANARAGON,8,00:15:11,00:15:11
B_03100L6001_0,0,B_0300L6-GRANCANAL,9,00:16:55,00:16:55
B_03100L6001_0,0,B_0300L6-CASASALEMAN,10,00:19:02,00:19:02
B_03100L6001_0,0,B_0300L6-PBLOARAGON,11,00:20:33,00:20:33
B_03100L6001_0,0,B_0300L6-LORETOFABE,12,00:23:11,00:23:11
B_03100L6001_0,0,B_0300L6-482,13,00:25:17,00:25:17
B_03100L6001_0,0,B_0300L6-414,14,00:27:27,00:27:27
B_03100L6001_0,0,B_0300L6-416OTE,15,00:28:33,00:28:33
B_03100L6001_0,0,B_0300L6-PRADERA,16,00:30:25,00:30:25
B_03100L6001_0,0,B_0300L6-COLBACH9,17,00:32:21,00:32:21
B_03100L6001_0,0,B_0300L6-FCOMORAZAN,18,00:33:58,00:33:58
B_03100L6001_0,0,B_0300L6-VILLARAGON,19,00:35:11,00:35:11
B_03100L6001_1,0,B_0300L6-VILLARAGON,1,00:00:00,00:00:00
B_03100L6001_1,0,B_0300L6-FCOMORAZAN,2,00:01:13,00:01:13
B_03100L6001_1,0,B_0300L6-COLBACH9,3,00:02:50,00:02:50
B_03100L6001_1,0,B_0300L6-PRADERA,4,00:04:46,00:04:46
B_03100L6001_1,0,B_0300L6-VOLCANFUEGO,5,00:06:53,00:06:53
B_03100L6001_1,0,B_0300L6-AMPLPROVID,6,00:08:26,00:08:26
B_03100L6001_1,0,B_0300L6-DVOGALEANA,7,00:10:19,00:10:19
B_03100L6001_1,0,B_0300L6-416PTE,8,00:12:45,00:12:45
B_03100L6001_1,0,B_0300L6-LORETOFABE,9,00:15:03,00:15:03
B_03100L6001_1,0,B_0300L6-PBLOARAGON,10,00:17:41,00:17:41
B_03100L6001_1,0,B_0300L6-CASASALEMAN,11,00:19:12,00:19:12
B_03100L6001_1,0,B_0300L6-GRANCANAL,12,00:21:19,00:21:19
B_03100L6001_1,0,B_0300L6-JUANARAGON,13,00:23:03,00:23:03
B_03100L6001_1,0,B_0300L6-HOSPGRALVILLA,14,00:24:42,00:24:42
B_03100L6001_1,0,B_0300L6-MARTINCARR,15,00:26:24,00:26:24
B_03100L6001_1,0,B_0300L6-DELGAM,16,00:29:09,00:29:09
B_03100L6001_1,0,B_0300L6-HOSPINFVILLA,17,00:31:45,00:31:45
B_03100L6001_1,0,B_0300L6-MISTERIOS,18,00:33:28,00:33:28
B_03100L6001_1,0,B_0300L6-VILLA,19,00:34:40,00:34:40
B_03100L6001_1,0,B_0300L6-DVO18MZO,20,00:35:49,00:35:49
B_03100L6001_1,0,B_0300L6-RIOBAMBA,21,00:38:03,00:38:03
B_03100L6001_1,0,B_0300L6-IPN,22,00:39:59,00:39:59
B_03100L6002_0,0,B_0300L6-ROSARIO,1,00:00:00,00:00:00
B_03100L6002_0,0,B_0300L6-COLBACH1,2,00:02:09,00:02:09
B_03100L6002_0,0,B_0300L6-CULTURAS,3,00:03:57,00:03:57
B_03100L6002_0,0,B_0300L6-FERRONALES,4,00:07:13,00:07:13
B_03100L6002_0,0,B_0300L6-UAMAZCAPOTZ,5,00:08:59,00:08:59
B_03100L6002_0,0,B_0300L6-TECNOPARQUE,6,00:11:01,00:11:01
B_03100L6002_0,0,B_0300L6-NTE59,7,00:16:28,00:16:28
B_03100L6002_0,0,B_0300L6-MONTEVIDEO,8,00:21:19,00:21:19
B_03100L6002_0,0,B_0300L6-LIND-VALLEJO,9,00:23:16,00:23:16
B_03100L6002_0,0,B_0300L6-INSTPETRO,10,00:24:22,00:24:22
B_03100L6002_0,0,B_0300L6-BARTOLO,11,00:26:42,00:26:42
B_03100L6002_0,0,B_0300L6-IPN,12,00:29:13,00:29:13
B_03100L6002_0,0,B_0300L6-RIOBAMBA,13,00:31:09,00:31:09
B_03100L6002_0,0,B_0300L6-DVO18MZO,14,00:33:23,00:33:23
B_03100L6002_1,0,B_0300L6-DVO18MZO,1,00:00:00,00:00:00
B_03100L6002_1,0,B_0300L6-RIOBAMBA,2,00:02:14,00:02:14
B_03100L6002_1,0,B_0300L6-IPN,3,00:04:10,00:04:10
B_03100L6002_1,0,B_0300L6-BARTOLO,4,00:06:41,00:06:41
B_03100L6002_1,0,B_0300L6-INSTPETRO,5,00:09:01,00:09:01
B_03100L6002_1,0,B_0300L6-LIND-VALLEJO,6,00:10:07,00:10:07
B_03100L6002_1,0,B_0300L6-MONTEVIDEO,7,00:12:04,00:12:04
B_03100L6002_1,0,B_0300L6-NTE59,8,00:16:55,00:16:55
B_03100L6002_1,0,B_0300L6-TECNOPARQUE,9,00:22:22,00:22:22
B_03100L6002_1,0,B_0300L6-UAMAZCAPOTZ,10,00:24:24,00:24:24
B_03100L6002_1,0,B_0300L6-FERRONALES,11,00:26:10,00:26:10
B_03100L6002_1,0,B_0300L6-CULTURAS,12,00:29:26,00:29:26
B_03100L6002_1,0,B_0300L6-COLBACH1,13,00:31:14,00:31:14
B_03100L6002_1,0,B_0300L6-ROSARIO,14,00:33:23,00:33:23
B_03100L7000_0,0,B_0300L7-INDIOSVERDES,1,00:00:00,00:00:00
B_03100L7000_0,0,B_0300L7-MISTERIOS,2,00:03:25,00:03:25
B_03100L7000_0,0,B_0300L7-GARRIDO0,3,00:05:35,00:05:35
B_03100L7000_0,0,B_0300L7-TALISMAN0,4,00:07:59,00:07:59
B_03100L7000_0,0,B_0300L7-NECAXA0,5,00:09:19,00:09:19
B_03100L7000_0,0,B_0300L7-EXCELSIOR0,6,00:11:31,00:11:31
B_03100L7000_0,0,B_0300L7-ROBLESDZ0,7,00:13:29,00:13:29
B_03100L7000_0,0,B_0300L7-CLAVE0,8,00:15:26,00:15:26
B_03100L7000_0,0,B_0300L7-MISTERIOS0,9,00:16:47,00:16:47
B_03100L7000_0,0,B_0300L7-MDOBEET0,10,00:19:20,00:19:20
B_03100L7000_0,0,B_0300L7-PERALVILLO0,11,00:21:26,00:21:26
B_03100L7000_0,0,B_0300L7-TRESCULT0,12,00:22:56,00:22:56
B_03100L7000_0,0,B_0300L7-GTACUI0,13,00:24:03,00:24:03
B_03100L7000_0,0,B_0300L7-GARIBALDI0,14,00:27:24,00:27:24
B_03100L7000_0,0,B_0300L7-GTAVIOLETA0,15,00:29:50,00:29:50
B_03100L7000_0,0,B_0300L7-HIDALGO0,16,00:32:40,00:32:40
B_03100L7000_0,0,B_0300L7-CABALLITO0,17,00:34:13,00:34:13
B_03100L7000_0,0,B_0300L7-GTACOLON0,18,00:36:25,00:36:25
B_03100L7000_0,0,B_0300L7-PARIS0,19,00:38:01,00:38:01
B_03100L7000_0,0,B_0300L7-REFORMA0,20,00:39:22,00:39:22
B_03100L7000_0,0,B_0300L7-HAMBURGO0,21,00:40:52,00:40:52
B_03100L7000_0,0,B_0300L7-PALMA0,22,00:42:40,00:42:40
B_03100L7000_0,0,B_0300L7-ANGEL0,23,00:44:54,00:44:54
B_03100L7000_0,0,B_0300L7-DIANA0,24,00:46:02,00:46:02
B_03100L7000_0,0,B_0300L7-CHAPU0,25,00:47:51,00:47:51
B_03100L7000_0,0,B_0300L7-GANDHI0,26,00:50:45,00:50:45
B_03100L7000_0,0,B_0300L7-ANTROPO0,27,00:52:48,00:52:48
B_03100L7000_0,0,B_0300L7-AUDITORIO0,28,00:57:07,00:57:07
B_03100L7000_0,0,B_0300L7-CAMPOMARTE0,29,00:59:59,00:59:59
B_03100L7000_1,0,B_0300L7-CAMPOMARTE1,1,00:00:00,00:00:00
B_03100L7000_1,0,B_0300L7-AUDITORIO1,2,00:02:51,00:02:51
B_03100L7000_1,0,B_0300L7-ANTROPO1,3,00:06:42,00:06:42
B_03100L7000_1,0,B_0300L7-GANDHI1,4,00:08:59,00:08:59
B_03100L7000_1,0,B_0300L7-CHAPU1,5,00:11:59,00:11:59
B_03100L7000_1,0,B_0300L7-DIANA1,6,00:13:06,00:13:06
B_03100L7000_1,0,B_0300L7-ANGEL1,7,00:15:15,00:15:15
B_03100L7000_1,0,B_0300L7-PALMA1,8,00:17:17,00:17:17
B_03100L7000_1,0,B_0300L7-HAMBURGO1,9,00:18:40,00:18:40
B_03100L7000_1,0,B_0300L7-REFORMA1,10,00:20:54,00:20:54
B_03100L7000_1,0,B_0300L7-PARIS1,11,00:22:17,00:22:17
B_03100L7000_1,0,B_0300L7-GTACOLON1,12,00:23:35,00:23:35
B_03100L7000_1,0,B_0300L7-CABALLITO1,13,00:25:16,00:25:16
B_03100L7000_1,0,B_0300L7-HIDALGO1,14,00:26:49,00:26:49
B_03100L7000_1,0,B_0300L7-GTAVIOLETA1,15,00:29:01,00:29:01
B_03100L7000_1,0,B_0300L7-GARIBALDI1,16,00:32:12,00:32:12
B_03100L7000_1,0,B_0300L7-GTACUI1,17,00:34:51,00:34:51
B_03100L7000_1,0,B_0300L7-TRESCULT1,18,00:37:25,00:37:25
B_03100L7000_1,0,B_0300L7-PERALVILLO1,19,00:38:40,00:38:40
B_03100L7000_1,0,B_0300L7-MDOBEET1,20,00:41:06,00:41:06
B_03100L7000_1,0,B_0300L7-MISTERIOS1,21,00:43:13,00:43:13
B_03100L7000_1,0,B_0300L7-CLAVE1,22,00:44:58,00:44:58
B_03100L7000_1,0,B_0300L7-ROBLESDZ1,23,00:46:15,00:46:15
B_03100L7000_1,0,B_0300L7-EXCELSIOR1,24,00:48:14,00:48:14
B_03100L7000_1,0,B_0300L7-NECAXA1,25,00:50:39,00:50:39
B_03100L7000_1,0,B_0300L7-TALISMAN1,26,00:52:25,00:52:25
B_03100L7000_1,0,B_0300L7-GARRIDO1,27,00:54:50,00:54:50
B_03100L7000_1,0,B_0300L7-DELGAM,28,00:58:30,00:58:30
B_03100L7000_1,0,B_0300L7-INDIOSVERDES,29,01:05:33,01:05:33
B_03100L7001_0,0,B_0300L7-HOSPINFVILL,1,00:00:00,00:00:00
B_03100L7001_0,0,B_0300L7-MISTERIOS,2,00:02:40,00:02:40
B_03100L7001_0,0,B_0300L7-GARRIDO0,3,00:04:50,00:04:50
B_03100L7001_0,0,B_0300L7-TALISMAN0,4,00:07:14,00:07:14
B_03100L7001_0,0,B_0300L7-NECAXA0,5,00:08:34,00:08:34
B_03100L7001_0,0,B_0300L7-EXCELSIOR0,6,00:10:46,00:10:46
B_03100L7001_0,0,B_0300L7-ROBLESDZ0,7,00:12:44,00:12:44
B_03100L7001_0,0,B_0300L7-CLAVE0,8,00:14:41,00:14:41
B_03100L7001_0,0,B_0300L7-MISTERIOS0,9,00:16:02,00:16:02
B_03100L7001_0,0,B_0300L7-MDOBEET0,10,00:18:35,00:18:35
B_03100L7001_0,0,B_0300L7-PERALVILLO0,11,00:20:42,00:20:42
B_03100L7001_0,0,B_0300L7-TRESCULT0,12,00:22:11,00:22:11
B_03100L7001_0,0,B_0300L7-GTACUI0,13,00:23:18,00:23:18
B_03100L7001_0,0,B_0300L7-GARIBALDI0,14,00:26:40,00:26:40
B_03100L7001_0,0,B_0300L7-GTAVIOLETA0,15,00:29:07,00:29:07
B_03100L7001_0,0,B_0300L7-HIDALGO0,16,00:31:57,00:31:57
B_03100L7001_0,0,B_0300L7-CABALLITO0,17,00:33:30,00:33:30
B_03100L7001_0,0,B_0300L7-GTACOLON0,18,00:35:42,00:35:42
B_03100L7001_0,0,B_0300L7-PARIS0,19,00:37:18,00:37:18
B_03100L7001_0,0,B_0300L7-REFORMA0,20,00:38:39,00:38:39
B_03100L7001_0,0,B_0300L7-HAMBURGO0,21,00:40:09,00:40:09
B_03100L7001_0,0,B_0300L7-PALMA0,22,00:41:58,00:41:58
B_03100L7001_0,0,B_0300L7-ANGEL0,23,00:44:12,00:44:12
B_03100L7001_0,0,B_0300L7-DIANA0,24,00:45:20,00:45:20
B_03100L7001_0,0,B_0300L7-CHAPU0,25,00:47:12,00:47:12
B_03100L7001_0,0,B_0300L7-GANDHI0,26,00:50:06,00:50:06
B_03100L7001_0,0,B_0300L7-ANTROPO0,27,00:52:09,00:52:09
B_03100L7001_0,0,B_0300L7-AUDITORIO0,28,00:56:28,00:56:28
B_03100L7001_0,0,B_0300L7-CAMPOMARTE0,29,00:59:23,00:59:23
B_03100L7001_1,0,B_0300L7-CAMPOMARTE1,1,00:00:00,00:00:00
B_03100L7001_1,0,B_0300L7-AUDITORIO1,2,00:02:49,00:02:49
B_03100L7001_1,0,B_0300L7-ANTROPO1,3,00:06:39,00:06:39
B_03100L7001_1,0,B_0300L7-GANDHI1,4,00:08:56,00:08:56
B_03100L7001_1,0,B_0300L7-CHAPU1,5,00:11:57,00:11:57
B_03100L7001_1,0,B_0300L7-DIANA1,6,00:13:04,00:13:04
B_03100L7001_1,0,B_0300L7-ANGEL1,7,00:15:13,00:15:13
B_03100L7001_1,0,B_0300L7-PALMA1,8,00:17:11,00:17:11
B_03100L7001_1,0,B_0300L7-HAMBURGO1,9,00:18:32,00:18:32
B_03100L7001_1,0,B_0300L7-REFORMA1,10,00:20:46,00:20:46
B_03100L7001_1,0,B_0300L7-PARIS1,11,00:22:09,00:22:09
B_03100L7001_1,0,B_0300L7-GTACOLON1,12,00:23:26,00:23:26
B_03100L7001_1,0,B_0300L7-CABALLITO1,13,00:25:07,00:25:07
B_03100L7001_1,0,B_0300L7-HIDALGO1,14,00:26:40,00:26:40
B_03100L7001_1,0,B_0300L7-GTAVIOLETA1,15,00:28:53,00:28:53
B_03100L7001_1,0,B_0300L7-GARIBALDI1,16,00:32:02,00:32:02
B_03100L7001_1,0,B_0300L7-GTACUI1,17,00:34:41,00:34:41
B_03100L7001_1,0,B_0300L7-TRESCULT1,18,00:37:16,00:37:16
B_03100L7001_1,0,B_0300L7-PERALVILLO1,19,00:38:31,00:38:31
B_03100L7001_1,0,B_0300L7-MDOBEET1,20,00:40:54,00:40:54
B_03100L7001_1,0,B_0300L7-MISTERIOS1,21,00:43:01,00:43:01
B_03100L7001_1,0,B_0300L7-CLAVE1,22,00:44:46,00:44:46
B_03100L7001_1,0,B_0300L7-ROBLESDZ1,23,00:46:03,00:46:03
B_03100L7001_1,0,B_0300L7-EXCELSIOR1,24,00:48:02,00:48:02
B_03100L7001_1,0,B_0300L7-NECAXA1,25,00:50:27,00:50:27
B_03100L7001_1,0,B_0300L7-TALISMAN1,26,00:52:13,00:52:13
B_03100L7001_1,0,B_0300L7-GARRIDO1,27,00:54:38,00:54:38
B_03100L7001_1,0,B_0300L7-DELGAM,28,00:58:10,00:58:10
B_03100L7001_1,0,B_0300L7-HOSPINFVILL,29,01:00:46,01:00:46
B_03100L7003_0,0,B_0300L7-INDIOSVERDES,1,00:00:00,00:00:00
B_03100L7003_0,0,B_0300L7-MISTERIOS,2,00:03:25,00:03:25
B_03100L7003_0,0,B_0300L7-GARRIDO0,3,00:05:35,00:05:35
B_03100L7003_0,0,B_0300L7-TALISMAN0,4,00:07:59,00:07:59
B_03100L7003_0,0,B_0300L7-NECAXA0,5,00:09:19,00:09:19
B_03100L7003_0,0,B_0300L7-EXCELSIOR0,6,00:11:31,00:11:31
B_03100L7003_0,0,B_0300L7-ROBLESDZ0,7,00:13:29,00:13:29
B_03100L7003_0,0,B_0300L7-CLAVE0,8,00:15:26,00:15:26
B_03100L7003_0,0,B_0300L7-MISTERIOS0,9,00:16:47,00:16:47
B_03100L7003_0,0,B_0300L7-MDOBEET0,10,00:19:20,00:19:20
B_03100L7003_0,0,B_0300L7-PERALVILLO0,11,00:21:26,00:21:26
B_03100L7003_0,0,B_0300L7-TRESCULT0,12,00:22:56,00:22:56
B_03100L7003_0,0,B_0300L7-GTACUI0,13,00:24:03,00:24:03
B_03100L7003_0,0,B_0300L7-GARIBALDI0,14,00:27:24,00:27:24
B_03100L7003_0,0,B_0300L7-GTAVIOLETA0,15,00:29:50,00:29:50
B_03100L7003_0,0,B_0300L7-HIDALGO0,16,00:32:40,00:32:40
B_03100L7003_0,0,B_0300L7-CABALLITO0,17,00:34:13,00:34:13
B_03100L7003_0,0,B_0300L7-GTACOLON0,18,00:36:25,00:36:25
B_03100L7003_0,0,B_0300L7-PARIS0,19,00:38:01,00:38:01
B_03100L7003_0,0,B_0300L7-REFORMA0,20,00:39:22,00:39:22
B_03100L7003_0,0,B_0300L7-HAMBURGO0,21,00:40:52,00:40:52
B_03100L7003_0,0,B_0300L7-PALMA0,22,00:42:40,00:42:40
B_03100L7003_0,0,B_0300L7-ANGEL0,23,00:44:54,00:44:54
B_03100L7003_0,0,B_0300L7-DIANA0,24,00:46:02,00:46:02
B_03100L7003_1,0,B_0300L7-DIANA1,1,00:00:00,00:00:00
B_03100L7003_1,0,B_0300L7-ANGEL1,2,00:02:09,00:02:09
B_03100L7003_1,0,B_0300L7-PALMA1,3,00:04:11,00:04:11
B_03100L7003_1,0,B_0300L7-HAMBURGO1,4,00:05:34,00:05:34
B_03100L7003_1,0,B_0300L7-REFORMA1,5,00:07:48,00:07:48
B_03100L7003_1,0,B_0300L7-PARIS1,6,00:09:11,00:09:11
B_03100L7003_1,0,B_0300L7-GTACOLON1,7,00:10:29,00:10:29
B_03100L7003_1,0,B_0300L7-CABALLITO1,8,00:12:10,00:12:10
B_03100L7003_1,0,B_0300L7-HIDALGO1,9,00:13:43,00:13:43
B_03100L7003_1,0,B_0300L7-GTAVIOLETA1,10,00:15:55,00:15:55
B_03100L7003_1,0,B_0300L7-GARIBALDI1,11,00:19:06,00:19:06
B_03100L7003_1,0,B_0300L7-GTACUI1,12,00:21:45,00:21:45
B_03100L7003_1,0,B_0300L7-TRESCULT1,13,00:24:19,00:24:19
B_03100L7003_1,0,B_0300L7-PERALVILLO1,14,00:25:34,00:25:34
B_03100L7003_1,0,B_0300L7-MDOBEET1,15,00:28:00,00:28:00
B_03100L7003_1,0,B_0300L7-MISTERIOS1,16,00:30:07,00:30:07
B_03100L7003_1,0,B_0300L7-CLAVE1,17,00:31:52,00:31:52
B_03100L7003_1,0,B_0300L7-ROBLESDZ1,18,00:33:09,00:33:09
B_03100L7003_1,0,B_0300L7-EXCELSIOR1,19,00:35:08,00:35:08
B_03100L7003_1,0,B_0300L7-NECAXA1,20,00:37:33,00:37:33
B_03100L7003_1,0,B_0300L7-TALISMAN1,21,00:39:19,00:39:19
B_03100L7003_1,0,B_0300L7-GARRIDO1,22,00:41:44,00:41:44
B_03100L7003_1,0,B_0300L7-DELGAM,23,00:45:24,00:45:24
B_03100L7003_1,0,B_0300L7-INDIOSVERDES,24,00:52:27,00:52:27
B_03100L7004_0,0,B_0300L7-HOSPINFVILL,1,00:00:00,00:00:00
B_03100L7004_0,0,B_0300L7-MISTERIOS,2,00:02:40,00:02:40
B_03100L7004_0,0,B_0300L7-GARRIDO0,3,00:04:50,00:04:50
B_03100L7004_0,0,B_0300L7-TALISMAN0,4,00:07:14,00:07:14
B_03100L7004_0,0,B_0300L7-NECAXA0,5,00:08:34,00:08:34
B_03100L7004_0,0,B_0300L7-EXCELSIOR0,6,00:10:46,00:10:46
B_03100L7004_0,0,B_0300L7-ROBLESDZ0,7,00:12:44,00:12:44
B_03100L7004_0,0,B_0300L7-CLAVE0,8,00:14:41,00:14:41
B_03100L7004_0,0,B_0300L7-MISTERIOS0,9,00:16:02,00:16:02
B_03100L7004_0,0,B_0300L7-MDOBEET0,10,00:18:35,00:18:35
B_03100L7004_0,0,B_0300L7-PERALVILLO0,11,00:20:42,00:20:42
B_03100L7004_0,0,B_0300L7-TRESCULT0,12,00:22:11,00:22:11
B_03100L7004_0,0,B_0300L7-GTACUI0,13,00:23:18,00:23:18
B_03100L7004_0,0,B_0300L7-GARIBALDI0,14,00:26:40,00:26:40
B_03100L7004_0,0,B_0300L7-GTAVIOLETA0,15,00:29:07,00:29:07
B_03100L7004_0,0,B_0300L7-HIDALGO0,16,00:31:57,00:31:57
B_03100L7004_0,0,B_0300L7-CABALLITO0,17,00:33:30,00:33:30
B_03100L7004_0,0,B_0300L7-GTACOLON0,18,00:35:42,00:35:42
B_03100L7004_0,0,B_0300L7-PARIS0,19,00:37:18,00:37:18
B_03100L7004_0,0,B_0300L7-REFORMA0,20,00:38:39,00:38:39
B_03100L7004_0,0,B_0300L7-HAMBURGO0,21,00:40:09,00:40:09
B_03100L7004_0,0,B_0300L7-PALMA0,22,00:41:58,00:41:58
B_03100L7004_0,0,B_0300L7-ANGEL0,23,00:44:12,00:44:12
B_03100L7004_0,0,B_0300L7-DIANA0,24,00:45:20,00:45:20
B_03100L7004_1,0,B_0300L7-DIANA1,1,00:00:00,00:00:00
B_03100L7004_1,0,B_0300L7-ANGEL1,2,00:02:09,00:02:09
B_03100L7004_1,0,B_0300L7-PALMA1,3,00:04:07,00:04:07
B_03100L7004_1,0,B_0300L7-HAMBURGO1,4,00:05:28,00:05:28
B_03100L7004_1,0,B_0300L7-REFORMA1,5,00:07:42,00:07:42
B_03100L7004_1,0,B_0300L7-PARIS1,6,00:09:05,00:09:05
B_03100L7004_1,0,B_0300L7-GTACOLON1,7,00:10:22,00:10:22
B_03100L7004_1,0,B_0300L7-CABALLITO1,8,00:12:03,00:12:03
B_03100L7004_1,0,B_0300L7-HIDALGO1,9,00:13:36,00:13:36
B_03100L7004_1,0,B_0300L7-GTAVIOLETA1,10,00:15:49,00:15:49
B_03100L7004_1,0,B_0300L7-GARIBALDI1,11,00:18:58,00:18:58
B_03100L7004_1,0,B_0300L7-GTACUI1,12,00:21:37,00:21:37
B_03100L7004_1,0,B_0300L7-TRESCULT1,13,00:24:12,00:24:12
B_03100L7004_1,0,B_0300L7-PERALVILLO1,14,00:25:27,00:25:27
B_03100L7004_1,0,B_0300L7-MDOBEET1,15,00:27:50,00:27:50
B_03100L7004_1,0,B_0300L7-MISTERIOS1,16,00:29:57,00:29:57
B_03100L7004_1,0,B_0300L7-CLAVE1,17,00:31:42,00:31:42
B_03100L7004_1,0,B_0300L7-ROBLESDZ1,18,00:32:59,00:32:59
B_03100L7004_1,0,B_0300L7-EXCELSIOR1,19,00:34:58,00:34:58
B_03100L7004_1,0,B_0300L7-NECAXA1,20,00:37:23,00:37:23
B_03100L7004_1,0,B_0300L7-TALISMAN1,21,00:39:09,00:39:09
B_03100L7004_1,0,B_0300L7-GARRIDO1,22,00:41:34,00:41:34
B_03100L7004_1,0,B_0300L7-DELGAM,23,00:45:06,00:45:06
B_03100L7004_1,0,B_0300L7-HOSPINFVILL,24,00:47:42,00:47:42
B_03100L7005_0,0,B_0300L7-INDIOSVERDES,1,00:00:00,00:00:00
B_03100L7005_0,0,B_0300L7-MISTERIOS,2,00:03:25,00:03:25
B_03100L7005_0,0,B_0300L7-GARRIDO0,3,00:05:35,00:05:35
B_03100L7005_0,0,B_0300L7-TALISMAN0,4,00:07:59,00:07:59
B_03100L7005_0,0,B_0300L7-NECAXA0,5,00:09:19,00:09:19
B_03100L7005_0,0,B_0300L7-EXCELSIOR0,6,00:11:31,00:11:31
B_03100L7005_0,0,B_0300L7-ROBLESDZ0,7,00:13:29,00:13:29
B_03100L7005_0,0,B_0300L7-CLAVE0,8,00:15:26,00:15:26
B_03100L7005_0,0,B_0300L7-MISTERIOS0,9,00:16:47,00:16:47
B_03100L7005_0,0,B_0300L7-MDOBEET0,10,00:19:20,00:19:20
B_03100L7005_0,0,B_0300L7-PERALVILLO0,11,00:21:26,00:21:26
B_03100L7005_0,0,B_0300L7-TRESCULT0,12,00:22:56,00:22:56
B_03100L7005_0,0,B_0300L7-GTACUI0,13,00:24:03,00:24:03
B_03100L7005_0,0,B_0300L7-GARIBALDI0,14,00:27:24,00:27:24
B_03100L7005_0,0,B_0300L7-GTAVIOLETA0,15,00:29:50,00:29:50
B_03100L7005_0,0,B_0300L7-HIDALGO0,16,00:32:40,00:32:40
B_03100L7005_0,0,B_0300L7-CABALLITO0,17,00:34:13,00:34:13
B_03100L7005_0,0,B_0300L7-GTACOLON0,18,00:36:25,00:36:25
B_03100L7005_0,0,B_0300L7-PARIS0,19,00:38:01,00:38:01
B_03100L7005_0,0,B_0300L7-REFORMA0,20,00:39:22,00:39:22
B_03100L7005_0,0,B_0300L7-HAMBURGO0,21,00:40:52,00:40:52
B_03100L7005_1,0,B_0300L7-HAMBURGO1,1,00:00:00,00:00:00
B_03100L7005_1,0,B_0300L7-REFORMA1,2,00:02:14,00:02:14
B_03100L7005_1,0,B_0300L7-PARIS1,3,00:03:37,00:03:37
B_03100L7005_1,0,B_0300L7-GTACOLON1,4,00:04:55,00:04:55
B_03100L7005_1,0,B_0300L7-CABALLITO1,5,00:06:36,00:06:36
B_03100L7005_1,0,B_0300L7-HIDALGO1,6,00:08:09,00:08:09
B_03100L7005_1,0,B_0300L7-GTAVIOLETA1,7,00:10:21,00:10:21
B_03100L7005_1,0,B_0300L7-GARIBALDI1,8,00:13:32,00:13:32
B_03100L7005_1,0,B_0300L7-GTACUI1,9,00:16:11,00:16:11
B_03100L7005_1,0,B_0300L7-TRESCULT1,10,00:18:45,00:18:45
B_03100L7005_1,0,B_0300L7-PERALVILLO1,11,00:20:00,00:20:00
B_03100L7005_1,0,B_0300L7-MDOBEET1,12,00:22:26,00:22:26
B_03100L7005_1,0,B_0300L7-MISTERIOS1,13,00:24:33,00:24:33
B_03100L7005_1,0,B_0300L7-CLAVE1,14,00:26:18,00:26:18
B_03100L7005_1,0,B_0300L7-ROBLESDZ1,15,00:27:35,00:27:35
B_03100L7005_1,0,B_0300L7-EXCELSIOR1,16,00:29:34,00:29:34
B_03100L7005_1,0,B_0300L7-NECAXA1,17,00:31:59,00:31:59
B_03100L7005_1,0,B_0300L7-TALISMAN1,18,00:33:45,00:33:45
B_03100L7005_1,0,B_0300L7-GARRIDO1,19,00:36:10,00:36:10
B_03100L7005_1,0,B_0300L7-DELGAM,20,00:39:50,00:39:50
B_03100L7005_1,0,B_0300L7-INDIOSVERDES,21,00:46:53,00:46:53
B_03100L7007_0,0,B_0300L7-GARIBALDI1,1,00:00:00,00:00:00
B_03100L7007_0,0,B_0300L7-GTAVIOLETA0,2,00:02:30,00:02:30
B_03100L7007_0,0,B_0300L7-HIDALGO0,3,00:05:20,00:05:20
B_03100L7007_0,0,B_0300L7-CABALLITO0,4,00:06:53,00:06:53
B_03100L7007_0,0,B_0300L7-GTACOLON0,5,00:09:05,00:09:05
B_03100L7007_0,0,B_0300L7-PARIS0,6,00:10:41,00:10:41
B_03100L7007_0,0,B_0300L7-REFORMA0,7,00:12:02,00:12:02
B_03100L7007_0,0,B_0300L7-HAMBURGO0,8,00:13:32,00:13:32
B_03100L7007_0,0,B_0300L7-PALMA0,9,00:15:20,00:15:20
B_03100L7007_0,0,B_0300L7-ANGEL0,10,00:17:34,00:17:34
B_03100L7007_0,0,B_0300L7-DIANA0,11,00:18:42,00:18:42
B_03100L7007_0,0,B_0300L7-CHAPU0,12,00:20:31,00:20:31
B_03100L7007_0,0,B_0300L7-GANDHI0,13,00:23:25,00:23:25
B_03100L7007_0,0,B_0300L7-ANTROPO0,14,00:25:28,00:25:28
B_03100L7007_0,0,B_0300L7-AUDITORIO0,15,00:29:47,00:29:47
B_03100L7007_0,0,B_0300L7-CAMPOMARTE0,16,00:32:39,00:32:39
B_03100L7007_1,0,B_0300L7-CAMPOMARTE1,1,00:00:00,00:00:00
B_03100L7007_1,0,B_0300L7-AUDITORIO1,2,00:02:51,00:02:51
B_03100L7007_1,0,B_0300L7-ANTROPO1,3,00:06:42,00:06:42
B_03100L7007_1,0,B_0300L7-GANDHI1,4,00:08:59,00:08:59
B_03100L7007_1,0,B_0300L7-CHAPU1,5,00:11:59,00:11:59
B_03100L7007_1,0,B_0300L7-DIANA1,6,00:13:06,00:13:06
B_03100L7007_1,0,B_0300L7-ANGEL1,7,00:15:15,00:15:15
B_03100L7007_1,0,B_0300L7-PALMA1,8,00:17:17,00:17:17
B_03100L7007_1,0,B_0300L7-HAMBURGO1,9,00:18:40,00:18:40
B_03100L7007_1,0,B_0300L7-REFORMA1,10,00:20:54,00:20:54
B_03100L7007_1,0,B_0300L7-PARIS1,11,00:22:17,00:22:17
B_03100L7007_1,0,B_0300L7-GTACOLON1,12,00:23:35,00:23:35
B_03100L7007_1,0,B_0300L7-CABALLITO1,13,00:25:16,00:25:16
B_03100L7007_1,0,B_0300L7-HIDALGO1,14,00:26:49,00:26:49
B_03100L7007_1,0,B_0300L7-GTAVIOLETA1,15,00:29:01,00:29:01
B_03100L7007_1,0,B_0300L7-GARIBALDI1,16,00:32:12,00:32:12
B_031SEL1001_0,0,B_0300L7-GTACUI01,1,00:00:00,00:00:00
B_031SEL1001_0,0,B_0300L7-GARIBALDI0,2,00:03:11,00:03:11
B_031SEL1001_0,0,B_0300L7-GTAVIOLETA0,3,00:06:22,00:06:22
B_031SEL1001_0,0,B_0300L7-HIDALGO0,4,00:09:33,00:09:33
B_031SEL1001_0,0,B_0300L7-CABALLITO0,5,00:12:44,00:12:44
B_031SEL1001_0,0,B_0300L7-GTACOLON0,6,00:15:55,00:15:55
B_031SEL1001_0,0,B_0300L7-PARIS0,7,00:19:06,00:19:06
B_031SEL1001_0,0,B_0300L7-REFORMA0,8,00:22:17,00:22:17
B_031SEL1001_0,0,B_0300L7-HAMBURGO0,9,00:25:28,00:25:28
B_031SEL1001_0,0,B_03SL01-AHUEOP,10,00:28:39,00:28:39
B_031SEL1001_0,0,B_03SL01-ANGELOP,11,00:31:50,00:31:50
B_031SEL1001_0,0,B_0300L7-DIANA0,12,00:35:01,00:35:01
B_031SEL1001_0,0,B_0300L7-DIANA1,13,00:38:12,00:38:12
B_031SEL1001_0,0,B_0300L7-CHAPU0,14,00:41:23,00:41:23
B_031SEL1001_0,0,B_03SL01-SALLEOP,15,00:44:34,00:44:34
B_031SEL1001_0,0,B_03SL01-ATACUBAYA,16,00:47:45,00:47:45
B_031SEL1001_1,0,B_03SL01-ATACUBAYA,1,00:00:00,00:00:00
B_031SEL1001_1,0,B_03SL01-SALLE,2,00:03:11,00:03:11
B_031SEL1001_1,0,B_0300L7-CHAPU1,3,00:06:22,00:06:22
B_031SEL1001_1,0,B_0300L7-DIANA1,4,00:09:33,00:09:33
B_031SEL1001_1,0,B_0300L7-ANGEL1,5,00:12:44,00:12:44
B_031SEL1001_1,0,B_03SL01-AHUE,6,00:15:55,00:15:55
B_031SEL1001_1,0,B_0300L7-HAMBURGO1,7,00:19:06,00:19:06
B_031SEL1001_1,0,B_0300L7-REFORMA1,8,00:22:17,00:22:17
B_031SEL1001_1,0,B_0300L7-PARIS1,9,00:25:28,00:25:28
B_031SEL1001_1,0,B_0300L7-GTACOLON1,10,00:28:39,00:28:39
B_031SEL1001_1,0,B_0300L7-CABALLITO1,11,00:31:50,00:31:50
B_031SEL1001_1,0,B_0300L7-HIDALGO1,12,00:35:01,00:35:01
B_031SEL1001_1,0,B_0300L7-GTAVIOLETA1,13,00:38:12,00:38:12
B_031SEL1001_1,0,B_0300L7-GARIBALDI1,14,00:41:23,00:41:23
B_031SEL1001_1,0,B_0300L7-GTACUI1,15,00:44:34,00:44:34
B_03200L1000_0,0,B_0300L1-INDIOSVERDES,1,00:00:00,00:00:00
B_03200L1000_0,0,B_0300L1-DVO18MARZO,2,00:05:44,00:05:44
B_03200L1000_0,0,B_0300L1-EUZKARO,3,00:07:26,00:07:26
B_03200L1000_0,0,B_0300L1-POTRERO,4,00:10:05,00:10:05
B_03200L1000_0,0,B_0300L1-LARAZA,5,00:13:40,00:13:40
B_03200L1000_0,0,B_0300L1-CIRCUITO,6,00:16:26,00:16:26
B_03200L1000_0,0,B_0300L1-SANSIMON,7,00:17:46,00:17:46
B_03200L1000_0,0,B_0300L1-MANUELGLEZ,8,00:19:01,00:19:01
B_03200L1000_0,0,B_0300L1-BUENAVISTA,9,00:23:08,00:23:08
B_03200L1000_0,0,B_0300L1-ELCHOPO,10,00:24:27,00:24:27
B_03200L1000_0,0,B_0300L1-REVOLUCION,11,00:25:34,00:25:34
B_03200L1000_0,0,B_0300L1-PLAZAREPU,12,00:27:14,00:27:14
B_03200L1000_0,0,B_0300L1-REFORMA,13,00:28:27,00:28:27
B_03200L1000_0,0,B_0300L1-HAMBURGO,14,00:30:33,00:30:33
B_03200L1000_0,0,B_0300L1-GLORIETA-0,15,00:32:00,00:32:00
B_03200L1000_0,0,B_0300L1-DURANGO,16,00:33:40,00:33:40
B_03200L1000_0,0,B_0300L1-ALVAROOBRE,17,00:34:55,00:34:55
B_03200L1000_0,0,B_0300L1-SONORA,18,00:36:08,00:36:08
B_03200L1000_0,0,B_0300L1-CAMPECHE,19,00:37:26,00:37:26
B_03200L1000_0,0,B_0300L1-CHILPANCINGO,20,00:38:37,00:38:37
B_03200L1000_0,0,B_0300L1-NVOLEON,21,00:40:18,00:40:18
B_03200L1000_0,0,B_0300L1-LAPIEDAD,22,00:41:49,00:41:49
B_03200L1000_0,0,B_0300L1-POLIFORUM,23,00:43:33,00:43:33
B_03200L1000_0,0,B_0300L1-NAPOLES,24,00:44:53,00:44:53
B_03200L1000_0,0,B_0300L1-COLDELVALLE,25,00:46:22,00:46:22
B_03200L1000_0,0,B_0300L1-CIUDADDEPORTES,26,00:47:34,00:47:34
B_03200L1000_0,0,B_0300L1-PARQUEHUND,27,00:48:38,00:48:38
B_03200L1000_0,0,B_0300L1-FELIXCUEVAS,28,00:50:37,00:50:37
B_03200L1000_0,0,B_0300L1-RIOCHURU,29,00:52:39,00:52:39
B_03200L1000_0,0,B_0300L1-TEATROINSURG,30,00:54:05,00:54:05
B_03200L1000_0,0,B_0300L1-JOSEMRIAVELAS,31,00:55:16,00:55:16
B_03200L1000_0,0,B_0300L1-FRANCIA,32,00:56:29,00:56:29
B_03200L1000_0,0,B_0300L1-OLIVO,33,00:57:55,00:57:55
B_03200L1000_0,0,B_0300L1-ALTAVISTA,34,00:59:18,00:59:18
B_03200L1000_0,0,B_0300L1-BOMBILLA,35,01:00:49,01:00:49
B_03200L1000_0,0,B_0300L1-DRGALVEZ,36,01:03:08,01:03:08
B_03200L1000_0,0,B_0300L1-CU,37,01:09:33,01:09:33
B_03200L1000_0,0,B_0300L1-CCU,38,01:12:21,01:12:21
B_03200L1000_0,0,B_0300L1-PERISUR,39,01:16:19,01:16:19
B_03200L1000_0,0,B_0300L1-VILLAOLIMPICA,40,01:18:07,01:18:07
B_03200L1000_0,0,B_0300L1-CORREGIDORA,41,01:20:48,01:20:48
B_03200L1000_0,0,B_0300L1-AYUNTAMIENTO,42,01:22:05,01:22:05
B_03200L1000_0,0,B_0300L1-FUENTESBROTAN,43,01:24:31,01:24:31
B_03200L1000_0,0,B_0300L1-STAURSULA,44,01:26:20,01:26:20
B_03200L1000_0,0,B_0300L1-LAJOYA,45,01:28:27,01:28:27
B_03200L1000_0,0,B_0300L1-CAMINERO,46,01:30:01,01:30:01
B_03200L1000_1,0,B_0300L1-CAMINERO,1,00:00:00,00:00:00
B_03200L1000_1,0,B_0300L1-LAJOYA,2,00:00:37,00:00:37
B_03200L1000_1,0,B_0300L1-STAURSULA,3,00:02:43,00:02:43
B_03200L1000_1,0,B_0300L1-FUENTESBROTAN,4,00:04:31,00:04:31
B_03200L1000_1,0,B_0300L1-AYUNTAMIENTO,5,00:06:58,00:06:58
B_03200L1000_1,0,B_0300L1-CORREGIDORA,6,00:08:15,00:08:15
B_03200L1000_1,0,B_0300L1-VILLAOLIMPICA,7,00:10:54,00:10:54
B_03200L1000_1,0,B_0300L1-PERISUR,8,00:12:42,00:12:42
B_03200L1000_1,0,B_0300L1-CCU,9,00:16:40,00:16:40
B_03200L1000_1,0,B_0300L1-CU,10,00:19:28,00:19:28
B_03200L1000_1,0,B_0300L1-DRGALVEZ,11,00:25:52,00:25:52
B_03200L1000_1,0,B_0300L1-BOMBILLA,12,00:28:11,00:28:11
B_03200L1000_1,0,B_0300L1-ALTAVISTA,13,00:29:42,00:29:42
B_03200L1000_1,0,B_0300L1-OLIVO,14,00:31:05,00:31:05
B_03200L1000_1,0,B_0300L1-FRANCIA,15,00:32:31,00:32:31
B_03200L1000_1,0,B_0300L1-JOSEMRIAVELAS,16,00:33:44,00:33:44
B_03200L1000_1,0,B_0300L1-TEATROINSURG,17,00:34:55,00:34:55
B_03200L1000_1,0,B_0300L1-RIOCHURU,18,00:36:21,00:36:21
B_03200L1000_1,0,B_0300L1-FELIXCUEVAS,19,00:38:23,00:38:23
B_03200L1000_1,0,B_0300L1-PARQUEHUND,20,00:40:22,00:40:22
B_03200L1000_1,0,B_0300L1-CIUDADDEPORTES,21,00:41:26,00:41:26
B_03200L1000_1,0,B_0300L1-COLDELVALLE,22,00:42:38,00:42:38
B_03200L1000_1,0,B_0300L1-NAPOLES,23,00:44:07,00:44:07
B_03200L1000_1,0,B_0300L1-POLIFORUM,24,00:45:28,00:45:28
B_03200L1000_1,0,B_0300L1-LAPIEDAD,25,00:47:12,00:47:12
B_03200L1000_1,0,B_0300L1-NVOLEON,26,00:48:43,00:48:43
B_03200L1000_1,0,B_0300L1-CHILPANCINGO,27,00:50:24,00:50:24
B_03200L1000_1,0,B_0300L1-CAMPECHE,28,00:51:35,00:51:35
B_03200L1000_1,0,B_0300L1-SONORA,29,00:52:53,00:52:53
B_03200L1000_1,0,B_0300L1-ALVAROOBRE,30,00:54:06,00:54:06
B_03200L1000_1,0,B_0300L1-DURANGO,31,00:55:21,00:55:21
B_03200L1000_1,0,B_0300L1-GLORIETA-1,32,00:56:45,00:56:45
B_03200L1000_1,0,B_0300L1-HAMBURGO,33,00:58:23,00:58:23
B_03200L1000_1,0,B_0300L1-REFORMA,34,01:00:29,01:00:29
B_03200L1000_1,0,B_0300L1-PLAZAREPU,35,01:01:42,01:01:42
B_03200L1000_1,0,B_0300L1-REVOLUCION,36,01:03:22,01:03:22
B_03200L1000_1,0,B_0300L1-ELCHOPO,37,01:04:29,01:04:29
B_03200L1000_1,0,B_0300L1-BUENAVISTA,38,01:05:48,01:05:48
B_03200L1000_1,0,B_0300L1-MANUELGLEZ,39,01:09:53,01:09:53
B_03200L1000_1,0,B_0300L1-SANSIMON,40,01:11:08,01:11:08
B_03200L1000_1,0,B_0300L1-CIRCUITO,41,01:12:28,01:12:28
B_03200L1000_1,0,B_0300L1-LARAZA,42,01:15:14,01:15:14
B_03200L1000_1,0,B_0300L1-POTRERO,43,01:18:49,01:18:49
B_03200L1000_1,0,B_0300L1-EUZKARO,44,01:21:28,01:21:28
B_03200L1000_1,0,B_0300L1-DVO18MARZO,45,01:23:10,01:23:10
B_03200L1000_1,0,B_0300L1-INDIOSVERDES,46,01:29:03,01:29:03
B_03200L1001_0,0,B_0300L1-INDIOSVERDES,1,00:00:00,00:00:00
B_03200L1001_0,0,B_0300L1-DVO18MARZO,2,00:05:44,00:05:44
B_03200L1001_0,0,B_0300L1-EUZKARO,3,00:07:26,00:07:26
B_03200L1001_0,0,B_0300L1-POTRERO,4,00:10:05,00:10:05
B_03200L1001_0,0,B_0300L1-LARAZA,5,00:13:40,00:13:40
B_03200L1001_0,0,B_0300L1-CIRCUITO,6,00:16:26,00:16:26
B_03200L1001_0,0,B_0300L1-SANSIMON,7,00:17:46,00:17:46
B_03200L1001_0,0,B_0300L1-MANUELGLEZ,8,00:19:01,00:19:01
B_03200L1001_0,0,B_0300L1-BUENAVISTA,9,00:23:10,00:23:10
B_03200L1001_0,0,B_0300L1-ELCHOPO,10,00:24:29,00:24:29
B_03200L1001_0,0,B_0300L1-REVOLUCION,11,00:25:36,00:25:36
B_03200L1001_0,0,B_0300L1-PLAZAREPU,12,00:27:16,00:27:16
B_03200L1001_0,0,B_0300L1-REFORMA,13,00:28:29,00:28:29
B_03200L1001_0,0,B_0300L1-HAMBURGO,14,00:30:35,00:30:35
B_03200L1001_0,0,B_0300L1-GLORIETA-0,15,00:32:02,00:32:02
B_03200L1001_1,0,B_0300L1-GLORIETA-1,1,00:00:00,00:00:00
B_03200L1001_1,0,B_0300L1-HAMBURGO,2,00:01:38,00:01:38
B_03200L1001_1,0,B_0300L1-REFORMA,3,00:03:44,00:03:44
B_03200L1001_1,0,B_0300L1-PLAZAREPU,4,00:04:57,00:04:57
B_03200L1001_1,0,B_0300L1-REVOLUCION,5,00:06:37,00:06:37
B_03200L1001_1,0,B_0300L1-ELCHOPO,6,00:07:44,00:07:44
B_03200L1001_1,0,B_0300L1-BUENAVISTA,7,00:09:03,00:09:03
B_03200L1001_1,0,B_0300L1-MANUELGLEZ,8,00:13:08,00:13:08
B_03200L1001_1,0,B_0300L1-SANSIMON,9,00:14:23,00:14:23
B_03200L1001_1,0,B_0300L1-CIRCUITO,10,00:15:43,00:15:43
B_03200L1001_1,0,B_0300L1-LARAZA,11,00:18:29,00:18:29
B_03200L1001_1,0,B_0300L1-POTRERO,12,00:22:04,00:22:04
B_03200L1001_1,0,B_0300L1-EUZKARO,13,00:24:43,00:24:43
B_03200L1001_1,0,B_0300L1-DVO18MARZO,14,00:26:25,00:26:25
B_03200L1001_1,0,B_0300L1-INDIOSVERDES,15,00:32:19,00:32:19
B_03200L1002_0,0,B_0300L1-INDIOSVERDES,1,00:00:00,00:00:00
B_03200L1002_0,0,B_0300L1-DVO18MARZO,2,00:02:19,00:02:19
B_03200L1002_0,0,B_0300L1-EUZKARO,3,00:03:50,00:03:50
B_03200L1002_0,0,B_0300L1-POTRERO,4,00:05:13,00:05:13
B_03200L1002_0,0,B_0300L1-LARAZA,5,00:06:39,00:06:39
B_03200L1002_0,0,B_0300L1-CIRCUITO,6,00:07:52,00:07:52
B_03200L1002_0,0,B_0300L1-SANSIMON,7,00:09:03,00:09:03
B_03200L1002_0,0,B_0300L1-MANUELGLEZ,8,00:10:29,00:10:29
B_03200L1002_0,0,B_0300L1-BUENAVISTA,9,00:12:31,00:12:31
B_03200L1002_0,0,B_0300L1-ELCHOPO,10,00:14:30,00:14:30
B_03200L1002_0,0,B_0300L1-REVOLUCION,11,00:15:34,00:15:34
B_03200L1002_0,0,B_0300L1-PLAZAREPU,12,00:16:46,00:16:46
B_03200L1002_0,0,B_0300L1-REFORMA,13,00:18:15,00:18:15
B_03200L1002_0,0,B_0300L1-HAMBURGO,14,00:19:35,00:19:35
B_03200L1002_0,0,B_0300L1-GLORIETA-0,15,00:21:19,00:21:19
B_03200L1002_0,0,B_0300L1-DURANGO,16,00:22:50,00:22:50
B_03200L1002_0,0,B_0300L1-ALVAROOBRE,17,00:24:31,00:24:31
B_03200L1002_0,0,B_0300L1-SONORA,18,00:25:42,00:25:42
B_03200L1002_0,0,B_0300L1-CAMPECHE,19,00:27:00,00:27:00
B_03200L1002_0,0,B_0300L1-CHILPANCINGO,20,00:28:13,00:28:13
B_03200L1002_0,0,B_0300L1-NVOLEON,21,00:29:28,00:29:28
B_03200L1002_0,0,B_0300L1-LAPIEDAD,22,00:31:08,00:31:08
B_03200L1002_0,0,B_0300L1-POLIFORUM,23,00:32:35,00:32:35
B_03200L1002_0,0,B_0300L1-NAPOLES,24,00:34:41,00:34:41
B_03200L1002_0,0,B_0300L1-COLDELVALLE,25,00:35:54,00:35:54
B_03200L1002_0,0,B_0300L1-CIUDADDEPORTES,26,00:37:34,00:37:34
B_03200L1002_0,0,B_0300L1-PARQUEHUND,27,00:38:41,00:38:41
B_03200L1002_0,0,B_0300L1-FELIXCUEVAS,28,00:40:00,00:40:00
B_03200L1002_0,0,B_0300L1-RIOCHURU,29,00:44:08,00:44:08
B_03200L1002_0,0,B_0300L1-TEATROINSURG,30,00:45:23,00:45:23
B_03200L1002_0,0,B_0300L1-JOSEMRIAVELAS,31,00:46:43,00:46:43
B_03200L1002_0,0,B_0300L1-FRANCIA,32,00:49:28,00:49:28
B_03200L1002_0,0,B_0300L1-OLIVO,33,00:53:03,00:53:03
B_03200L1002_0,0,B_0300L1-ALTAVISTA,34,00:55:42,00:55:42
B_03200L1002_0,0,B_0300L1-BOMBILLA,35,00:57:24,00:57:24
B_03200L1002_0,0,B_0300L1-DRGALVEZ,36,01:03:08,01:03:08
B_03200L1002_1,0,B_0300L1-DRGALVEZ,1,00:00:00,00:00:00
B_03200L1002_1,0,B_0300L1-BOMBILLA,2,00:02:19,00:02:19
B_03200L1002_1,0,B_0300L1-ALTAVISTA,3,00:03:50,00:03:50
B_03200L1002_1,0,B_0300L1-OLIVO,4,00:05:13,00:05:13
B_03200L1002_1,0,B_0300L1-FRANCIA,5,00:06:39,00:06:39
B_03200L1002_1,0,B_0300L1-JOSEMRIAVELAS,6,00:07:52,00:07:52
B_03200L1002_1,0,B_0300L1-TEATROINSURG,7,00:09:03,00:09:03
B_03200L1002_1,0,B_0300L1-RIOCHURU,8,00:10:29,00:10:29
B_03200L1002_1,0,B_0300L1-FELIXCUEVAS,9,00:12:31,00:12:31
B_03200L1002_1,0,B_0300L1-PARQUEHUND,10,00:14:30,00:14:30
B_03200L1002_1,0,B_0300L1-CIUDADDEPORTES,11,00:15:34,00:15:34
B_03200L1002_1,0,B_0300L1-COLDELVALLE,12,00:16:46,00:16:46
B_03200L1002_1,0,B_0300L1-NAPOLES,13,00:18:15,00:18:15
B_03200L1002_1,0,B_0300L1-POLIFORUM,14,00:19:35,00:19:35
B_03200L1002_1,0,B_0300L1-LAPIEDAD,15,00:21:19,00:21:19
B_03200L1002_1,0,B_0300L1-NVOLEON,16,00:22:50,00:22:50
B_03200L1002_1,0,B_0300L1-CHILPANCINGO,17,00:24:31,00:24:31
B_03200L1002_1,0,B_0300L1-CAMPECHE,18,00:25:42,00:25:42
B_03200L1002_1,0,B_0300L1-SONORA,19,00:27:00,00:27:00
B_03200L1002_1,0,B_0300L1-ALVAROOBRE,20,00:28:13,00:28:13
B_03200L1002_1,0,B_0300L1-DURANGO,21,00:29:28,00:29:28
B_03200L1002_1,0,B_0300L1-GLORIETA-1,22,00:30:51,00:30:51
B_03200L1002_1,0,B_0300L1-HAMBURGO,23,00:32:28,00:32:28
B_03200L1002_1,0,B_0300L1-REFORMA,24,00:34:34,00:34:34
B_03200L1002_1,0,B_0300L1-PLAZAREPU,25,00:35:47,00:35:47
B_03200L1002_1,0,B_0300L1-REVOLUCION,26,00:37:27,00:37:27
B_03200L1002_1,0,B_0300L1-ELCHOPO,27,00:38:34,00:38:34
B_03200L1002_1,0,B_0300L1-BUENAVISTA,28,00:39:53,00:39:53
B_03200L1002_1,0,B_0300L1-MANUELGLEZ,29,00:43:59,00:43:59
B_03200L1002_1,0,B_0300L1-SANSIMON,30,00:45:14,00:45:14
B_03200L1002_1,0,B_0300L1-CIRCUITO,31,00:46:34,00:46:34
B_03200L1002_1,0,B_0300L1-LARAZA,32,00:49:20,00:49:20
B_03200L1002_1,0,B_0300L1-POTRERO,33,00:52:55,00:52:55
B_03200L1002_1,0,B_0300L1-EUZKARO,34,00:55:34,00:55:34
B_03200L1002_1,0,B_0300L1-DVO18MARZO,35,00:57:16,00:57:16
B_03200L1002_1,0,B_0300L1-INDIOSVERDES,36,01:03:10,01:03:10
B_03200L1003_0,0,B_0300L3-BUENAVISTA,1,00:00:00,00:00:00
B_03200L1003_0,0,B_0300L1-ELCHOPO,2,00:01:37,00:01:37
B_03200L1003_0,0,B_0300L1-REVOLUCION,3,00:02:44,00:02:44
B_03200L1003_0,0,B_0300L1-PLAZAREPU,4,00:04:24,00:04:24
B_03200L1003_0,0,B_0300L1-REFORMA,5,00:05:37,00:05:37
B_03200L1003_0,0,B_0300L1-HAMBURGO,6,00:07:43,00:07:43
B_03200L1003_0,0,B_0300L1-GLORIETA-0,7,00:09:10,00:09:10
B_03200L1003_0,0,B_0300L1-DURANGO,8,00:10:50,00:10:50
B_03200L1003_0,0,B_0300L1-ALVAROOBRE,9,00:12:05,00:12:05
B_03200L1003_0,0,B_0300L1-SONORA,10,00:13:18,00:13:18
B_03200L1003_0,0,B_0300L1-CAMPECHE,11,00:14:36,00:14:36
B_03200L1003_0,0,B_0300L1-CHILPANCINGO,12,00:15:47,00:15:47
B_03200L1003_0,0,B_0300L1-NVOLEON,13,00:17:28,00:17:28
B_03200L1003_0,0,B_0300L1-LAPIEDAD,14,00:18:59,00:18:59
B_03200L1003_0,0,B_0300L1-POLIFORUM,15,00:20:43,00:20:43
B_03200L1003_0,0,B_0300L1-NAPOLES,16,00:22:03,00:22:03
B_03200L1003_0,0,B_0300L1-COLDELVALLE,17,00:23:32,00:23:32
B_03200L1003_0,0,B_0300L1-CIUDADDEPORTES,18,00:24:44,00:24:44
B_03200L1003_0,0,B_0300L1-PARQUEHUND,19,00:25:48,00:25:48
B_03200L1003_0,0,B_0300L1-FELIXCUEVAS,20,00:27:47,00:27:47
B_03200L1003_0,0,B_0300L1-RIOCHURU,21,00:29:49,00:29:49
B_03200L1003_0,0,B_0300L1-TEATROINSURG,22,00:31:15,00:31:15
B_03200L1003_0,0,B_0300L1-JOSEMRIAVELAS,23,00:32:26,00:32:26
B_03200L1003_0,0,B_0300L1-FRANCIA,24,00:33:39,00:33:39
B_03200L1003_0,0,B_0300L1-OLIVO,25,00:35:05,00:35:05
B_03200L1003_0,0,B_0300L1-ALTAVISTA,26,00:36:28,00:36:28
B_03200L1003_0,0,B_0300L1-BOMBILLA,27,00:37:59,00:37:59
B_03200L1003_0,0,B_0300L1-DRGALVEZ,28,00:40:18,00:40:18
B_03200L1003_0,0,B_0300L1-CU,29,00:46:43,00:46:43
B_03200L1003_0,0,B_0300L1-CCU,30,00:49:31,00:49:31
B_03200L1003_0,0,B_0300L1-PERISUR,31,00:53:29,00:53:29
B_03200L1003_0,0,B_0300L1-VILLAOLIMPICA,32,00:55:17,00:55:17
B_03200L1003_0,0,B_0300L1-CORREGIDORA,33,00:57:58,00:57:58
B_03200L1003_0,0,B_0300L1-AYUNTAMIENTO,34,00:59:15,00:59:15
B_03200L1003_0,0,B_0300L1-FUENTESBROTAN,35,01:01:40,01:01:40
B_03200L1003_0,0,B_0300L1-STAURSULA,36,01:03:30,01:03:30
B_03200L1003_0,0,B_0300L1-LAJOYA,37,01:05:37,01:05:37
B_03200L1003_0,0,B_0300L1-CAMINERO,38,01:07:11,01:07:11
B_03200L1003_1,0,B_0300L1-CAMINERO,1,00:00:00,00:00:00
B_03200L1003_1,0,B_0300L1-LAJOYA,2,00:00:37,00:00:37
B_03200L1003_1,0,B_0300L1-STAURSULA,3,00:02:43,00:02:43
B_03200L1003_1,0,B_0300L1-FUENTESBROTAN,4,00:04:31,00:04:31
B_03200L1003_1,0,B_0300L1-AYUNTAMIENTO,5,00:06:59,00:06:59
B_03200L1003_1,0,B_0300L1-CORREGIDORA,6,00:08:16,00:08:16
B_03200L1003_1,0,B_0300L1-VILLAOLIMPICA,7,00:10:54,00:10:54
B_03200L1003_1,0,B_0300L1-PERISUR,8,00:12:42,00:12:42
B_03200L1003_1,0,B_0300L1-CCU,9,00:16:40,00:16:40
B_03200L1003_1,0,B_0300L1-CU,10,00:19:28,00:19:28
B_03200L1003_1,0,B_0300L1-DRGALVEZ,11,00:25:52,00:25:52
B_03200L1003_1,0,B_0300L1-BOMBILLA,12,00:28:11,00:28:11
B_03200L1003_1,0,B_0300L1-ALTAVISTA,13,00:29:42,00:29:42
B_03200L1003_1,0,B_0300L1-OLIVO,14,00:31:05,00:31:05
B_03200L1003_1,0,B_0300L1-FRANCIA,15,00:32:31,00:32:31
B_03200L1003_1,0,B_0300L1-JOSEMRIAVELAS,16,00:33:44,00:33:44
B_03200L1003_1,0,B_0300L1-TEATROINSURG,17,00:34:55,00:34:55
B_03200L1003_1,0,B_0300L1-RIOCHURU,18,00:36:21,00:36:21
B_03200L1003_1,0,B_0300L1-FELIXCUEVAS,19,00:38:23,00:38:23
B_03200L1003_1,0,B_0300L1-PARQUEHUND,20,00:40:22,00:40:22
B_03200L1003_1,0,B_0300L1-CIUDADDEPORTES,21,00:41:26,00:41:26
B_03200L1003_1,0,B_0300L1-COLDELVALLE,22,00:42:38,00:42:38
B_03200L1003_1,0,B_0300L1-NAPOLES,23,00:44:07,00:44:07
B_03200L1003_1,0,B_0300L1-POLIFORUM,24,00:45:28,00:45:28
B_03200L1003_1,0,B_0300L1-LAPIEDAD,25,00:47:12,00:47:12
B_03200L1003_1,0,B_0300L1-NVOLEON,26,00:48:43,00:48:43
B_03200L1003_1,0,B_0300L1-CHILPANCINGO,27,00:50:24,00:50:24
B_03200L1003_1,0,B_0300L1-CAMPECHE,28,00:51:35,00:51:35
B_03200L1003_1,0,B_0300L1-SONORA,29,00:52:53,00:52:53
B_03200L1003_1,0,B_0300L1-ALVAROOBRE,30,00:54:06,00:54:06
B_03200L1003_1,0,B_0300L1-DURANGO,31,00:55:21,00:55:21
B_03200L1003_1,0,B_0300L1-GLORIETA-1,32,00:56:45,00:56:45
B_03200L1003_1,0,B_0300L1-HAMBURGO,33,00:58:22,00:58:22
B_03200L1003_1,0,B_0300L1-REFORMA,34,01:00:28,01:00:28
B_03200L1003_1,0,B_0300L1-PLAZAREPU,35,01:01:41,01:01:41
B_03200L1003_1,0,B_0300L1-REVOLUCION,36,01:03:21,01:03:21
B_03200L1003_1,0,B_0300L1-ELCHOPO,37,01:04:28,01:04:28
B_03200L1003_1,0,B_0300L3-BUENAVISTA,38,01:05:59,01:05:59
B_03200L1006_0,0,B_0300L7-INDIOSVERDES,1,00:00:00,00:00:00
B_03200L1006_0,0,B_0300L1-DVO18MARZO,2,00:00:59,00:00:59
B_03200L1006_0,0,B_0300L1-EUZKARO,3,00:03:02,00:03:02
B_03200L1006_0,0,B_0300L1-POTRERO,4,00:05:15,00:05:15
B_03200L1006_0,0,B_0300L1-LARAZA,5,00:07:02,00:07:02
B_03200L1006_0,0,B_0300L1-CIRCUITO,6,00:09:13,00:09:13
B_03200L1006_0,0,B_0300L3-TOLNAHUAC,7,00:10:40,00:10:40
B_03200L1006_0,0,B_0300L3-TLATELOLCO,8,00:12:53,00:12:53
B_03200L1006_0,0,B_0300L3-RFLORESMAGON,9,00:14:15,00:14:15
B_03200L1006_0,0,B_0300L3-GUERRERO,10,00:15:26,00:15:26
B_03200L1006_0,0,B_0300L3-MINA,11,00:17:34,00:17:34
B_03200L1006_0,0,B_0300L3-HIDALGO,12,00:19:12,00:19:12
B_03200L1006_0,0,B_0300L3-JUAREZ,13,00:21:30,00:21:30
B_03200L1006_0,0,B_0300L3-BALDERAS,14,00:22:40,00:22:40
B_03200L1006_0,0,B_0300L3-CUAUHTEMOC,15,00:24:22,00:24:22
B_03200L1006_0,0,B_0300L3-JARDINPUSHK,16,00:26:33,00:26:33
B_03200L1006_0,0,B_0300L3-HOSPGENERAL,17,00:28:33,00:28:33
B_03200L1006_0,0,B_0300L3-DRMARQUEZ,18,00:30:39,00:30:39
B_03200L1006_0,0,B_0300L3-CENTROMEDICO,19,00:32:01,00:32:01
B_03200L1006_0,0,B_0300L3-OBREROMUNDIAL,20,00:33:35,00:33:35
B_03200L1006_0,0,B_0300L3-ETIOPIA,21,00:34:42,00:34:42
B_03200L1006_0,0,B_0300L3-LUZSAVINON,22,00:37:28,00:37:28
B_03200L1006_0,0,B_0300L3-EUGENIA,23,00:41:03,00:41:03
B_03200L1006_0,0,B_0300L3-DIVISIONNTE,24,00:43:42,00:43:42
B_03200L1006_0,0,B_0300L3-MIGUELLAURENT,25,00:45:24,00:45:24
B_03200L1006_0,0,B_0300L3-STACRUZATOYAC,26,00:48:21,00:48:21
B_03200L1006_1,0,B_0300L3-STACRUZATOYAC,1,00:00:00,00:00:00
B_03200L1006_1,0,B_0300L3-MIGUELLAURENT,2,00:03:02,00:03:02
B_03200L1006_1,0,B_0300L3-DIVISIONNTE,3,00:04:44,00:04:44
B_03200L1006_1,0,B_0300L3-EUGENIA,4,00:07:23,00:07:23
B_03200L1006_1,0,B_0300L3-LUZSAVINON,5,00:10:58,00:10:58
B_03200L1006_1,0,B_0300L3-ETIOPIA,6,00:13:44,00:13:44
B_03200L1006_1,0,B_0300L3-OBREROMUNDIAL,7,00:14:50,00:14:50
B_03200L1006_1,0,B_0300L3-CENTROMEDICO,8,00:16:24,00:16:24
B_03200L1006_1,0,B_0300L3-DRMARQUEZ,9,00:17:46,00:17:46
B_03200L1006_1,0,B_0300L3-HOSPGENERAL,10,00:19:52,00:19:52
B_03200L1006_1,0,B_0300L3-JARDINPUSHK,11,00:21:52,00:21:52
B_03200L1006_1,0,B_0300L3-CUAUHTEMOC,12,00:24:02,00:24:02
B_03200L1006_1,0,B_0300L3-BALDERAS,13,00:25:44,00:25:44
B_03200L1006_1,0,B_0300L3-JUAREZ,14,00:26:54,00:26:54
B_03200L1006_1,0,B_0300L3-HIDALGO,15,00:29:37,00:29:37
B_03200L1006_1,0,B_0300L3-MINA,16,00:31:15,00:31:15
B_03200L1006_1,0,B_0300L3-GUERRERO,17,00:33:23,00:33:23
B_03200L1006_1,0,B_0300L3-RFLORESMAGON,18,00:34:34,00:34:34
B_03200L1006_1,0,B_0300L3-TLATELOLCO,19,00:35:56,00:35:56
B_03200L1006_1,0,B_0300L3-TOLNAHUAC,20,00:38:09,00:38:09
B_03200L1006_1,0,B_0300L1-CIRCUITO,21,00:39:36,00:39:36
B_03200L1006_1,0,B_0300L1-LARAZA,22,00:41:47,00:41:47
B_03200L1006_1,0,B_0300L1-POTRERO,23,00:43:34,00:43:34
B_03200L1006_1,0,B_0300L1-EUZKARO,24,00:45:47,00:45:47
B_03200L1006_1,0,B_0300L1-DVO18MARZO,25,00:47:50,00:47:50
B_03200L1006_1,0,B_0300L7-INDIOSVERDES,26,00:48:50,00:48:50
B_03200L2000_0,0,B_0300L2-TACUBAYA,1,00:00:00,00:00:00
B_03200L2000_0,0,B_0300L2-ANTONMACEO,2,00:01:18,00:01:18
B_03200L2000_0,0,B_0300L2-DELASALLE,3,00:02:52,00:02:52
B_03200L2000_0,0,B_0300L2-PATRIOTISMO,4,00:05:16,00:05:16
B_03200L2000_0,0,B_0300L2-ESCANDON,5,00:06:39,00:06:39
B_03200L2000_0,0,B_0300L2-NVOLEON,6,00:07:58,00:07:58
B_03200L2000_0,0,B_0300L2-VIADUCTO,7,00:09:29,00:09:29
B_03200L2000_0,0,B_0300L2-AMORES,8,00:12:04,00:12:04
B_03200L2000_0,0,B_0300L2-ETIOPIA,9,00:15:22,00:15:22
B_03200L2000_0,0,B_0300L2-DRVERTIZ,10,00:16:35,00:16:35
B_03200L2000_0,0,B_0300L2-CENTROSCOP,11,00:18:25,00:18:25
B_03200L2000_0,0,B_0300L2-ALAMOS,12,00:19:51,00:19:51
B_03200L2000_0,0,B_0300L2-XOLA,13,00:20:51,00:20:51
B_03200L2000_0,0,B_0300L2-AMERICAS,14,00:23:04,00:23:04
B_03200L2000_0,0,B_0300L2-ANDRESMOLI,15,00:25:53,00:25:53
B_03200L2000_0,0,B_0300L2-LAVIGA,16,00:27:47,00:27:47
B_03200L2000_0,0,B_0300L2-COYUYA,17,00:30:40,00:30:40
B_03200L2000_0,0,B_0300L2-METROCOYUYA,18,00:31:50,00:31:50
B_03200L2000_0,0,B_0300L2-CANELA,19,00:33:26,00:33:26
B_03200L2000_0,0,B_0300L2-TLACOTAL,20,00:35:27,00:35:27
B_03200L2000_0,0,B_0300L2-GOMA,21,00:36:54,00:36:54
B_03200L2000_0,0,B_0300L2-IZTACALCO,22,00:38:24,00:38:24
B_03200L2000_0,0,B_0300L2-UPIICSA,23,00:40:45,00:40:45
B_03200L2000_0,0,B_0300L2-RODEO,24,00:42:16,00:42:16
B_03200L2000_0,0,B_0300L2-RIOTECOLUTLA,25,00:44:02,00:44:02
B_03200L2000_0,0,B_0300L2-RIOMAYO,26,00:45:27,00:45:27
B_03200L2000_0,0,B_0300L2-ROJOGOMEZ,27,00:47:06,00:47:06
B_03200L2000_0,0,B_0300L2-DELMORAL,28,00:49:16,00:49:16
B_03200L2000_0,0,B_0300L2-LEYESREFORMA,29,00:51:11,00:51:11
B_03200L2000_0,0,B_0300L2-CCHOTE,30,00:53:17,00:53:17
B_03200L2000_0,0,B_0300L2-CONSTAPATZIN,31,00:55:32,00:55:32
B_03200L2000_0,0,B_0300L2-CANALSANJUAN,32,00:59:36,00:59:36
B_03200L2000_0,0,B_0300L2-NICOLASBRAVO,33,01:02:02,01:02:02
B_03200L2000_0,0,B_0300L2-TEPALCATES,34,01:04:16,01:04:16
B_03200L2000_1,0,B_0300L2-TEPALCATES,1,00:00:00,00:00:00
B_03200L2000_1,0,B_0300L2-GRALANTONIOLEO,2,00:02:50,00:02:50
B_03200L2000_1,0,B_0300L2-CONSTAPATZIN,3,00:06:42,00:06:42
B_03200L2000_1,0,B_0300L2-CCHOTE,4,00:08:57,00:08:57
B_03200L2000_1,0,B_0300L2-LEYESREFORMA,5,00:11:03,00:11:03
B_03200L2000_1,0,B_0300L2-RIOFRIO,6,00:14:35,00:14:35
B_03200L2000_1,0,B_0300L2-ROJOGOMEZ,7,00:16:29,00:16:29
B_03200L2000_1,0,B_0300L2-RIOMAYO,8,00:18:08,00:18:08
B_03200L2000_1,0,B_0300L2-RIOTECOLUTLA,9,00:19:33,00:19:33
B_03200L2000_1,0,B_0300L2-RODEO,10,00:21:19,00:21:19
B_03200L2000_1,0,B_0300L2-UPIICSA,11,00:22:50,00:22:50
B_03200L2000_1,0,B_0300L2-IZTACALCO,12,00:25:11,00:25:11
B_03200L2000_1,0,B_0300L2-GOMA,13,00:26:41,00:26:41
B_03200L2000_1,0,B_0300L2-TLACOTAL,14,00:28:08,00:28:08
B_03200L2000_1,0,B_0300L2-CANELA,15,00:30:09,00:30:09
B_03200L2000_1,0,B_0300L2-METROCOYUYA,16,00:31:45,00:31:45
B_03200L2000_1,0,B_0300L2-COYUYA,17,00:32:55,00:32:55
B_03200L2000_1,0,B_0300L2-LAVIGA,18,00:35:48,00:35:48
B_03200L2000_1,0,B_0300L2-ANDRESMOLI,19,00:37:43,00:37:43
B_03200L2000_1,0,B_0300L2-AMERICAS,20,00:40:33,00:40:33
B_03200L2000_1,0,B_0300L2-XOLA,21,00:42:46,00:42:46
B_03200L2000_1,0,B_0300L2-ALAMOS,22,00:43:46,00:43:46
B_03200L2000_1,0,B_0300L2-CENTROSCOP,23,00:45:12,00:45:12
B_03200L2000_1,0,B_0300L2-DRVERTIZ,24,00:47:02,00:47:02
B_03200L2000_1,0,B_0300L2-ETIOPIA,25,00:48:15,00:48:15
B_03200L2000_1,0,B_0300L2-AMORES,26,00:51:33,00:51:33
B_03200L2000_1,0,B_0300L2-VIADUCTO,27,00:54:08,00:54:08
B_03200L2000_1,0,B_0300L2-NVOLEON,28,00:55:39,00:55:39
B_03200L2000_1,0,B_0300L2-ESCANDON,29,00:56:58,00:56:58
B_03200L2000_1,0,B_0300L2-PATRIOTISMO,30,00:58:21,00:58:21
B_03200L2000_1,0,B_0300L2-DELASALLE,31,01:00:45,01:00:45
B_03200L2000_1,0,B_0300L2-PARQUELIRA,32,01:02:51,01:02:51
B_03200L2000_1,0,B_0300L2-TACUBAYA,33,01:05:39,01:05:39
B_03200L2001_0,0,B_0300L3-ETIOPIA,1,00:00:00,00:00:00
B_03200L2001_0,0,B_0300L2-ETIOPIA,2,00:00:45,00:00:45
B_03200L2001_0,0,B_0300L2-DRVERTIZ,3,00:01:58,00:01:58
B_03200L2001_0,0,B_0300L2-CENTROSCOP,4,00:03:48,00:03:48
B_03200L2001_0,0,B_0300L2-ALAMOS,5,00:05:13,00:05:13
B_03200L2001_0,0,B_0300L2-XOLA,6,00:06:13,00:06:13
B_03200L2001_0,0,B_0300L2-AMERICAS,7,00:08:26,00:08:26
B_03200L2001_0,0,B_0300L2-ANDRESMOLI,8,00:11:16,00:11:16
B_03200L2001_0,0,B_0300L2-LAVIGA,9,00:13:11,00:13:11
B_03200L2001_0,0,B_0300L2-COYUYA,10,00:16:04,00:16:04
B_03200L2001_0,0,B_0300L2-METROCOYUYA,11,00:17:14,00:17:14
B_03200L2001_0,0,B_0300L2-CANELA,12,00:18:50,00:18:50
B_03200L2001_0,0,B_0300L2-TLACOTAL,13,00:20:51,00:20:51
B_03200L2001_0,0,B_0300L2-GOMA,14,00:22:18,00:22:18
B_03200L2001_0,0,B_0300L2-IZTACALCO,15,00:23:48,00:23:48
B_03200L2001_0,0,B_0300L2-UPIICSA,16,00:26:09,00:26:09
B_03200L2001_0,0,B_0300L2-RODEO,17,00:27:40,00:27:40
B_03200L2001_0,0,B_0300L2-RIOTECOLUTLA,18,00:29:26,00:29:26
B_03200L2001_0,0,B_0300L2-RIOMAYO,19,00:30:51,00:30:51
B_03200L2001_0,0,B_0300L2-ROJOGOMEZ,20,00:32:30,00:32:30
B_03200L2001_0,0,B_0300L2-DELMORAL,21,00:34:40,00:34:40
B_03200L2001_0,0,B_0300L2-LEYESREFORMA,22,00:36:35,00:36:35
B_03200L2001_0,0,B_0300L2-CCHOTE,23,00:38:42,00:38:42
B_03200L2001_0,0,B_0300L2-CONSTAPATZIN,24,00:40:57,00:40:57
B_03200L2001_0,0,B_0300L2-CANALSANJUAN,25,00:45:01,00:45:01
B_03200L2001_0,0,B_0300L2-NICOLASBRAVO,26,00:47:27,00:47:27
B_03200L2001_0,0,B_0300L2-TEPALCATES,27,00:49:41,00:49:41
B_03200L2001_1,0,B_0300L2-TEPALCATES,1,00:00:00,00:00:00
B_03200L2001_1,0,B_0300L2-GRALANTONIOLEO,2,00:02:50,00:02:50
B_03200L2001_1,0,B_0300L2-CONSTAPATZIN,3,00:06:42,00:06:42
B_03200L2001_1,0,B_0300L2-CCHOTE,4,00:08:57,00:08:57
B_03200L2001_1,0,B_0300L2-LEYESREFORMA,5,00:11:03,00:11:03
B_03200L2001_1,0,B_0300L2-RIOFRIO,6,00:14:35,00:14:35
B_03200L2001_1,0,B_0300L2-ROJOGOMEZ,7,00:16:28,00:16:28
B_03200L2001_1,0,B_0300L2-RIOMAYO,8,00:18:07,00:18:07
B_03200L2001_1,0,B_0300L2-RIOTECOLUTLA,9,00:19:32,00:19:32
B_03200L2001_1,0,B_0300L2-RODEO,10,00:21:18,00:21:18
B_03200L2001_1,0,B_0300L2-UPIICSA,11,00:22:49,00:22:49
B_03200L2001_1,0,B_0300L2-IZTACALCO,12,00:25:10,00:25:10
B_03200L2001_1,0,B_0300L2-GOMA,13,00:26:40,00:26:40
B_03200L2001_1,0,B_0300L2-TLACOTAL,14,00:28:07,00:28:07
B_03200L2001_1,0,B_0300L2-CANELA,15,00:30:08,00:30:08
B_03200L2001_1,0,B_0300L2-METROCOYUYA,16,00:31:44,00:31:44
B_03200L2001_1,0,B_0300L2-COYUYA,17,00:32:54,00:32:54
B_03200L2001_1,0,B_0300L2-LAVIGA,18,00:35:47,00:35:47
B_03200L2001_1,0,B_0300L2-ANDRESMOLI,19,00:37:42,00:37:42
B_03200L2001_1,0,B_0300L2-AMERICAS,20,00:40:32,00:40:32
B_03200L2001_1,0,B_0300L2-XOLA,21,00:42:45,00:42:45
B_03200L2001_1,0,B_0300L2-ALAMOS,22,00:43:45,00:43:45
B_03200L2001_1,0,B_0300L2-CENTROSCOP,23,00:45:11,00:45:11
B_03200L2001_1,0,B_0300L2-DRVERTIZ,24,00:47:01,00:47:01
B_03200L2001_1,0,B_0300L2-ETIOPIA,25,00:48:14,00:48:14
B_03200L2001_1,0,B_0300L3-ETIOPIA,26,00:48:58,00:48:58
B_03200L2002_0,0,B_0300L1-COLDELVALLE,1,00:00:00,00:00:00
B_03200L2002_0,0,B_0300L1-NAPOLES,2,00:01:38,00:01:38
B_03200L2002_0,0,B_0300L1-POLIFORUM,3,00:03:06,00:03:06
B_03200L2002_0,0,B_0300L1-LAPIEDAD,4,00:05:00,00:05:00
B_03200L2002_0,0,B_0300L1-NVOLEON,5,00:06:40,00:06:40
B_03200L2002_0,0,B_0300L2-VIADUCTO,6,00:08:22,00:08:22
B_03200L2002_0,0,B_0300L2-AMORES,7,00:10:57,00:10:57
B_03200L2002_0,0,B_0300L2-ETIOPIA,8,00:14:15,00:14:15
B_03200L2002_0,0,B_0300L2-DRVERTIZ,9,00:15:28,00:15:28
B_03200L2002_0,0,B_0300L2-CENTROSCOP,10,00:17:18,00:17:18
B_03200L2002_0,0,B_0300L2-ALAMOS,11,00:18:43,00:18:43
B_03200L2002_0,0,B_0300L2-XOLA,12,00:19:43,00:19:43
B_03200L2002_0,0,B_0300L2-AMERICAS,13,00:21:56,00:21:56
B_03200L2002_0,0,B_0300L2-ANDRESMOLI,14,00:24:46,00:24:46
B_03200L2002_0,0,B_0300L2-LAVIGA,15,00:26:41,00:26:41
B_03200L2002_0,0,B_0300L2-COYUYA,16,00:29:34,00:29:34
B_03200L2002_0,0,B_0300L2-METROCOYUYA,17,00:30:44,00:30:44
B_03200L2002_0,0,B_0300L2-CANELA,18,00:32:20,00:32:20
B_03200L2002_0,0,B_0300L2-TLACOTAL,19,00:34:21,00:34:21
B_03200L2002_0,0,B_0300L2-GOMA,20,00:35:48,00:35:48
B_03200L2002_0,0,B_0300L2-IZTACALCO,21,00:37:18,00:37:18
B_03200L2002_0,0,B_0300L2-UPIICSA,22,00:39:39,00:39:39
B_03200L2002_0,0,B_0300L2-RODEO,23,00:41:10,00:41:10
B_03200L2002_0,0,B_0300L2-RIOTECOLUTLA,24,00:42:56,00:42:56
B_03200L2002_0,0,B_0300L2-RIOMAYO,25,00:44:21,00:44:21
B_03200L2002_0,0,B_0300L2-ROJOGOMEZ,26,00:46:00,00:46:00
B_03200L2002_0,0,B_0300L2-DELMORAL,27,00:48:10,00:48:10
B_03200L2002_0,0,B_0300L2-LEYESREFORMA,28,00:50:05,00:50:05
B_03200L2002_0,0,B_0300L2-CCHOTE,29,00:52:11,00:52:11
B_03200L2002_0,0,B_0300L2-CONSTAPATZIN,30,00:54:26,00:54:26
B_03200L2002_0,0,B_0300L2-CANALSANJUAN,31,00:58:30,00:58:30
B_03200L2002_0,0,B_0300L2-NICOLASBRAVO,32,01:00:56,01:00:56
B_03200L2002_0,0,B_0300L2-TEPALCATES,33,01:03:10,01:03:10
B_03200L2002_1,0,B_0300L2-TEPALCATES,1,00:00:00,00:00:00
B_03200L2002_1,0,B_0300L2-GRALANTONIOLEO,2,00:02:50,00:02:50
B_03200L2002_1,0,B_0300L2-CONSTAPATZIN,3,00:06:42,00:06:42
B_03200L2002_1,0,B_0300L2-CCHOTE,4,00:08:57,00:08:57
B_03200L2002_1,0,B_0300L2-LEYESREFORMA,5,00:11:03,00:11:03
B_03200L2002_1,0,B_0300L2-RIOFRIO,6,00:14:35,00:14:35
B_03200L2002_1,0,B_0300L2-ROJOGOMEZ,7,00:16:29,00:16:29
B_03200L2002_1,0,B_0300L2-RIOMAYO,8,00:18:08,00:18:08
B_03200L2002_1,0,B_0300L2-RIOTECOLUTLA,9,00:19:33,00:19:33
B_03200L2002_1,0,B_0300L2-RODEO,10,00:21:19,00:21:19
B_03200L2002_1,0,B_0300L2-UPIICSA,11,00:22:50,00:22:50
B_03200L2002_1,0,B_0300L2-IZTACALCO,12,00:25:11,00:25:11
B_03200L2002_1,0,B_0300L2-GOMA,13,00:26:41,00:26:41
B_03200L2002_1,0,B_0300L2-TLACOTAL,14,00:28:08,00:28:08
B_03200L2002_1,0,B_0300L2-CANELA,15,00:30:09,00:30:09
B_03200L2002_1,0,B_0300L2-METROCOYUYA,16,00:31:45,00:31:45
B_03200L2002_1,0,B_0300L2-COYUYA,17,00:32:55,00:32:55
B_03200L2002_1,0,B_0300L2-LAVIGA,18,00:35:48,00:35:48
B_03200L2002_1,0,B_0300L2-ANDRESMOLI,19,00:37:43,00:37:43
B_03200L2002_1,0,B_0300L2-AMERICAS,20,00:40:32,00:40:32
B_03200L2002_1,0,B_0300L2-XOLA,21,00:42:45,00:42:45
B_03200L2002_1,0,B_0300L2-ALAMOS,22,00:43:45,00:43:45
B_03200L2002_1,0,B_0300L2-CENTROSCOP,23,00:45:10,00:45:10
B_03200L2002_1,0,B_0300L2-DRVERTIZ,24,00:47:00,00:47:00
B_03200L2002_1,0,B_0300L2-ETIOPIA,25,00:48:13,00:48:13
B_03200L2002_1,0,B_0300L2-AMORES,26,00:51:31,00:51:31
B_03200L2002_1,0,B_0300L2-VIADUCTO,27,00:54:06,00:54:06
B_03200L2002_1,0,B_0300L1-NVOLEON,28,00:55:48,00:55:48
B_03200L2002_1,0,B_0300L1-LAPIEDAD,29,00:57:28,00:57:28
B_03200L2002_1,0,B_0300L1-POLIFORUM,30,00:59:22,00:59:22
B_03200L2002_1,0,B_0300L1-NAPOLES,31,01:00:50,01:00:50
B_03200L2002_1,0,B_0300L1-COLDELVALLE,32,01:02:28,01:02:28
B_03200L3000_0,0,B_0300L3-TENAYUCA,1,00:00:00,00:00:00
B_03200L3000_0,0,B_0300L3-SANJOSEESCA,2,00:03:00,00:03:00
B_03200L3000_0,0,B_0300L3-PROGRESONA,3,00:04:26,00:04:26
B_03200L3000_0,0,B_0300L3-TRESANEGAS,4,00:06:18,00:06:18
B_03200L3000_0,0,B_0300L3-JUPITER,5,00:09:19,00:09:19
B_03200L3000_0,0,B_0300L3-PATERA,6,00:11:29,00:11:29
B_03200L3000_0,0,B_0300L3-PNTE146,7,00:13:05,00:13:05
B_03200L3000_0,0,B_0300L3-MONTEVIDEO,8,00:14:46,00:14:46
B_03200L3000_0,0,B_0300L3-PNTE134,9,00:16:15,00:16:15
B_03200L3000_0,0,B_0300L3-PNTE 128,10,00:17:37,00:17:37
B_03200L3000_0,0,B_0300L3-MAGDASALINAS,11,00:20:05,00:20:05
B_03200L3000_0,0,B_0300L3-COLTONGO,12,00:21:50,00:21:50
B_03200L3000_0,0,B_0300L3-CUITLAHUAC,13,00:24:19,00:24:19
B_03200L3000_0,0,B_0300L3-HEROENACOZA,14,00:25:37,00:25:37
B_03200L3000_0,0,B_0300L3-HOSPRAZA,15,00:27:00,00:27:00
B_03200L3000_0,0,B_0300L3-CIRCUITO,16,00:29:06,00:29:06
B_03200L3000_0,0,B_0300L3-TOLNAHUAC,17,00:30:42,00:30:42
B_03200L3000_0,0,B_0300L3-TLATELOLCO,18,00:32:31,00:32:31
B_03200L3000_0,0,B_0300L3-RFLORESMAGON,19,00:34:06,00:34:06
B_03200L3000_0,0,B_0300L3-GUERRERO,20,00:36:31,00:36:31
B_03200L3000_0,0,B_0300L3-MINA,21,00:38:49,00:38:49
B_03200L3000_0,0,B_0300L3-HIDALGO,22,00:41:19,00:41:19
B_03200L3000_0,0,B_0300L3-JUAREZ,23,00:43:17,00:43:17
B_03200L3000_0,0,B_0300L3-BALDERAS,24,00:44:38,00:44:38
B_03200L3000_0,0,B_0300L3-CUAUHTEMOC,25,00:47:16,00:47:16
B_03200L3000_0,0,B_0300L3-JARDINPUSHK,26,00:49:08,00:49:08
B_03200L3000_0,0,B_0300L3-HOSPGENERAL,27,00:51:35,00:51:35
B_03200L3000_0,0,B_0300L3-DRMARQUEZ,28,00:52:57,00:52:57
B_03200L3000_0,0,B_0300L3-CENTROMEDICO,29,00:54:32,00:54:32
B_03200L3000_0,0,B_0300L3-OBREROMUNDIAL,30,00:57:05,00:57:05
B_03200L3000_0,0,B_0300L3-ETIOPIA,31,00:58:45,00:58:45
B_03200L3000_0,0,B_0300L3-LUZSAVINON,32,01:01:15,01:01:15
B_03200L3000_0,0,B_0300L3-EUGENIA,33,01:03:19,01:03:19
B_03200L3000_0,0,B_0300L3-DIVISIONNTE,34,01:05:53,01:05:53
B_03200L3000_0,0,B_0300L3-MIGUELLAURENT,35,01:08:14,01:08:14
B_03200L3000_0,0,B_0300L3-STACRUZATOYAC,36,01:09:23,01:09:23
B_03200L3000_1,0,B_0300L3-STACRUZATOYAC,1,00:00:00,00:00:00
B_03200L3000_1,0,B_0300L3-MIGUELLAURENT,2,00:01:09,00:01:09
B_03200L3000_1,0,B_0300L3-DIVISIONNTE,3,00:03:30,00:03:30
B_03200L3000_1,0,B_0300L3-EUGENIA,4,00:06:04,00:06:04
B_03200L3000_1,0,B_0300L3-LUZSAVINON,5,00:08:08,00:08:08
B_03200L3000_1,0,B_0300L3-ETIOPIA,6,00:10:38,00:10:38
B_03200L3000_1,0,B_0300L3-OBREROMUNDIAL,7,00:12:18,00:12:18
B_03200L3000_1,0,B_0300L3-CENTROMEDICO,8,00:14:51,00:14:51
B_03200L3000_1,0,B_0300L3-DRMARQUEZ,9,00:16:26,00:16:26
B_03200L3000_1,0,B_0300L3-HOSPGENERAL,10,00:17:48,00:17:48
B_03200L3000_1,0,B_0300L3-JARDINPUSHK,11,00:20:15,00:20:15
B_03200L3000_1,0,B_0300L3-CUAUHTEMOC,12,00:22:07,00:22:07
B_03200L3000_1,0,B_0300L3-BALDERAS,13,00:25:09,00:25:09
B_03200L3000_1,0,B_0300L3-JUAREZ,14,00:26:30,00:26:30
B_03200L3000_1,0,B_0300L3-HIDALGO,15,00:28:28,00:28:28
B_03200L3000_1,0,B_0300L3-MINA,16,00:30:58,00:30:58
B_03200L3000_1,0,B_0300L3-GUERRERO,17,00:33:16,00:33:16
B_03200L3000_1,0,B_0300L3-RFLORESMAGON,18,00:35:41,00:35:41
B_03200L3000_1,0,B_0300L3-TLATELOLCO,19,00:37:16,00:37:16
B_03200L3000_1,0,B_0300L3-TOLNAHUAC,20,00:39:05,00:39:05
B_03200L3000_1,0,B_0300L3-CIRCUITO,21,00:40:41,00:40:41
B_03200L3000_1,0,B_0300L3-HOSPRAZA,22,00:42:47,00:42:47
B_03200L3000_1,0,B_0300L3-HEROENACOZA,23,00:44:10,00:44:10
B_03200L3000_1,0,B_0300L3-CUITLAHUAC,24,00:45:28,00:45:28
B_03200L3000_1,0,B_0300L3-COLTONGO,25,00:47:57,00:47:57
B_03200L3000_1,0,B_0300L3-MAGDASALINAS,26,00:49:42,00:49:42
B_03200L3000_1,0,B_0300L3-PNTE 128,27,00:52:10,00:52:10
B_03200L3000_1,0,B_0300L3-PNTE134,28,00:53:32,00:53:32
B_03200L3000_1,0,B_0300L3-MONTEVIDEO,29,00:55:01,00:55:01
B_03200L3000_1,0,B_0300L3-PNTE146,30,00:56:42,00:56:42
B_03200L3000_1,0,B_0300L3-PATERA,31,00:58:18,00:58:18
B_03200L3000_1,0,B_0300L3-JUPITER,32,01:00:28,01:00:28
B_03200L3000_1,0,B_0300L3-TRESANEGAS,33,01:03:29,01:03:29
B_03200L3000_1,0,B_0300L3-PROGRESONA,34,01:05:21,01:05:21
B_03200L3000_1,0,B_0300L3-SANJOSEESCA,35,01:06:47,01:06:47
B_03200L3000_1,0,B_0300L3-TENAYUCA,36,01:09:47,01:09:47
B_03200L3001_0,0,B_0300L3-TENAYUCA,1,00:00:00,00:00:00
B_03200L3001_0,0,B_0300L3-SANJOSEESCA,2,00:03:00,00:03:00
B_03200L3001_0,0,B_0300L3-PROGRESONA,3,00:04:26,00:04:26
B_03200L3001_0,0,B_0300L3-TRESANEGAS,4,00:06:18,00:06:18
B_03200L3001_0,0,B_0300L3-JUPITER,5,00:09:19,00:09:19
B_03200L3001_0,0,B_0300L3-PATERA,6,00:11:29,00:11:29
B_03200L3001_0,0,B_0300L3-PNTE146,7,00:13:05,00:13:05
B_03200L3001_0,0,B_0300L3-MONTEVIDEO,8,00:14:46,00:14:46
B_03200L3001_0,0,B_0300L3-PNTE134,9,00:16:15,00:16:15
B_03200L3001_0,0,B_0300L3-PNTE 128,10,00:17:37,00:17:37
B_03200L3001_0,0,B_0300L3-MAGDASALINAS,11,00:20:05,00:20:05
B_03200L3001_0,0,B_0300L3-COLTONGO,12,00:21:50,00:21:50
B_03200L3001_0,0,B_0300L3-CUITLAHUAC,13,00:24:19,00:24:19
B_03200L3001_0,0,B_0300L3-HEROENACOZA,14,00:25:37,00:25:37
B_03200L3001_0,0,B_0300L3-HOSPRAZA,15,00:27:00,00:27:00
B_03200L3001_0,0,B_0300L3-CIRCUITO,16,00:29:06,00:29:06
B_03200L3001_0,0,B_0300L3-TOLNAHUAC,17,00:30:42,00:30:42
B_03200L3001_0,0,B_0300L3-TLATELOLCO,18,00:32:31,00:32:31
B_03200L3001_0,0,B_0300L3-RFLORESMAGON,19,00:34:06,00:34:06
B_03200L3001_0,0,B_0300L3-GUERRERO,20,00:36:31,00:36:31
B_03200L3001_0,0,B_0300L3-MINA,21,00:38:49,00:38:49
B_03200L3001_0,0,B_0300L3-HIDALGO,22,00:41:19,00:41:19
B_03200L3001_0,0,B_0300L3-JUAREZ,23,00:43:17,00:43:17
B_03200L3001_0,0,B_0300L3-BALDERAS,24,00:44:38,00:44:38
B_03200L3001_1,0,B_0300L3-BALDERAS,1,00:00:00,00:00:00
B_03200L3001_1,0,B_0300L3-JUAREZ,2,00:01:21,00:01:21
B_03200L3001_1,0,B_0300L3-HIDALGO,3,00:03:19,00:03:19
B_03200L3001_1,0,B_0300L3-MINA,4,00:05:49,00:05:49
B_03200L3001_1,0,B_0300L3-GUERRERO,5,00:08:07,00:08:07
B_03200L3001_1,0,B_0300L3-RFLORESMAGON,6,00:10:32,00:10:32
B_03200L3001_1,0,B_0300L3-TLATELOLCO,7,00:12:07,00:12:07
B_03200L3001_1,0,B_0300L3-TOLNAHUAC,8,00:13:56,00:13:56
B_03200L3001_1,0,B_0300L3-CIRCUITO,9,00:15:32,00:15:32
B_03200L3001_1,0,B_0300L3-HOSPRAZA,10,00:17:38,00:17:38
B_03200L3001_1,0,B_0300L3-HEROENACOZA,11,00:19:01,00:19:01
B_03200L3001_1,0,B_0300L3-CUITLAHUAC,12,00:20:19,00:20:19
B_03200L3001_1,0,B_0300L3-COLTONGO,13,00:22:48,00:22:48
B_03200L3001_1,0,B_0300L3-MAGDASALINAS,14,00:24:33,00:24:33
B_03200L3001_1,0,B_0300L3-PNTE 128,15,00:27:01,00:27:01
B_03200L3001_1,0,B_0300L3-PNTE134,16,00:28:23,00:28:23
B_03200L3001_1,0,B_0300L3-MONTEVIDEO,17,00:29:52,00:29:52
B_03200L3001_1,0,B_0300L3-PNTE146,18,00:31:33,00:31:33
B_03200L3001_1,0,B_0300L3-PATERA,19,00:33:09,00:33:09
B_03200L3001_1,0,B_0300L3-JUPITER,20,00:35:19,00:35:19
B_03200L3001_1,0,B_0300L3-TRESANEGAS,21,00:38:20,00:38:20
B_03200L3001_1,0,B_0300L3-PROGRESONA,22,00:40:12,00:40:12
B_03200L3001_1,0,B_0300L3-SANJOSEESCA,23,00:41:38,00:41:38
B_03200L3001_1,0,B_0300L3-TENAYUCA,24,00:44:38,00:44:38
B_03200L3002_0,0,B_0300L3-TENAYUCA,1,00:00:00,00:00:00
B_03200L3002_0,0,B_0300L3-SANJOSEESCA,2,00:03:00,00:03:00
B_03200L3002_0,0,B_0300L3-PROGRESONA,3,00:04:26,00:04:26
B_03200L3002_0,0,B_0300L3-TRESANEGAS,4,00:06:18,00:06:18
B_03200L3002_0,0,B_0300L3-JUPITER,5,00:09:19,00:09:19
B_03200L3002_0,0,B_0300L3-PATERA,6,00:11:29,00:11:29
B_03200L3002_0,0,B_0300L3-PNTE146,7,00:13:05,00:13:05
B_03200L3002_0,0,B_0300L3-MONTEVIDEO,8,00:14:46,00:14:46
B_03200L3002_0,0,B_0300L3-PNTE134,9,00:16:15,00:16:15
B_03200L3002_0,0,B_0300L3-PNTE 128,10,00:17:37,00:17:37
B_03200L3002_0,0,B_0300L3-MAGDASALINAS,11,00:20:05,00:20:05
B_03200L3002_0,0,B_0300L3-COLTONGO,12,00:21:50,00:21:50
B_03200L3002_0,0,B_0300L3-CUITLAHUAC,13,00:24:19,00:24:19
B_03200L3002_0,0,B_0300L3-HEROENACOZA,14,00:25:37,00:25:37
B_03200L3002_0,0,B_0300L3-HOSPRAZA,15,00:27:00,00:27:00
B_03200L3002_0,0,B_0300L3-RAZA,16,00:29:37,00:29:37
B_03200L3002_1,0,B_0300L3-RAZA,1,00:00:00,00:00:00
B_03200L3002_1,0,B_0300L3-HOSPRAZA,2,00:01:22,00:01:22
B_03200L3002_1,0,B_0300L3-HEROENACOZA,3,00:02:45,00:02:45
B_03200L3002_1,0,B_0300L3-CUITLAHUAC,4,00:04:03,00:04:03
B_03200L3002_1,0,B_0300L3-COLTONGO,5,00:06:32,00:06:32
B_03200L3002_1,0,B_0300L3-MAGDASALINAS,6,00:08:17,00:08:17
B_03200L3002_1,0,B_0300L3-PNTE 128,7,00:10:45,00:10:45
B_03200L3002_1,0,B_0300L3-PNTE134,8,00:12:07,00:12:07
B_03200L3002_1,0,B_0300L3-MONTEVIDEO,9,00:13:36,00:13:36
B_03200L3002_1,0,B_0300L3-PNTE146,10,00:15:17,00:15:17
B_03200L3002_1,0,B_0300L3-PATERA,11,00:16:53,00:16:53
B_03200L3002_1,0,B_0300L3-JUPITER,12,00:19:03,00:19:03
B_03200L3002_1,0,B_0300L3-TRESANEGAS,13,00:22:04,00:22:04
B_03200L3002_1,0,B_0300L3-PROGRESONA,14,00:23:55,00:23:55
B_03200L3002_1,0,B_0300L3-SANJOSEESCA,15,00:25:21,00:25:21
B_03200L3002_1,0,B_0300L3-TENAYUCA,16,00:28:21,00:28:21
B_03200L3003_0,0,B_0300L3-TENAYUCA,1,00:00:00,00:00:00
B_03200L3003_0,0,B_0300L3-SANJOSEESCA,2,00:03:00,00:03:00
B_03200L3003_0,0,B_0300L3-PROGRESONA,3,00:04:26,00:04:26
B_03200L3003_0,0,B_0300L3-TRESANEGAS,4,00:06:18,00:06:18
B_03200L3003_0,0,B_0300L3-JUPITER,5,00:09:19,00:09:19
B_03200L3003_0,0,B_0300L3-PATERA,6,00:11:29,00:11:29
B_03200L3003_0,0,B_0300L3-PNTE146,7,00:13:05,00:13:05
B_03200L3003_0,0,B_0300L3-MONTEVIDEO,8,00:14:46,00:14:46
B_03200L3003_0,0,B_0300L3-PNTE134,9,00:16:15,00:16:15
B_03200L3003_0,0,B_0300L3-PNTE 128,10,00:17:37,00:17:37
B_03200L3003_0,0,B_0300L3-MAGDASALINAS,11,00:20:05,00:20:05
B_03200L3003_0,0,B_0300L3-COLTONGO,12,00:21:50,00:21:50
B_03200L3003_0,0,B_0300L3-CUITLAHUAC,13,00:24:19,00:24:19
B_03200L3003_0,0,B_0300L3-HEROENACOZA,14,00:25:37,00:25:37
B_03200L3003_0,0,B_0300L3-HOSPRAZA,15,00:27:00,00:27:00
B_03200L3003_0,0,B_0300L3-CIRCUITO,16,00:29:06,00:29:06
B_03200L3003_0,0,B_0300L3-TOLNAHUAC,17,00:30:42,00:30:42
B_03200L3003_0,0,B_0300L3-TLATELOLCO,18,00:32:31,00:32:31
B_03200L3003_0,0,B_0300L3-RFLORESMAGON,19,00:34:06,00:34:06
B_03200L3003_0,0,B_0300L3-GUERRERO,20,00:36:31,00:36:31
B_03200L3003_0,0,B_0300L3-BUENAVISTA,21,00:38:38,00:38:38
B_03200L3003_1,0,B_0300L3-BUENAVISTA,1,00:00:00,00:00:00
B_03200L3003_1,0,B_0300L3-GUERRERO,2,00:02:07,00:02:07
B_03200L3003_1,0,B_0300L3-RFLORESMAGON,3,00:04:32,00:04:32
B_03200L3003_1,0,B_0300L3-TLATELOLCO,4,00:06:07,00:06:07
B_03200L3003_1,0,B_0300L3-TOLNAHUAC,5,00:07:56,00:07:56
B_03200L3003_1,0,B_0300L3-CIRCUITO,6,00:09:32,00:09:32
B_03200L3003_1,0,B_0300L3-HOSPRAZA,7,00:11:38,00:11:38
B_03200L3003_1,0,B_0300L3-HEROENACOZA,8,00:13:01,00:13:01
B_03200L3003_1,0,B_0300L3-CUITLAHUAC,9,00:14:19,00:14:19
B_03200L3003_1,0,B_0300L3-COLTONGO,10,00:16:48,00:16:48
B_03200L3003_1,0,B_0300L3-MAGDASALINAS,11,00:18:33,00:18:33
B_03200L3003_1,0,B_0300L3-PNTE 128,12,00:21:01,00:21:01
B_03200L3003_1,0,B_0300L3-PNTE134,13,00:22:23,00:22:23
B_03200L3003_1,0,B_0300L3-MONTEVIDEO,14,00:23:52,00:23:52
B_03200L3003_1,0,B_0300L3-PNTE146,15,00:25:33,00:25:33
B_03200L3003_1,0,B_0300L3-PATERA,16,00:27:09,00:27:09
B_03200L3003_1,0,B_0300L3-JUPITER,17,00:29:19,00:29:19
B_03200L3003_1,0,B_0300L3-TRESANEGAS,18,00:32:20,00:32:20
B_03200L3003_1,0,B_0300L3-PROGRESONA,19,00:34:12,00:34:12
B_03200L3003_1,0,B_0300L3-SANJOSEESCA,20,00:35:38,00:35:38
B_03200L3003_1,0,B_0300L3-TENAYUCA,21,00:38:38,00:38:38
B_03200L3004_0,0,B_0300L1-INDIOSVERDES,1,00:00:00,00:00:00
B_03200L3004_0,0,B_0300L1-DVO18MARZO,2,00:06:36,00:06:36
B_03200L3004_0,0,B_0300L1-EUZKARO,3,00:08:34,00:08:34
B_03200L3004_0,0,B_0300L1-POTRERO,4,00:11:38,00:11:38
B_03200L3004_0,0,B_0300L1-LARAZA,5,00:15:46,00:15:46
B_03200L3004_0,0,B_0300L1-CIRCUITO,6,00:18:57,00:18:57
B_03200L3004_0,0,B_0300L1-SANSIMON,7,00:20:29,00:20:29
B_03200L3004_0,0,B_0300L1-MANUELGLEZ,8,00:21:56,00:21:56
B_03200L3004_0,0,B_0300L1-BUENAVISTA,9,00:26:40,00:26:40
B_03200L3004_0,0,B_0300L3-MINA,10,00:31:11,00:31:11
B_03200L3004_0,0,B_0300L3-HIDALGO,11,00:33:41,00:33:41
B_03200L3004_0,0,B_0300L3-JUAREZ,12,00:35:39,00:35:39
B_03200L3004_0,0,B_0300L3-BALDERAS,13,00:37:00,00:37:00
B_03200L3004_0,0,B_0300L3-CUAUHTEMOC,14,00:39:38,00:39:38
B_03200L3004_0,0,B_0300L3-JARDINPUSHK,15,00:41:30,00:41:30
B_03200L3004_0,0,B_0300L3-HOSPGENERAL,16,00:43:57,00:43:57
B_03200L3004_0,0,B_0300L3-DRMARQUEZ,17,00:45:19,00:45:19
B_03200L3004_0,0,B_0300L3-CENTROMEDICO,18,00:46:54,00:46:54
B_03200L3004_0,0,B_0300L3-OBREROMUNDIAL,19,00:49:27,00:49:27
B_03200L3004_0,0,B_0300L3-ETIOPIA,20,00:51:07,00:51:07
B_03200L3004_0,0,B_0300L3-LUZSAVINON,21,00:53:37,00:53:37
B_03200L3004_0,0,B_0300L3-EUGENIA,22,00:55:41,00:55:41
B_03200L3004_0,0,B_0300L3-DIVISIONNTE,23,00:58:15,00:58:15
B_03200L3004_0,0,B_0300L3-MIGUELLAURENT,24,01:00:36,01:00:36
B_03200L3004_0,0,B_0300L3-STACRUZATOYAC,25,01:01:45,01:01:45
B_03200L3004_1,0,B_0300L3-STACRUZATOYAC,1,00:00:00,00:00:00
B_03200L3004_1,0,B_0300L3-MIGUELLAURENT,2,00:01:09,00:01:09
B_03200L3004_1,0,B_0300L3-DIVISIONNTE,3,00:03:30,00:03:30
B_03200L3004_1,0,B_0300L3-EUGENIA,4,00:06:04,00:06:04
B_03200L3004_1,0,B_0300L3-LUZSAVINON,5,00:08:08,00:08:08
B_03200L3004_1,0,B_0300L3-ETIOPIA,6,00:10:38,00:10:38
B_03200L3004_1,0,B_0300L3-OBREROMUNDIAL,7,00:12:18,00:12:18
B_03200L3004_1,0,B_0300L3-CENTROMEDICO,8,00:14:51,00:14:51
B_03200L3004_1,0,B_0300L3-DRMARQUEZ,9,00:16:26,00:16:26
B_03200L3004_1,0,B_0300L3-HOSPGENERAL,10,00:17:48,00:17:48
B_03200L3004_1,0,B_0300L3-JARDINPUSHK,11,00:20:15,00:20:15
B_03200L3004_1,0,B_0300L3-CUAUHTEMOC,12,00:22:07,00:22:07
B_03200L3004_1,0,B_0300L3-BALDERAS,13,00:25:08,00:25:08
B_03200L3004_1,0,B_0300L3-JUAREZ,14,00:26:29,00:26:29
B_03200L3004_1,0,B_0300L3-HIDALGO,15,00:28:27,00:28:27
B_03200L3004_1,0,B_0300L3-MINA,16,00:30:57,00:30:57
B_03200L3004_1,0,B_0300L1-BUENAVISTA,17,00:35:28,00:35:28
B_03200L3004_1,0,B_0300L1-MANUELGLEZ,18,00:40:12,00:40:12
B_03200L3004_1,0,B_0300L1-SANSIMON,19,00:41:39,00:41:39
B_03200L3004_1,0,B_0300L1-CIRCUITO,20,00:43:11,00:43:11
B_03200L3004_1,0,B_0300L1-LARAZA,21,00:46:21,00:46:21
B_03200L3004_1,0,B_0300L1-POTRERO,22,00:50:29,00:50:29
B_03200L3004_1,0,B_0300L1-EUZKARO,23,00:53:33,00:53:33
B_03200L3004_1,0,B_0300L1-DVO18MARZO,24,00:55:31,00:55:31
B_03200L3004_1,0,B_0300L1-INDIOSVERDES,25,01:02:18,01:02:18
B_03200L4000_0,0,B_0300L4-LAZARO1,1,00:00:00,00:00:00
B_03200L4000_0,0,B_0300L4-AEROT1,2,00:00:00,00:00:00
B_03200L4000_0,0,B_0300L4-AEROT2,3,00:26:39,00:26:39
B_03200L4000_0,0,B_0300L4-LAZARO1,4,00:51:38,00:51:38
B_03200L4001_0,0,B_0300L4-BUENAVISTA,1,00:00:00,00:00:00
B_03200L4001_0,0,B_0300L4-CUAUHTEMOC0,2,00:01:17,00:01:17
B_03200L4001_0,0,B_0300L4-MXTENOCH0,3,00:03:21,00:03:21
B_03200L4001_0,0,B_0300L4-PZAREPUBLI0,4,00:04:29,00:04:29
B_03200L4001_0,0,B_0300L4-GTACOLON0,5,00:07:24,00:07:24
B_03200L4001_0,0,B_0300L4-DEFENSPUBLICA,6,00:09:23,00:09:23
B_03200L4001_0,0,B_0300L4-VOCA51,7,00:11:02,00:11:02
B_03200L4001_0,0,B_0300L4-JUAREZ0,8,00:12:01,00:12:01
B_03200L4001_0,0,B_0300L4-MDOSANJUAN0,9,00:14:02,00:14:02
B_03200L4001_0,0,B_0300L4-EJECTRAL0,10,00:15:30,00:15:30
B_03200L4001_0,0,B_0300L4-SALVADOR1,11,00:17:20,00:17:20
B_03200L4001_0,0,B_0300L4-ISABELCATOLI0,12,00:18:09,00:18:09
B_03200L4001_0,0,B_0300L4-MUSEOCDAD0,13,00:20:35,00:20:35
B_03200L4001_0,0,B_0300L4-PINOSUAREZ,14,00:22:01,00:22:01
B_03200L4001_0,0,B_0300L4-CRUCESSUR,15,00:23:39,00:23:39
B_03200L4001_0,0,B_0300L4-MERCED,16,00:25:48,00:25:48
B_03200L4001_0,0,B_0300L4-MDOSONORA0,17,00:28:06,00:28:06
B_03200L4001_0,0,B_0300L4-CECILIOROB0,18,00:31:08,00:31:08
B_03200L4001_0,0,B_0300L4-EDOMOLINA,19,00:34:12,00:34:12
B_03200L4001_0,0,B_0300L4-MOCTEZUMA,20,00:36:29,00:36:29
B_03200L4001_0,0,B_0300L4-LAZARO1,21,00:40:21,00:40:21
B_03200L4001_1,0,B_0300L4-LAZARO0,1,00:00:00,00:00:00
B_03200L4001_1,0,B_0300L4-HOSPBALBUE,2,00:05:56,00:05:56
B_03200L4001_1,0,B_0300L4-CECILIOROB1,3,00:07:29,00:07:29
B_03200L4001_1,0,B_0300L4-MSONORASUR,4,00:13:07,00:13:07
B_03200L4001_1,0,B_0300L4-SANPABLO,5,00:16:32,00:16:32
B_03200L4001_1,0,B_0300L4-PINOSRZSR,6,00:18:35,00:18:35
B_03200L4001_1,0,B_0300L4-20NOVIEMBR,7,00:20:28,00:20:28
B_03200L4001_1,0,B_0300L4-ISABELCATOLI1,8,00:21:51,00:21:51
B_03200L4001_1,0,B_0300L4-SALVADOR0,9,00:23:23,00:23:23
B_03200L4001_1,0,B_0300L4-EJECTRAL1,10,00:24:08,00:24:08
B_03200L4001_1,0,B_0300L4-MDOSANJUAN1,11,00:25:37,00:25:37
B_03200L4001_1,0,B_0300L4-JUAREZ1,12,00:27:53,00:27:53
B_03200L4001_1,0,B_0300L4-VOCA5,13,00:29:37,00:29:37
B_03200L4001_1,0,B_0300L4-DEFENSPUBLIC,14,00:30:31,00:30:31
B_03200L4001_1,0,B_0300L4-GTACOLON1,15,00:32:19,00:32:19
B_03200L4001_1,0,B_0300L4-PZAREPUBL1,16,00:34:16,00:34:16
B_03200L4001_1,0,B_0300L4-MXTENOCH1,17,00:35:21,00:35:21
B_03200L4001_1,0,B_0300L4-CUAUHTEMOC1,18,00:37:25,00:37:25
B_03200L4001_1,0,B_0300L4-BUENAVISTA,19,00:38:57,00:38:57
B_03200L4002_0,0,B_0300L4-BUENAVISTA,1,00:00:00,00:00:00
B_03200L4002_0,0,B_0300L4-CUAUHTEMOC0,2,00:01:17,00:01:17
B_03200L4002_0,0,B_0300L4-MXTENOCH0,3,00:03:21,00:03:21
B_03200L4002_0,0,B_0300L4-MUSEOSCARL0,4,00:04:49,00:04:49
B_03200L4002_0,0,B_0300L4-HIDALGO0,5,00:07:20,00:07:20
B_03200L4002_0,0,B_0300L4-BELLASARTES0,6,00:09:44,00:09:44
B_03200L4002_0,0,B_0300L4-TEATROBLAN0,7,00:11:50,00:11:50
B_03200L4002_0,0,B_0300L4-REPCHILE0,8,00:14:02,00:14:02
B_03200L4002_0,0,B_0300L4-REPARGEN0,9,00:16:08,00:16:08
B_03200L4002_0,0,B_0300L4-TEATROPUEB0,10,00:18:30,00:18:30
B_03200L4002_0,0,B_0300L4-MIXCALCO0,11,00:20:22,00:20:22
B_03200L4002_0,0,B_0300L4-FERROCINT0,12,00:21:44,00:21:44
B_03200L4002_0,0,B_0300L4-MORELOS0,13,00:23:08,00:23:08
B_03200L4002_0,0,B_0300L4-ARCHGRALNAC0,14,00:25:11,00:25:11
B_03200L4002_0,0,B_0300L4-LAZARO0,15,00:27:50,00:27:50
B_03200L4002_1,0,B_0300L4-LAZARO1,1,00:00:00,00:00:00
B_03200L4002_1,0,B_0300L4-ARCHGRALNAC1,2,00:02:19,00:02:19
B_03200L4002_1,0,B_0300L4-MORELOS1,3,00:04:24,00:04:24
B_03200L4002_1,0,B_0300L4-FERROCINT1,4,00:05:47,00:05:47
B_03200L4002_1,0,B_0300L4-MIXCALCO1,5,00:07:10,00:07:10
B_03200L4002_1,0,B_0300L4-TEATROPUEB1,6,00:09:08,00:09:08
B_03200L4002_1,0,B_0300L4-REPARGEN1,7,00:11:22,00:11:22
B_03200L4002_1,0,B_0300L4-REPCHILE1,8,00:13:26,00:13:26
B_03200L4002_1,0,B_0300L4-TEATROBLAN1,9,00:15:37,00:15:37
B_03200L4002_1,0,B_0300L4-BELLASARTES1,10,00:18:10,00:18:10
B_03200L4002_1,0,B_0300L4-HIDALGO1,11,00:20:35,00:20:35
B_03200L4002_1,0,B_0300L4-MUSEOSCARL1,12,00:23:01,00:23:01
B_03200L4002_1,0,B_0300L4-MXTENOCH1,13,00:24:28,00:24:28
B_03200L4002_1,0,B_0300L4-CUAUHTEMOC1,14,00:26:24,00:26:24
B_03200L4002_1,0,B_0300L4-BUENAVISTA,15,00:27:56,00:27:56
B_03200L4003_0,0,B_0300L4-HIDALGO0,1,00:00:00,00:00:00
B_03200L4003_0,0,B_0300L4-BELLASARTES0,2,00:02:24,00:02:24
B_03200L4003_0,0,B_0300L4-TEATROBLAN0,3,00:04:30,00:04:30
B_03200L4003_0,0,B_0300L4-REPCHILE0,4,00:06:42,00:06:42
B_03200L4003_0,0,B_0300L4-REPARGEN0,5,00:08:48,00:08:48
B_03200L4003_0,0,B_0300L4-TEATROPUEB0,6,00:11:10,00:11:10
B_03200L4003_0,0,B_0300L4-MIXCALCO0,7,00:13:02,00:13:02
B_03200L4003_0,0,B_0300L4-FERROCINT0,8,00:14:24,00:14:24
B_03200L4003_0,0,B_0300L4-MORELOS0,9,00:15:48,00:15:48
B_03200L4003_0,0,B_0300L4-PANTITLAN,10,00:45:54,00:45:54
B_03200L4003_0,0,B_0300L4-CALLE6,11,00:55:28,00:55:28
B_03200L4003_0,0,B_0300L4-ALAMEDAOTE,12,01:03:00,01:03:00
B_03200L4003_1,0,B_0300L4-ALAMEDAOTE,1,00:00:00,00:00:00
B_03200L4003_1,0,B_0300L4-CALLE6,2,00:12:39,00:12:39
B_03200L4003_1,0,B_0300L4-PANTITLAN,3,00:21:55,00:21:55
B_03200L4003_1,0,B_0300L4-MORELOS1,4,00:51:35,00:51:35
B_03200L4003_1,0,B_0300L4-FERROCINT1,5,00:52:58,00:52:58
B_03200L4003_1,0,B_0300L4-MIXCALCO1,6,00:54:21,00:54:21
B_03200L4003_1,0,B_0300L4-TEATROPUEB1,7,00:56:19,00:56:19
B_03200L4003_1,0,B_0300L4-REPARGEN1,8,00:58:33,00:58:33
B_03200L4003_1,0,B_0300L4-REPCHILE1,9,01:00:37,01:00:37
B_03200L4003_1,0,B_0300L4-TEATROBLAN1,10,01:02:48,01:02:48
B_03200L4003_1,0,B_0300L4-BELLASARTES1,11,01:05:20,01:05:20
B_03200L4003_1,0,B_0300L4-HIDALGO1,12,01:12:22,01:12:22
B_03200L4004_0,0,B_0300L4-HIDALGO0,1,00:00:00,00:00:00
B_03200L4004_0,0,B_0300L4-BELLASARTES0,2,00:02:24,00:02:24
B_03200L4004_0,0,B_0300L4-TEATROBLAN0,3,00:04:30,00:04:30
B_03200L4004_0,0,B_0300L4-REPCHILE0,4,00:06:42,00:06:42
B_03200L4004_0,0,B_0300L4-REPARGEN0,5,00:08:48,00:08:48
B_03200L4004_0,0,B_0300L4-TEATROPUEB0,6,00:11:10,00:11:10
B_03200L4004_0,0,B_0300L4-MIXCALCO0,7,00:13:02,00:13:02
B_03200L4004_0,0,B_0300L4-FERROCINT0,8,00:14:24,00:14:24
B_03200L4004_0,0,B_0300L4-MORELOS0,9,00:15:48,00:15:48
B_03200L4004_0,0,B_0300L4-PANTITLAN,10,00:45:43,00:45:43
B_03200L4004_1,0,B_0300L4-PANTITLAN,1,00:00:00,00:00:00
B_03200L4004_1,0,B_0300L4-MORELOS1,2,00:29:29,00:29:29
B_03200L4004_1,0,B_0300L4-FERROCINT1,3,00:30:52,00:30:52
B_03200L4004_1,0,B_0300L4-MIXCALCO1,4,00:32:15,00:32:15
B_03200L4004_1,0,B_0300L4-TEATROPUEB1,5,00:34:13,00:34:13
B_03200L4004_1,0,B_0300L4-REPARGEN1,6,00:36:27,00:36:27
B_03200L4004_1,0,B_0300L4-REPCHILE1,7,00:38:31,00:38:31
B_03200L4004_1,0,B_0300L4-TEATROBLAN1,8,00:40:42,00:40:42
B_03200L4004_1,0,B_0300L4-BELLASARTES1,9,00:43:14,00:43:14
B_03200L4004_1,0,B_0300L4-HIDALGO1,10,00:50:16,00:50:16
B_03200L5000_0,0,B_0300L5-RIOREMEDIOS,1,00:00:00,00:00:00
B_03200L5000_0,0,B_0300L5-NEWSDIVINE,2,00:02:29,00:02:29
B_03200L5000_0,0,B_0300L5-5MAYO,3,00:03:53,00:03:53
B_03200L5000_0,0,B_0300L5-VASCOQUIRO,4,00:05:19,00:05:19
B_03200L5000_0,0,B_0300L5-COYOL,5,00:07:32,00:07:32
B_03200L5000_0,0,B_0300L5-PREPA3,6,00:09:00,00:09:00
B_03200L5000_0,0,B_0300L5-SANJUANARAGO,7,00:10:22,00:10:22
B_03200L5000_0,0,B_0300L5-RIOGPE,8,00:11:49,00:11:49
B_03200L5000_0,0,B_0300L5-TALISMAN,9,00:13:42,00:13:42
B_03200L5000_0,0,B_0300L5-VICTORIA,10,00:15:04,00:15:04
B_03200L5000_0,0,B_0300L5-OTE101,11,00:17:32,00:17:32
B_03200L5000_0,0,B_0300L5-RIOSTACOLETA,12,00:19:20,00:19:20
B_03200L5000_0,0,B_0300L5-RIOCONSULADO,13,00:20:14,00:20:14
B_03200L5000_0,0,B_0300L5-CANALNTE,14,00:21:49,00:21:49
B_03200L5000_0,0,B_0300L5-DVOEDOMOLINA,15,00:23:36,00:23:36
B_03200L5000_0,0,B_0300L5-MDOMORELOS,16,00:24:54,00:24:54
B_03200L5000_0,0,B_0300L5-ARCHGRALNAC,17,00:26:21,00:26:21
B_03200L5000_0,0,B_0300L5-SANLAZARO,18,00:28:29,00:28:29
B_03200L5000_0,0,B_0300L5-MOCTEZUMA,19,00:31:03,00:31:03
B_03200L5000_0,0,B_0300L5-VENUSTIANOCARR,20,00:33:45,00:33:45
B_03200L5000_0,0,B_0300L5-AVTALLER,21,00:35:43,00:35:43
B_03200L5000_0,0,B_0300L5-MIXIUHCA,22,00:37:20,00:37:20
B_03200L5000_0,0,B_0300L5-HTALGRALTRONCO,23,00:38:18,00:38:18
B_03200L5000_0,0,B_0300L5-MCOYUYA,24,00:40:26,00:40:26
B_03200L5000_0,0,B_0300L5-RECREO,25,00:42:22,00:42:22
B_03200L5000_0,0,B_0300L5-OTE116,26,00:43:43,00:43:43
B_03200L5000_0,0,B_0300L5-COLBACH3,27,00:45:08,00:45:08
B_03200L5000_0,0,B_0300L5-CANALAPATLACO,28,00:46:23,00:46:23
B_03200L5000_0,0,B_0300L5-APATLACO,29,00:48:09,00:48:09
B_03200L5000_0,0,B_0300L5-ACULCO,30,00:49:20,00:49:20
B_03200L5000_0,0,B_0300L5-CHURUOTE,31,00:50:29,00:50:29
B_03200L5000_0,0,B_0300L5-ESCUADRON201,32,00:52:29,00:52:29
B_03200L5000_0,0,B_0300L5-ATANASIOSARA,33,00:54:12,00:54:12
B_03200L5000_0,0,B_0300L5-ERMITAIZTAPA,34,00:55:51,00:55:51
B_03200L5000_0,0,B_0300L5-GANADEROS,35,00:58:11,00:58:11
B_03200L5000_0,0,B_0300L5-PUEBLOREYES,36,00:58:57,00:58:57
B_03200L5000_0,0,B_0300L5-BARRIOSANANTO,37,01:00:41,01:00:41
B_03200L5000_0,0,B_0300L5-CALZTASQUENA,38,01:02:14,01:02:14
B_03200L5000_0,0,B_0300L5-CAFETALES,39,01:04:00,01:04:00
B_03200L5000_0,0,B_0300L5-ESIMECULHUACAN,40,01:05:35,01:05:35
B_03200L5000_0,0,B_0300L5-MANUELASAENZ,41,01:07:20,01:07:20
B_03200L5000_0,0,B_0300L5-VIRGEN,42,01:08:36,01:08:36
B_03200L5000_0,0,B_0300L5-TEPETLAPA,43,01:10:15,01:10:15
B_03200L5000_0,0,B_0300L5-BOMBAS,44,01:12:02,01:12:02
B_03200L5000_0,0,B_0300L5-VISTAHERMOSA,45,01:13:42,01:13:42
B_03200L5000_0,0,B_0300L5-CALZHUESO,46,01:15:51,01:15:51
B_03200L5000_0,0,B_0300L5-CANAVERALES,47,01:17:48,01:17:48
B_03200L5000_0,0,B_0300L5-MUYUGUARDA,48,01:21:38,01:21:38
B_03200L5000_0,0,B_0300L5-CTOCUEMANCO,49,01:23:09,01:23:09
B_03200L5000_0,0,B_0300L5-DIFXOCHIMIL,50,01:24:28,01:24:28
B_03200L5000_0,0,B_0300L5-PREPA1,51,01:26:07,01:26:07
B_03200L5000_1,0,B_0300L5-PREPA1,1,00:00:00,00:00:00
B_03200L5000_1,0,B_0300L5-DIFXOCHIMIL,2,00:01:38,00:01:38
B_03200L5000_1,0,B_0300L5-CTOCUEMANCO,3,00:02:59,00:02:59
B_03200L5000_1,0,B_0300L5-MUYUGUARDA,4,00:04:30,00:04:30
B_03200L5000_1,0,B_0300L5-CANAVERALES,5,00:08:24,00:08:24
B_03200L5000_1,0,B_0300L5-CALZHUESO,6,00:10:21,00:10:21
B_03200L5000_1,0,B_0300L5-VISTAHERMOSA,7,00:12:30,00:12:30
B_03200L5000_1,0,B_0300L5-BOMBAS,8,00:14:10,00:14:10
B_03200L5000_1,0,B_0300L5-TEPETLAPA,9,00:15:58,00:15:58
B_03200L5000_1,0,B_0300L5-VIRGEN,10,00:17:37,00:17:37
B_03200L5000_1,0,B_0300L5-MANUELASAENZ,11,00:18:53,00:18:53
B_03200L5000_1,0,B_0300L5-ESIMECULHUACAN,12,00:20:38,00:20:38
B_03200L5000_1,0,B_0300L5-CAFETALES,13,00:22:13,00:22:13
B_03200L5000_1,0,B_0300L5-CALZTASQUENA,14,00:23:59,00:23:59
B_03200L5000_1,0,B_0300L5-BARRIOSANANTO,15,00:25:31,00:25:31
B_03200L5000_1,0,B_0300L5-PUEBLOREYES,16,00:27:15,00:27:15
B_03200L5000_1,0,B_0300L5-GANADEROS1,17,00:28:01,00:28:01
B_03200L5000_1,0,B_0300L5-ERMITAIZTAPA,18,00:30:21,00:30:21
B_03200L5000_1,0,B_0300L5-ATANASIOSARA,19,00:32:01,00:32:01
B_03200L5000_1,0,B_0300L5-ESCUADRON201,20,00:33:44,00:33:44
B_03200L5000_1,0,B_0300L5-CHURUOTE1,21,00:35:43,00:35:43
B_03200L5000_1,0,B_0300L5-ACULCO1,22,00:36:55,00:36:55
B_03200L5000_1,0,B_0300L5-APATLACO1,23,00:38:05,00:38:05
B_03200L5000_1,0,B_0300L5-CANALAPATLAC1,24,00:39:51,00:39:51
B_03200L5000_1,0,B_0300L5-COLBACH31,25,00:41:06,00:41:06
B_03200L5000_1,0,B_0300L5-OTE116,26,00:42:32,00:42:32
B_03200L5000_1,0,B_0300L5-RECREO1,27,00:43:50,00:43:50
B_03200L5000_1,0,B_0300L5-MCOYUYA,28,00:45:48,00:45:48
B_03200L5000_1,0,B_0300L5-HTALGRALTRONCO,29,00:47:56,00:47:56
B_03200L5000_1,0,B_0300L5-MIXIUHCA,30,00:48:54,00:48:54
B_03200L5000_1,0,B_0300L5-AVTALLER,31,00:50:31,00:50:31
B_03200L5000_1,0,B_0300L5-VENUSTIANOCARR,32,00:52:29,00:52:29
B_03200L5000_1,0,B_0300L5-MOCTEZUMA1,33,00:55:17,00:55:17
B_03200L5000_1,0,B_0300L5-SANLAZARO1,34,00:57:27,00:57:27
B_03200L5000_1,0,B_0300L5-ARCHGRALNAC,35,00:59:53,00:59:53
B_03200L5000_1,0,B_0300L5-MDOMORELOS,36,01:01:19,01:01:19
B_03200L5000_1,0,B_0300L5-DVOEDOMOLINA,37,01:02:37,01:02:37
B_03200L5000_1,0,B_0300L5-CANALNTE,38,01:04:24,01:04:24
B_03200L5000_1,0,B_0300L5-RIOCONSULADO1,39,01:05:58,01:05:58
B_03200L5000_1,0,B_0300L5-RIOSTACOLETA1,40,01:06:51,01:06:51
B_03200L5000_1,0,B_0300L5-OTE1011,41,01:08:40,01:08:40
B_03200L5000_1,0,B_0300L5-VICTORIA1,42,01:11:07,01:11:07
B_03200L5000_1,0,B_0300L5-TALISMAN1,43,01:12:30,01:12:30
B_03200L5000_1,0,B_0300L5-RIOGPE1,44,01:14:22,01:14:22
B_03200L5000_1,0,B_0300L5-SANJUANARAGO1,45,01:15:50,01:15:50
B_03200L5000_1,0,B_0300L5-PREPA31,46,01:17:08,01:17:08
B_03200L5000_1,0,B_0300L5-COYOL1,47,01:18:43,01:18:43
B_03200L5000_1,0,B_0300L5-VASCOQUIRO1,48,01:20:53,01:20:53
B_03200L5000_1,0,B_0300L5-5MAYO1,49,01:22:19,01:22:19
B_03200L5000_1,0,B_0300L5-NEWSDIVINE1,50,01:23:39,01:23:39
B_03200L5000_1,0,B_0300L5-RIOREMEDIOS,51,01:26:12,01:26:12
B_03200L6000_0,0,B_0300L6-ROSARIO,1,00:00:00,00:00:00
B_03200L6000_0,0,B_0300L6-COLBACH1,2,00:02:09,00:02:09
B_03200L6000_0,0,B_0300L6-CULTURAS,3,00:03:57,00:03:57
B_03200L6000_0,0,B_0300L6-FERRONALES,4,00:07:13,00:07:13
B_03200L6000_0,0,B_0300L6-UAMAZCAPOTZ,5,00:08:59,00:08:59
B_03200L6000_0,0,B_0300L6-TECNOPARQUE,6,00:11:01,00:11:01
B_03200L6000_0,0,B_0300L6-NTE59,7,00:16:28,00:16:28
B_03200L6000_0,0,B_0300L6-NTE45,8,00:18:43,00:18:43
B_03200L6000_0,0,B_0300L6-MONTEVIDEO,9,00:21:19,00:21:19
B_03200L6000_0,0,B_0300L6-LIND-VALLEJO,10,00:23:16,00:23:16
B_03200L6000_0,0,B_0300L6-INSTPETRO,11,00:24:22,00:24:22
B_03200L6000_0,0,B_0300L6-BARTOLO,12,00:26:42,00:26:42
B_03200L6000_0,0,B_0300L6-IPN,13,00:29:13,00:29:13
B_03200L6000_0,0,B_0300L6-RIOBAMBA,14,00:31:09,00:31:09
B_03200L6000_0,0,B_0300L6-DVO18MZO,15,00:33:23,00:33:23
B_03200L6000_0,0,B_0300L6-VILLA,16,00:34:32,00:34:32
B_03200L6000_0,0,B_0300L6-DELGAM,17,00:38:18,00:38:18
B_03200L6000_0,0,B_0300L6-MARTINCARR,18,00:41:03,00:41:03
B_03200L6000_0,0,B_0300L6-HOSPGRALVILLA,19,00:42:45,00:42:45
B_03200L6000_0,0,B_0300L6-JUANARAGON,20,00:44:24,00:44:24
B_03200L6000_0,0,B_0300L6-GRANCANAL,21,00:46:08,00:46:08
B_03200L6000_0,0,B_0300L6-CASASALEMAN,22,00:48:15,00:48:15
B_03200L6000_0,0,B_0300L6-PBLOARAGON,23,00:49:46,00:49:46
B_03200L6000_0,0,B_0300L6-LORETOFABE,24,00:52:24,00:52:24
B_03200L6000_0,0,B_0300L6-482,25,00:54:30,00:54:30
B_03200L6000_0,0,B_0300L6-414,26,00:56:40,00:56:40
B_03200L6000_0,0,B_0300L6-416OTE,27,00:57:46,00:57:46
B_03200L6000_0,0,B_0300L6-PRADERA,28,00:59:38,00:59:38
B_03200L6000_0,0,B_0300L6-COLBACH9,29,01:01:34,01:01:34
B_03200L6000_0,0,B_0300L6-FCOMORAZAN,30,01:03:11,01:03:11
B_03200L6000_0,0,B_0300L6-VILLARAGON,31,01:04:24,01:04:24
B_03200L6000_1,0,B_0300L6-VILLARAGON,1,00:00:00,00:00:00
B_03200L6000_1,0,B_0300L6-FCOMORAZAN,2,00:01:13,00:01:13
B_03200L6000_1,0,B_0300L6-COLBACH9,3,00:02:50,00:02:50
B_03200L6000_1,0,B_0300L6-PRADERA,4,00:04:46,00:04:46
B_03200L6000_1,0,B_0300L6-VOLCANFUEGO,5,00:06:53,00:06:53
B_03200L6000_1,0,B_0300L6-AMPLPROVID,6,00:08:26,00:08:26
B_03200L6000_1,0,B_0300L6-DVOGALEANA,7,00:10:19,00:10:19
B_03200L6000_1,0,B_0300L6-416PTE,8,00:12:45,00:12:45
B_03200L6000_1,0,B_0300L6-LORETOFABE,9,00:15:03,00:15:03
B_03200L6000_1,0,B_0300L6-PBLOARAGON,10,00:17:41,00:17:41
B_03200L6000_1,0,B_0300L6-CASASALEMAN,11,00:19:12,00:19:12
B_03200L6000_1,0,B_0300L6-GRANCANAL,12,00:21:19,00:21:19
B_03200L6000_1,0,B_0300L6-JUANARAGON,13,00:23:03,00:23:03
B_03200L6000_1,0,B_0300L6-HOSPGRALVILLA,14,00:24:42,00:24:42
B_03200L6000_1,0,B_0300L6-MARTINCARR,15,00:26:24,00:26:24
B_03200L6000_1,0,B_0300L6-DELGAM,16,00:29:09,00:29:09
B_03200L6000_1,0,B_0300L6-HOSPINFVILLA,17,00:31:45,00:31:45
B_03200L6000_1,0,B_0300L6-MISTERIOS,18,00:33:28,00:33:28
B_03200L6000_1,0,B_0300L6-VILLA,19,00:34:40,00:34:40
B_03200L6000_1,0,B_0300L6-DVO18MZO,20,00:35:49,00:35:49
B_03200L6000_1,0,B_0300L6-RIOBAMBA,21,00:38:03,00:38:03
B_03200L6000_1,0,B_0300L6-IPN,22,00:39:59,00:39:59
B_03200L6000_1,0,B_0300L6-BARTOLO,23,00:42:30,00:42:30
B_03200L6000_1,0,B_0300L6-INSTPETRO,24,00:44:50,00:44:50
B_03200L6000_1,0,B_0300L6-LIND-VALLEJO,25,00:45:56,00:45:56
B_03200L6000_1,0,B_0300L6-MONTEVIDEO,26,00:47:53,00:47:53
B_03200L6000_1,0,B_0300L6-NTE45,27,00:50:29,00:50:29
B_03200L6000_1,0,B_0300L6-NTE59,28,00:52:44,00:52:44
B_03200L6000_1,0,B_0300L6-TECNOPARQUE,29,00:58:11,00:58:11
B_03200L6000_1,0,B_0300L6-UAMAZCAPOTZ,30,01:00:13,01:00:13
B_03200L6000_1,0,B_0300L6-FERRONALES,31,01:01:59,01:01:59
B_03200L6000_1,0,B_0300L6-CULTURAS,32,01:05:15,01:05:15
B_03200L6000_1,0,B_0300L6-COLBACH1,33,01:07:03,01:07:03
B_03200L6000_1,0,B_0300L6-ROSARIO,34,01:09:12,01:09:12
B_03200L7000_0,0,B_0300L7-INDIOSVERDES,1,00:00:00,00:00:00
B_03200L7000_0,0,B_0300L7-MISTERIOS,2,00:03:25,00:03:25
B_03200L7000_0,0,B_0300L7-GARRIDO0,3,00:05:35,00:05:35
B_03200L7000_0,0,B_0300L7-TALISMAN0,4,00:07:59,00:07:59
B_03200L7000_0,0,B_0300L7-NECAXA0,5,00:09:19,00:09:19
B_03200L7000_0,0,B_0300L7-EXCELSIOR0,6,00:11:31,00:11:31
B_03200L7000_0,0,B_0300L7-ROBLESDZ0,7,00:13:29,00:13:29
B_03200L7000_0,0,B_0300L7-CLAVE0,8,00:15:26,00:15:26
B_03200L7000_0,0,B_0300L7-MISTERIOS0,9,00:16:47,00:16:47
B_03200L7000_0,0,B_0300L7-MDOBEET0,10,00:19:20,00:19:20
B_03200L7000_0,0,B_0300L7-PERALVILLO0,11,00:21:26,00:21:26
B_03200L7000_0,0,B_0300L7-TRESCULT0,12,00:22:56,00:22:56
B_03200L7000_0,0,B_0300L7-GTACUI0,13,00:24:03,00:24:03
B_03200L7000_0,0,B_0300L7-GARIBALDI0,14,00:27:24,00:27:24
B_03200L7000_0,0,B_0300L7-GTAVIOLETA0,15,00:29:50,00:29:50
B_03200L7000_0,0,B_0300L7-HIDALGO0,16,00:32:40,00:32:40
B_03200L7000_0,0,B_0300L7-CABALLITO0,17,00:34:13,00:34:13
B_03200L7000_0,0,B_0300L7-GTACOLON0,18,00:36:25,00:36:25
B_03200L7000_0,0,B_0300L7-PARIS0,19,00:38:01,00:38:01
B_03200L7000_0,0,B_0300L7-REFORMA0,20,00:39:22,00:39:22
B_03200L7000_0,0,B_0300L7-HAMBURGO0,21,00:40:52,00:40:52
B_03200L7000_0,0,B_0300L7-PALMA0,22,00:42:40,00:42:40
B_03200L7000_0,0,B_0300L7-ANGEL0,23,00:44:54,00:44:54
B_03200L7000_0,0,B_0300L7-DIANA0,24,00:46:02,00:46:02
B_03200L7000_0,0,B_0300L7-CHAPU0,25,00:47:51,00:47:51
B_03200L7000_0,0,B_0300L7-GANDHI0,26,00:50:45,00:50:45
B_03200L7000_0,0,B_0300L7-ANTROPO0,27,00:52:48,00:52:48
B_03200L7000_0,0,B_0300L7-AUDITORIO0,28,00:57:07,00:57:07
B_03200L7000_0,0,B_0300L7-CAMPOMARTE0,29,00:59:59,00:59:59
B_03200L7000_1,0,B_0300L7-CAMPOMARTE1,1,00:00:00,00:00:00
B_03200L7000_1,0,B_0300L7-AUDITORIO1,2,00:02:51,00:02:51
B_03200L7000_1,0,B_0300L7-ANTROPO1,3,00:06:42,00:06:42
B_03200L7000_1,0,B_0300L7-GANDHI1,4,00:08:59,00:08:59
B_03200L7000_1,0,B_0300L7-CHAPU1,5,00:11:59,00:11:59
B_03200L7000_1,0,B_0300L7-DIANA1,6,00:13:06,00:13:06
B_03200L7000_1,0,B_0300L7-ANGEL1,7,00:15:15,00:15:15
B_03200L7000_1,0,B_0300L7-PALMA1,8,00:17:17,00:17:17
B_03200L7000_1,0,B_0300L7-HAMBURGO1,9,00:18:40,00:18:40
B_03200L7000_1,0,B_0300L7-REFORMA1,10,00:20:54,00:20:54
B_03200L7000_1,0,B_0300L7-PARIS1,11,00:22:17,00:22:17
B_03200L7000_1,0,B_0300L7-GTACOLON1,12,00:23:35,00:23:35
B_03200L7000_1,0,B_0300L7-CABALLITO1,13,00:25:16,00:25:16
B_03200L7000_1,0,B_0300L7-HIDALGO1,14,00:26:49,00:26:49
B_03200L7000_1,0,B_0300L7-GTAVIOLETA1,15,00:29:01,00:29:01
B_03200L7000_1,0,B_0300L7-GARIBALDI1,16,00:32:12,00:32:12
B_03200L7000_1,0,B_0300L7-GTACUI1,17,00:34:51,00:34:51
B_03200L7000_1,0,B_0300L7-TRESCULT1,18,00:37:25,00:37:25
B_03200L7000_1,0,B_0300L7-PERALVILLO1,19,00:38:40,00:38:40
B_03200L7000_1,0,B_0300L7-MDOBEET1,20,00:41:06,00:41:06
B_03200L7000_1,0,B_0300L7-MISTERIOS1,21,00:43:13,00:43:13
B_03200L7000_1,0,B_0300L7-CLAVE1,22,00:44:58,00:44:58
B_03200L7000_1,0,B_0300L7-ROBLESDZ1,23,00:46:15,00:46:15
B_03200L7000_1,0,B_0300L7-EXCELSIOR1,24,00:48:14,00:48:14
B_03200L7000_1,0,B_0300L7-NECAXA1,25,00:50:39,00:50:39
B_03200L7000_1,0,B_0300L7-TALISMAN1,26,00:52:25,00:52:25
B_03200L7000_1,0,B_0300L7-GARRIDO1,27,00:54:50,00:54:50
B_03200L7000_1,0,B_0300L7-DELGAM,28,00:58:30,00:58:30
B_03200L7000_1,0,B_0300L7-INDIOSVERDES,29,01:05:33,01:05:33
B_03200L7001_0,0,B_0300L7-HOSPINFVILL,1,00:00:00,00:00:00
B_03200L7001_0,0,B_0300L7-MISTERIOS,2,00:02:40,00:02:40
B_03200L7001_0,0,B_0300L7-GARRIDO0,3,00:04:50,00:04:50
B_03200L7001_0,0,B_0300L7-TALISMAN0,4,00:07:14,00:07:14
B_03200L7001_0,0,B_0300L7-NECAXA0,5,00:08:34,00:08:34
B_03200L7001_0,0,B_0300L7-EXCELSIOR0,6,00:10:46,00:10:46
B_03200L7001_0,0,B_0300L7-ROBLESDZ0,7,00:12:44,00:12:44
B_03200L7001_0,0,B_0300L7-CLAVE0,8,00:14:41,00:14:41
B_03200L7001_0,0,B_0300L7-MISTERIOS0,9,00:16:02,00:16:02
B_03200L7001_0,0,B_0300L7-MDOBEET0,10,00:18:35,00:18:35
B_03200L7001_0,0,B_0300L7-PERALVILLO0,11,00:20:42,00:20:42
B_03200L7001_0,0,B_0300L7-TRESCULT0,12,00:22:11,00:22:11
B_03200L7001_0,0,B_0300L7-GTACUI0,13,00:23:18,00:23:18
B_03200L7001_0,0,B_0300L7-GARIBALDI0,14,00:26:40,00:26:40
B_03200L7001_0,0,B_0300L7-GTAVIOLETA0,15,00:29:07,00:29:07
B_03200L7001_0,0,B_0300L7-HIDALGO0,16,00:31:57,00:31:57
B_03200L7001_0,0,B_0300L7-CABALLITO0,17,00:33:30,00:33:30
B_03200L7001_0,0,B_0300L7-GTACOLON0,18,00:35:42,00:35:42
B_03200L7001_0,0,B_0300L7-PARIS0,19,00:37:18,00:37:18
B_03200L7001_0,0,B_0300L7-REFORMA0,20,00:38:39,00:38:39
B_03200L7001_0,0,B_0300L7-HAMBURGO0,21,00:40:09,00:40:09
B_03200L7001_0,0,B_0300L7-PALMA0,22,00:41:58,00:41:58
B_03200L7001_0,0,B_0300L7-ANGEL0,23,00:44:12,00:44:12
B_03200L7001_0,0,B_0300L7-DIANA0,24,00:45:20,00:45:20
B_03200L7001_0,0,B_0300L7-CHAPU0,25,00:47:12,00:47:12
B_03200L7001_0,0,B_0300L7-GANDHI0,26,00:50:06,00:50:06
B_03200L7001_0,0,B_0300L7-ANTROPO0,27,00:52:09,00:52:09
B_03200L7001_0,0,B_0300L7-AUDITORIO0,28,00:56:28,00:56:28
B_03200L7001_0,0,B_0300L7-CAMPOMARTE0,29,00:59:23,00:59:23
B_03200L7001_1,0,B_0300L7-CAMPOMARTE1,1,00:00:00,00:00:00
B_03200L7001_1,0,B_0300L7-AUDITORIO1,2,00:02:49,00:02:49
B_03200L7001_1,0,B_0300L7-ANTROPO1,3,00:06:39,00:06:39
B_03200L7001_1,0,B_0300L7-GANDHI1,4,00:08:56,00:08:56
B_03200L7001_1,0,B_0300L7-CHAPU1,5,00:11:57,00:11:57
B_03200L7001_1,0,B_0300L7-DIANA1,6,00:13:04,00:13:04
B_03200L7001_1,0,B_0300L7-ANGEL1,7,00:15:13,00:15:13
B_03200L7001_1,0,B_0300L7-PALMA1,8,00:17:11,00:17:11
B_03200L7001_1,0,B_0300L7-HAMBURGO1,9,00:18:32,00:18:32
B_03200L7001_1,0,B_0300L7-REFORMA1,10,00:20:46,00:20:46
B_03200L7001_1,0,B_0300L7-PARIS1,11,00:22:09,00:22:09
B_03200L7001_1,0,B_0300L7-GTACOLON1,12,00:23:26,00:23:26
B_03200L7001_1,0,B_0300L7-CABALLITO1,13,00:25:07,00:25:07
B_03200L7001_1,0,B_0300L7-HIDALGO1,14,00:26:40,00:26:40
B_03200L7001_1,0,B_0300L7-GTAVIOLETA1,15,00:28:53,00:28:53
B_03200L7001_1,0,B_0300L7-GARIBALDI1,16,00:32:02,00:32:02
B_03200L7001_1,0,B_0300L7-GTACUI1,17,00:34:41,00:34:41
B_03200L7001_1,0,B_0300L7-TRESCULT1,18,00:37:16,00:37:16
B_03200L7001_1,0,B_0300L7-PERALVILLO1,19,00:38:31,00:38:31
B_03200L7001_1,0,B_0300L7-MDOBEET1,20,00:40:54,00:40:54
B_03200L7001_1,0,B_0300L7-MISTERIOS1,21,00:43:01,00:43:01
B_03200L7001_1,0,B_0300L7-CLAVE1,22,00:44:46,00:44:46
B_03200L7001_1,0,B_0300L7-ROBLESDZ1,23,00:46:03,00:46:03
B_03200L7001_1,0,B_0300L7-EXCELSIOR1,24,00:48:02,00:48:02
B_03200L7001_1,0,B_0300L7-NECAXA1,25,00:50:27,00:50:27
B_03200L7001_1,0,B_0300L7-TALISMAN1,26,00:52:13,00:52:13
B_03200L7001_1,0,B_0300L7-GARRIDO1,27,00:54:38,00:54:38
B_03200L7001_1,0,B_0300L7-DELGAM,28,00:58:10,00:58:10
B_03200L7001_1,0,B_0300L7-HOSPINFVILL,29,01:00:46,01:00:46
B_03200L7007_0,0,B_0300L7-GARIBALDI1,1,00:00:00,00:00:00
B_03200L7007_0,0,B_0300L7-GTAVIOLETA0,2,00:02:30,00:02:30
B_03200L7007_0,0,B_0300L7-HIDALGO0,3,00:05:20,00:05:20
B_03200L7007_0,0,B_0300L7-CABALLITO0,4,00:06:53,00:06:53
B_03200L7007_0,0,B_0300L7-GTACOLON0,5,00:09:05,00:09:05
B_03200L7007_0,0,B_0300L7-PARIS0,6,00:10:41,00:10:41
B_03200L7007_0,0,B_0300L7-REFORMA0,7,00:12:02,00:12:02
B_03200L7007_0,0,B_0300L7-HAMBURGO0,8,00:13:32,00:13:32
B_03200L7007_0,0,B_0300L7-PALMA0,9,00:15:20,00:15:20
B_03200L7007_0,0,B_0300L7-ANGEL0,10,00:17:34,00:17:34
B_03200L7007_0,0,B_0300L7-DIANA0,11,00:18:42,00:18:42
B_03200L7007_0,0,B_0300L7-CHAPU0,12,00:20:31,00:20:31
B_03200L7007_0,0,B_0300L7-GANDHI0,13,00:23:25,00:23:25
B_03200L7007_0,0,B_0300L7-ANTROPO0,14,00:25:28,00:25:28
B_03200L7007_0,0,B_0300L7-AUDITORIO0,15,00:29:47,00:29:47
B_03200L7007_0,0,B_0300L7-CAMPOMARTE0,16,00:32:39,00:32:39
B_03200L7007_1,0,B_0300L7-CAMPOMARTE1,1,00:00:00,00:00:00
B_03200L7007_1,0,B_0300L7-AUDITORIO1,2,00:02:51,00:02:51
B_03200L7007_1,0,B_0300L7-ANTROPO1,3,00:06:42,00:06:42
B_03200L7007_1,0,B_0300L7-GANDHI1,4,00:08:59,00:08:59
B_03200L7007_1,0,B_0300L7-CHAPU1,5,00:11:59,00:11:59
B_03200L7007_1,0,B_0300L7-DIANA1,6,00:13:06,00:13:06
B_03200L7007_1,0,B_0300L7-ANGEL1,7,00:15:15,00:15:15
B_03200L7007_1,0,B_0300L7-PALMA1,8,00:17:17,00:17:17
B_03200L7007_1,0,B_0300L7-HAMBURGO1,9,00:18:40,00:18:40
B_03200L7007_1,0,B_0300L7-REFORMA1,10,00:20:54,00:20:54
B_03200L7007_1,0,B_0300L7-PARIS1,11,00:22:17,00:22:17
B_03200L7007_1,0,B_0300L7-GTACOLON1,12,00:23:35,00:23:35
B_03200L7007_1,0,B_0300L7-CABALLITO1,13,00:25:16,00:25:16
B_03200L7007_1,0,B_0300L7-HIDALGO1,14,00:26:49,00:26:49
B_03200L7007_1,0,B_0300L7-GTAVIOLETA1,15,00:29:01,00:29:01
B_03200L7007_1,0,B_0300L7-GARIBALDI1,16,00:32:12,00:32:12
B_03300L1000_0,0,B_0300L1-INDIOSVERDES,1,00:00:00,00:00:00
B_03300L1000_0,0,B_0300L1-DVO18MARZO,2,00:05:44,00:05:44
B_03300L1000_0,0,B_0300L1-EUZKARO,3,00:07:26,00:07:26
B_03300L1000_0,0,B_0300L1-POTRERO,4,00:10:05,00:10:05
B_03300L1000_0,0,B_0300L1-LARAZA,5,00:13:40,00:13:40
B_03300L1000_0,0,B_0300L1-CIRCUITO,6,00:16:26,00:16:26
B_03300L1000_0,0,B_0300L1-SANSIMON,7,00:17:46,00:17:46
B_03300L1000_0,0,B_0300L1-MANUELGLEZ,8,00:19:01,00:19:01
B_03300L1000_0,0,B_0300L1-BUENAVISTA,9,00:23:08,00:23:08
B_03300L1000_0,0,B_0300L1-ELCHOPO,10,00:24:27,00:24:27
B_03300L1000_0,0,B_0300L1-REVOLUCION,11,00:25:34,00:25:34
B_03300L1000_0,0,B_0300L1-PLAZAREPU,12,00:27:14,00:27:14
B_03300L1000_0,0,B_0300L1-REFORMA,13,00:28:27,00:28:27
B_03300L1000_0,0,B_0300L1-HAMBURGO,14,00:30:33,00:30:33
B_03300L1000_0,0,B_0300L1-GLORIETA-0,15,00:32:00,00:32:00
B_03300L1000_0,0,B_0300L1-DURANGO,16,00:33:40,00:33:40
B_03300L1000_0,0,B_0300L1-ALVAROOBRE,17,00:34:55,00:34:55
B_03300L1000_0,0,B_0300L1-SONORA,18,00:36:08,00:36:08
B_03300L1000_0,0,B_0300L1-CAMPECHE,19,00:37:26,00:37:26
B_03300L1000_0,0,B_0300L1-CHILPANCINGO,20,00:38:37,00:38:37
B_03300L1000_0,0,B_0300L1-NVOLEON,21,00:40:18,00:40:18
B_03300L1000_0,0,B_0300L1-LAPIEDAD,22,00:41:49,00:41:49
B_03300L1000_0,0,B_0300L1-POLIFORUM,23,00:43:33,00:43:33
B_03300L1000_0,0,B_0300L1-NAPOLES,24,00:44:53,00:44:53
B_03300L1000_0,0,B_0300L1-COLDELVALLE,25,00:46:22,00:46:22
B_03300L1000_0,0,B_0300L1-CIUDADDEPORTES,26,00:47:34,00:47:34
B_03300L1000_0,0,B_0300L1-PARQUEHUND,27,00:48:38,00:48:38
B_03300L1000_0,0,B_0300L1-FELIXCUEVAS,28,00:50:37,00:50:37
B_03300L1000_0,0,B_0300L1-RIOCHURU,29,00:52:39,00:52:39
B_03300L1000_0,0,B_0300L1-TEATROINSURG,30,00:54:05,00:54:05
B_03300L1000_0,0,B_0300L1-JOSEMRIAVELAS,31,00:55:16,00:55:16
B_03300L1000_0,0,B_0300L1-FRANCIA,32,00:56:29,00:56:29
B_03300L1000_0,0,B_0300L1-OLIVO,33,00:57:55,00:57:55
B_03300L1000_0,0,B_0300L1-ALTAVISTA,34,00:59:18,00:59:18
B_03300L1000_0,0,B_0300L1-BOMBILLA,35,01:00:49,01:00:49
B_03300L1000_0,0,B_0300L1-DRGALVEZ,36,01:03:08,01:03:08
B_03300L1000_0,0,B_0300L1-CU,37,01:09:33,01:09:33
B_03300L1000_0,0,B_0300L1-CCU,38,01:12:21,01:12:21
B_03300L1000_0,0,B_0300L1-PERISUR,39,01:16:19,01:16:19
B_03300L1000_0,0,B_0300L1-VILLAOLIMPICA,40,01:18:07,01:18:07
B_03300L1000_0,0,B_0300L1-CORREGIDORA,41,01:20:48,01:20:48
B_03300L1000_0,0,B_0300L1-AYUNTAMIENTO,42,01:22:05,01:22:05
B_03300L1000_0,0,B_0300L1-FUENTESBROTAN,43,01:24:31,01:24:31
B_03300L1000_0,0,B_0300L1-STAURSULA,44,01:26:20,01:26:20
B_03300L1000_0,0,B_0300L1-LAJOYA,45,01:28:27,01:28:27
B_03300L1000_0,0,B_0300L1-CAMINERO,46,01:30:01,01:30:01
B_03300L1000_1,0,B_0300L1-CAMINERO,1,00:00:00,00:00:00
B_03300L1000_1,0,B_0300L1-LAJOYA,2,00:00:37,00:00:37
B_03300L1000_1,0,B_0300L1-STAURSULA,3,00:02:43,00:02:43
B_03300L1000_1,0,B_0300L1-FUENTESBROTAN,4,00:04:31,00:04:31
B_03300L1000_1,0,B_0300L1-AYUNTAMIENTO,5,00:06:58,00:06:58
B_03300L1000_1,0,B_0300L1-CORREGIDORA,6,00:08:15,00:08:15
B_03300L1000_1,0,B_0300L1-VILLAOLIMPICA,7,00:10:54,00:10:54
B_03300L1000_1,0,B_0300L1-PERISUR,8,00:12:42,00:12:42
B_03300L1000_1,0,B_0300L1-CCU,9,00:16:40,00:16:40
B_03300L1000_1,0,B_0300L1-CU,10,00:19:28,00:19:28
B_03300L1000_1,0,B_0300L1-DRGALVEZ,11,00:25:52,00:25:52
B_03300L1000_1,0,B_0300L1-BOMBILLA,12,00:28:11,00:28:11
B_03300L1000_1,0,B_0300L1-ALTAVISTA,13,00:29:42,00:29:42
B_03300L1000_1,0,B_0300L1-OLIVO,14,00:31:05,00:31:05
B_03300L1000_1,0,B_0300L1-FRANCIA,15,00:32:31,00:32:31
B_03300L1000_1,0,B_0300L1-JOSEMRIAVELAS,16,00:33:44,00:33:44
B_03300L1000_1,0,B_0300L1-TEATROINSURG,17,00:34:55,00:34:55
B_03300L1000_1,0,B_0300L1-RIOCHURU,18,00:36:21,00:36:21
B_03300L1000_1,0,B_0300L1-FELIXCUEVAS,19,00:38:23,00:38:23
B_03300L1000_1,0,B_0300L1-PARQUEHUND,20,00:40:22,00:40:22
B_03300L1000_1,0,B_0300L1-CIUDADDEPORTES,21,00:41:26,00:41:26
B_03300L1000_1,0,B_0300L1-COLDELVALLE,22,00:42:38,00:42:38
B_03300L1000_1,0,B_0300L1-NAPOLES,23,00:44:07,00:44:07
B_03300L1000_1,0,B_0300L1-POLIFORUM,24,00:45:28,00:45:28
B_03300L1000_1,0,B_0300L1-LAPIEDAD,25,00:47:12,00:47:12
B_03300L1000_1,0,B_0300L1-NVOLEON,26,00:48:43,00:48:43
B_03300L1000_1,0,B_0300L1-CHILPANCINGO,27,00:50:24,00:50:24
B_03300L1000_1,0,B_0300L1-CAMPECHE,28,00:51:35,00:51:35
B_03300L1000_1,0,B_0300L1-SONORA,29,00:52:53,00:52:53
B_03300L1000_1,0,B_0300L1-ALVAROOBRE,30,00:54:06,00:54:06
B_03300L1000_1,0,B_0300L1-DURANGO,31,00:55:21,00:55:21
B_03300L1000_1,0,B_0300L1-GLORIETA-1,32,00:56:45,00:56:45
B_03300L1000_1,0,B_0300L1-HAMBURGO,33,00:58:23,00:58:23
B_03300L1000_1,0,B_0300L1-REFORMA,34,01:00:29,01:00:29
B_03300L1000_1,0,B_0300L1-PLAZAREPU,35,01:01:42,01:01:42
B_03300L1000_1,0,B_0300L1-REVOLUCION,36,01:03:22,01:03:22
B_03300L1000_1,0,B_0300L1-ELCHOPO,37,01:04:29,01:04:29
B_03300L1000_1,0,B_0300L1-BUENAVISTA,38,01:05:48,01:05:48
B_03300L1000_1,0,B_0300L1-MANUELGLEZ,39,01:09:53,01:09:53
B_03300L1000_1,0,B_0300L1-SANSIMON,40,01:11:08,01:11:08
B_03300L1000_1,0,B_0300L1-CIRCUITO,41,01:12:28,01:12:28
B_03300L1000_1,0,B_0300L1-LARAZA,42,01:15:14,01:15:14
B_03300L1000_1,0,B_0300L1-POTRERO,43,01:18:49,01:18:49
B_03300L1000_1,0,B_0300L1-EUZKARO,44,01:21:28,01:21:28
B_03300L1000_1,0,B_0300L1-DVO18MARZO,45,01:23:10,01:23:10
B_03300L1000_1,0,B_0300L1-INDIOSVERDES,46,01:29:03,01:29:03
B_03300L1001_0,0,B_0300L1-INDIOSVERDES,1,00:00:00,00:00:00
B_03300L1001_0,0,B_0300L1-DVO18MARZO,2,00:05:44,00:05:44
B_03300L1001_0,0,B_0300L1-EUZKARO,3,00:07:26,00:07:26
B_03300L1001_0,0,B_0300L1-POTRERO,4,00:10:05,00:10:05
B_03300L1001_0,0,B_0300L1-LARAZA,5,00:13:40,00:13:40
B_03300L1001_0,0,B_0300L1-CIRCUITO,6,00:16:26,00:16:26
B_03300L1001_0,0,B_0300L1-SANSIMON,7,00:17:46,00:17:46
B_03300L1001_0,0,B_0300L1-MANUELGLEZ,8,00:19:01,00:19:01
B_03300L1001_0,0,B_0300L1-BUENAVISTA,9,00:23:10,00:23:10
B_03300L1001_0,0,B_0300L1-ELCHOPO,10,00:24:29,00:24:29
B_03300L1001_0,0,B_0300L1-REVOLUCION,11,00:25:36,00:25:36
B_03300L1001_0,0,B_0300L1-PLAZAREPU,12,00:27:16,00:27:16
B_03300L1001_0,0,B_0300L1-REFORMA,13,00:28:29,00:28:29
B_03300L1001_0,0,B_0300L1-HAMBURGO,14,00:30:35,00:30:35
B_03300L1001_0,0,B_0300L1-GLORIETA-0,15,00:32:02,00:32:02
B_03300L1001_1,0,B_0300L1-GLORIETA-1,1,00:00:00,00:00:00
B_03300L1001_1,0,B_0300L1-HAMBURGO,2,00:01:38,00:01:38
B_03300L1001_1,0,B_0300L1-REFORMA,3,00:03:44,00:03:44
B_03300L1001_1,0,B_0300L1-PLAZAREPU,4,00:04:57,00:04:57
B_03300L1001_1,0,B_0300L1-REVOLUCION,5,00:06:37,00:06:37
B_03300L1001_1,0,B_0300L1-ELCHOPO,6,00:07:44,00:07:44
B_03300L1001_1,0,B_0300L1-BUENAVISTA,7,00:09:03,00:09:03
B_03300L1001_1,0,B_0300L1-MANUELGLEZ,8,00:13:08,00:13:08
B_03300L1001_1,0,B_0300L1-SANSIMON,9,00:14:23,00:14:23
B_03300L1001_1,0,B_0300L1-CIRCUITO,10,00:15:43,00:15:43
B_03300L1001_1,0,B_0300L1-LARAZA,11,00:18:29,00:18:29
B_03300L1001_1,0,B_0300L1-POTRERO,12,00:22:04,00:22:04
B_03300L1001_1,0,B_0300L1-EUZKARO,13,00:24:43,00:24:43
B_03300L1001_1,0,B_0300L1-DVO18MARZO,14,00:26:25,00:26:25
B_03300L1001_1,0,B_0300L1-INDIOSVERDES,15,00:32:19,00:32:19
B_03300L1003_0,0,B_0300L3-BUENAVISTA,1,00:00:00,00:00:00
B_03300L1003_0,0,B_0300L1-ELCHOPO,2,00:01:37,00:01:37
B_03300L1003_0,0,B_0300L1-REVOLUCION,3,00:02:44,00:02:44
B_03300L1003_0,0,B_0300L1-PLAZAREPU,4,00:04:24,00:04:24
B_03300L1003_0,0,B_0300L1-REFORMA,5,00:05:37,00:05:37
B_03300L1003_0,0,B_0300L1-HAMBURGO,6,00:07:43,00:07:43
B_03300L1003_0,0,B_0300L1-GLORIETA-0,7,00:09:10,00:09:10
B_03300L1003_0,0,B_0300L1-DURANGO,8,00:10:50,00:10:50
B_03300L1003_0,0,B_0300L1-ALVAROOBRE,9,00:12:05,00:12:05
B_03300L1003_0,0,B_0300L1-SONORA,10,00:13:18,00:13:18
B_03300L1003_0,0,B_0300L1-CAMPECHE,11,00:14:36,00:14:36
B_03300L1003_0,0,B_0300L1-CHILPANCINGO,12,00:15:47,00:15:47
B_03300L1003_0,0,B_0300L1-NVOLEON,13,00:17:28,00:17:28
B_03300L1003_0,0,B_0300L1-LAPIEDAD,14,00:18:59,00:18:59
B_03300L1003_0,0,B_0300L1-POLIFORUM,15,00:20:43,00:20:43
B_03300L1003_0,0,B_0300L1-NAPOLES,16,00:22:03,00:22:03
B_03300L1003_0,0,B_0300L1-COLDELVALLE,17,00:23:32,00:23:32
B_03300L1003_0,0,B_0300L1-CIUDADDEPORTES,18,00:24:44,00:24:44
B_03300L1003_0,0,B_0300L1-PARQUEHUND,19,00:25:48,00:25:48
B_03300L1003_0,0,B_0300L1-FELIXCUEVAS,20,00:27:47,00:27:47
B_03300L1003_0,0,B_0300L1-RIOCHURU,21,00:29:49,00:29:49
B_03300L1003_0,0,B_0300L1-TEATROINSURG,22,00:31:15,00:31:15
B_03300L1003_0,0,B_0300L1-JOSEMRIAVELAS,23,00:32:26,00:32:26
B_03300L1003_0,0,B_0300L1-FRANCIA,24,00:33:39,00:33:39
B_03300L1003_0,0,B_0300L1-OLIVO,25,00:35:05,00:35:05
B_03300L1003_0,0,B_0300L1-ALTAVISTA,26,00:36:28,00:36:28
B_03300L1003_0,0,B_0300L1-BOMBILLA,27,00:37:59,00:37:59
B_03300L1003_0,0,B_0300L1-DRGALVEZ,28,00:40:18,00:40:18
B_03300L1003_0,0,B_0300L1-CU,29,00:46:43,00:46:43
B_03300L1003_0,0,B_0300L1-CCU,30,00:49:31,00:49:31
B_03300L1003_0,0,B_0300L1-PERISUR,31,00:53:29,00:53:29
B_03300L1003_0,0,B_0300L1-VILLAOLIMPICA,32,00:55:17,00:55:17
B_03300L1003_0,0,B_0300L1-CORREGIDORA,33,00:57:58,00:57:58
B_03300L1003_0,0,B_0300L1-AYUNTAMIENTO,34,00:59:15,00:59:15
B_03300L1003_0,0,B_0300L1-FUENTESBROTAN,35,01:01:40,01:01:40
B_03300L1003_0,0,B_0300L1-STAURSULA,36,01:03:30,01:03:30
B_03300L1003_0,0,B_0300L1-LAJOYA,37,01:05:37,01:05:37
B_03300L1003_0,0,B_0300L1-CAMINERO,38,01:07:11,01:07:11
B_03300L1003_1,0,B_0300L1-CAMINERO,1,00:00:00,00:00:00
B_03300L1003_1,0,B_0300L1-LAJOYA,2,00:00:37,00:00:37
B_03300L1003_1,0,B_0300L1-STAURSULA,3,00:02:43,00:02:43
B_03300L1003_1,0,B_0300L1-FUENTESBROTAN,4,00:04:31,00:04:31
B_03300L1003_1,0,B_0300L1-AYUNTAMIENTO,5,00:06:59,00:06:59
B_03300L1003_1,0,B_0300L1-CORREGIDORA,6,00:08:16,00:08:16
B_03300L1003_1,0,B_0300L1-VILLAOLIMPICA,7,00:10:54,00:10:54
B_03300L1003_1,0,B_0300L1-PERISUR,8,00:12:42,00:12:42
B_03300L1003_1,0,B_0300L1-CCU,9,00:16:40,00:16:40
B_03300L1003_1,0,B_0300L1-CU,10,00:19:28,00:19:28
B_03300L1003_1,0,B_0300L1-DRGALVEZ,11,00:25:52,00:25:52
B_03300L1003_1,0,B_0300L1-BOMBILLA,12,00:28:11,00:28:11
B_03300L1003_1,0,B_0300L1-ALTAVISTA,13,00:29:42,00:29:42
B_03300L1003_1,0,B_0300L1-OLIVO,14,00:31:05,00:31:05
B_03300L1003_1,0,B_0300L1-FRANCIA,15,00:32:31,00:32:31
B_03300L1003_1,0,B_0300L1-JOSEMRIAVELAS,16,00:33:44,00:33:44
B_03300L1003_1,0,B_0300L1-TEATROINSURG,17,00:34:55,00:34:55
B_03300L1003_1,0,B_0300L1-RIOCHURU,18,00:36:21,00:36:21
B_03300L1003_1,0,B_0300L1-FELIXCUEVAS,19,00:38:23,00:38:23
B_03300L1003_1,0,B_0300L1-PARQUEHUND,20,00:40:22,00:40:22
B_03300L1003_1,0,B_0300L1-CIUDADDEPORTES,21,00:41:26,00:41:26
B_03300L1003_1,0,B_0300L1-COLDELVALLE,22,00:42:38,00:42:38
B_03300L1003_1,0,B_0300L1-NAPOLES,23,00:44:07,00:44:07
B_03300L1003_1,0,B_0300L1-POLIFORUM,24,00:45:28,00:45:28
B_03300L1003_1,0,B_0300L1-LAPIEDAD,25,00:47:12,00:47:12
B_03300L1003_1,0,B_0300L1-NVOLEON,26,00:48:43,00:48:43
B_03300L1003_1,0,B_0300L1-CHILPANCINGO,27,00:50:24,00:50:24
B_03300L1003_1,0,B_0300L1-CAMPECHE,28,00:51:35,00:51:35
B_03300L1003_1,0,B_0300L1-SONORA,29,00:52:53,00:52:53
B_03300L1003_1,0,B_0300L1-ALVAROOBRE,30,00:54:06,00:54:06
B_03300L1003_1,0,B_0300L1-DURANGO,31,00:55:21,00:55:21
B_03300L1003_1,0,B_0300L1-GLORIETA-1,32,00:56:45,00:56:45
B_03300L1003_1,0,B_0300L1-HAMBURGO,33,00:58:22,00:58:22
B_03300L1003_1,0,B_0300L1-REFORMA,34,01:00:28,01:00:28
B_03300L1003_1,0,B_0300L1-PLAZAREPU,35,01:01:41,01:01:41
B_03300L1003_1,0,B_0300L1-REVOLUCION,36,01:03:21,01:03:21
B_03300L1003_1,0,B_0300L1-ELCHOPO,37,01:04:28,01:04:28
B_03300L1003_1,0,B_0300L3-BUENAVISTA,38,01:05:59,01:05:59
B_03300L1006_0,0,B_0300L7-INDIOSVERDES,1,00:00:00,00:00:00
B_03300L1006_0,0,B_0300L1-DVO18MARZO,2,00:00:59,00:00:59
B_03300L1006_0,0,B_0300L1-EUZKARO,3,00:03:02,00:03:02
B_03300L1006_0,0,B_0300L1-POTRERO,4,00:05:15,00:05:15
B_03300L1006_0,0,B_0300L1-LARAZA,5,00:07:02,00:07:02
B_03300L1006_0,0,B_0300L1-CIRCUITO,6,00:09:13,00:09:13
B_03300L1006_0,0,B_0300L3-TOLNAHUAC,7,00:10:40,00:10:40
B_03300L1006_0,0,B_0300L3-TLATELOLCO,8,00:12:53,00:12:53
B_03300L1006_0,0,B_0300L3-RFLORESMAGON,9,00:14:15,00:14:15
B_03300L1006_0,0,B_0300L3-GUERRERO,10,00:15:26,00:15:26
B_03300L1006_0,0,B_0300L3-MINA,11,00:17:34,00:17:34
B_03300L1006_0,0,B_0300L3-HIDALGO,12,00:19:12,00:19:12
B_03300L1006_0,0,B_0300L3-JUAREZ,13,00:21:30,00:21:30
B_03300L1006_0,0,B_0300L3-BALDERAS,14,00:22:40,00:22:40
B_03300L1006_0,0,B_0300L3-CUAUHTEMOC,15,00:24:22,00:24:22
B_03300L1006_0,0,B_0300L3-JARDINPUSHK,16,00:26:33,00:26:33
B_03300L1006_0,0,B_0300L3-HOSPGENERAL,17,00:28:33,00:28:33
B_03300L1006_0,0,B_0300L3-DRMARQUEZ,18,00:30:39,00:30:39
B_03300L1006_0,0,B_0300L3-CENTROMEDICO,19,00:32:01,00:32:01
B_03300L1006_0,0,B_0300L3-OBREROMUNDIAL,20,00:33:35,00:33:35
B_03300L1006_0,0,B_0300L3-ETIOPIA,21,00:34:42,00:34:42
B_03300L1006_0,0,B_0300L3-LUZSAVINON,22,00:37:28,00:37:28
B_03300L1006_0,0,B_0300L3-EUGENIA,23,00:41:03,00:41:03
B_03300L1006_0,0,B_0300L3-DIVISIONNTE,24,00:43:42,00:43:42
B_03300L1006_0,0,B_0300L3-MIGUELLAURENT,25,00:45:24,00:45:24
B_03300L1006_0,0,B_0300L3-STACRUZATOYAC,26,00:48:21,00:48:21
B_03300L1006_1,0,B_0300L3-STACRUZATOYAC,1,00:00:00,00:00:00
B_03300L1006_1,0,B_0300L3-MIGUELLAURENT,2,00:03:02,00:03:02
B_03300L1006_1,0,B_0300L3-DIVISIONNTE,3,00:04:44,00:04:44
B_03300L1006_1,0,B_0300L3-EUGENIA,4,00:07:23,00:07:23
B_03300L1006_1,0,B_0300L3-LUZSAVINON,5,00:10:58,00:10:58
B_03300L1006_1,0,B_0300L3-ETIOPIA,6,00:13:44,00:13:44
B_03300L1006_1,0,B_0300L3-OBREROMUNDIAL,7,00:14:50,00:14:50
B_03300L1006_1,0,B_0300L3-CENTROMEDICO,8,00:16:24,00:16:24
B_03300L1006_1,0,B_0300L3-DRMARQUEZ,9,00:17:46,00:17:46
B_03300L1006_1,0,B_0300L3-HOSPGENERAL,10,00:19:52,00:19:52
B_03300L1006_1,0,B_0300L3-JARDINPUSHK,11,00:21:52,00:21:52
B_03300L1006_1,0,B_0300L3-CUAUHTEMOC,12,00:24:02,00:24:02
B_03300L1006_1,0,B_0300L3-BALDERAS,13,00:25:44,00:25:44
B_03300L1006_1,0,B_0300L3-JUAREZ,14,00:26:54,00:26:54
B_03300L1006_1,0,B_0300L3-HIDALGO,15,00:29:37,00:29:37
B_03300L1006_1,0,B_0300L3-MINA,16,00:31:15,00:31:15
B_03300L1006_1,0,B_0300L3-GUERRERO,17,00:33:23,00:33:23
B_03300L1006_1,0,B_0300L3-RFLORESMAGON,18,00:34:34,00:34:34
B_03300L1006_1,0,B_0300L3-TLATELOLCO,19,00:35:56,00:35:56
B_03300L1006_1,0,B_0300L3-TOLNAHUAC,20,00:38:09,00:38:09
B_03300L1006_1,0,B_0300L1-CIRCUITO,21,00:39:36,00:39:36
B_03300L1006_1,0,B_0300L1-LARAZA,22,00:41:47,00:41:47
B_03300L1006_1,0,B_0300L1-POTRERO,23,00:43:34,00:43:34
B_03300L1006_1,0,B_0300L1-EUZKARO,24,00:45:47,00:45:47
B_03300L1006_1,0,B_0300L1-DVO18MARZO,25,00:47:50,00:47:50
B_03300L1006_1,0,B_0300L7-INDIOSVERDES,26,00:48:50,00:48:50
B_03300L2000_0,0,B_0300L2-TACUBAYA,1,00:00:00,00:00:00
B_03300L2000_0,0,B_0300L2-ANTONMACEO,2,00:01:18,00:01:18
B_03300L2000_0,0,B_0300L2-DELASALLE,3,00:02:52,00:02:52
B_03300L2000_0,0,B_0300L2-PATRIOTISMO,4,00:05:16,00:05:16
B_03300L2000_0,0,B_0300L2-ESCANDON,5,00:06:39,00:06:39
B_03300L2000_0,0,B_0300L2-NVOLEON,6,00:07:58,00:07:58
B_03300L2000_0,0,B_0300L2-VIADUCTO,7,00:09:29,00:09:29
B_03300L2000_0,0,B_0300L2-AMORES,8,00:12:04,00:12:04
B_03300L2000_0,0,B_0300L2-ETIOPIA,9,00:15:22,00:15:22
B_03300L2000_0,0,B_0300L2-DRVERTIZ,10,00:16:35,00:16:35
B_03300L2000_0,0,B_0300L2-CENTROSCOP,11,00:18:25,00:18:25
B_03300L2000_0,0,B_0300L2-ALAMOS,12,00:19:51,00:19:51
B_03300L2000_0,0,B_0300L2-XOLA,13,00:20:51,00:20:51
B_03300L2000_0,0,B_0300L2-AMERICAS,14,00:23:04,00:23:04
B_03300L2000_0,0,B_0300L2-ANDRESMOLI,15,00:25:53,00:25:53
B_03300L2000_0,0,B_0300L2-LAVIGA,16,00:27:47,00:27:47
B_03300L2000_0,0,B_0300L2-COYUYA,17,00:30:40,00:30:40
B_03300L2000_0,0,B_0300L2-METROCOYUYA,18,00:31:50,00:31:50
B_03300L2000_0,0,B_0300L2-CANELA,19,00:33:26,00:33:26
B_03300L2000_0,0,B_0300L2-TLACOTAL,20,00:35:27,00:35:27
B_03300L2000_0,0,B_0300L2-GOMA,21,00:36:54,00:36:54
B_03300L2000_0,0,B_0300L2-IZTACALCO,22,00:38:24,00:38:24
B_03300L2000_0,0,B_0300L2-UPIICSA,23,00:40:45,00:40:45
B_03300L2000_0,0,B_0300L2-RODEO,24,00:42:16,00:42:16
B_03300L2000_0,0,B_0300L2-RIOTECOLUTLA,25,00:44:02,00:44:02
B_03300L2000_0,0,B_0300L2-RIOMAYO,26,00:45:27,00:45:27
B_03300L2000_0,0,B_0300L2-ROJOGOMEZ,27,00:47:06,00:47:06
B_03300L2000_0,0,B_0300L2-DELMORAL,28,00:49:16,00:49:16
B_03300L2000_0,0,B_0300L2-LEYESREFORMA,29,00:51:11,00:51:11
B_03300L2000_0,0,B_0300L2-CCHOTE,30,00:53:17,00:53:17
B_03300L2000_0,0,B_0300L2-CONSTAPATZIN,31,00:55:32,00:55:32
B_03300L2000_0,0,B_0300L2-CANALSANJUAN,32,00:59:36,00:59:36
B_03300L2000_0,0,B_0300L2-NICOLASBRAVO,33,01:02:02,01:02:02
B_03300L2000_0,0,B_0300L2-TEPALCATES,34,01:04:16,01:04:16
B_03300L2000_1,0,B_0300L2-TEPALCATES,1,00:00:00,00:00:00
B_03300L2000_1,0,B_0300L2-GRALANTONIOLEO,2,00:02:50,00:02:50
B_03300L2000_1,0,B_0300L2-CONSTAPATZIN,3,00:06:42,00:06:42
B_03300L2000_1,0,B_0300L2-CCHOTE,4,00:08:57,00:08:57
B_03300L2000_1,0,B_0300L2-LEYESREFORMA,5,00:11:03,00:11:03
B_03300L2000_1,0,B_0300L2-RIOFRIO,6,00:14:35,00:14:35
B_03300L2000_1,0,B_0300L2-ROJOGOMEZ,7,00:16:29,00:16:29
B_03300L2000_1,0,B_0300L2-RIOMAYO,8,00:18:08,00:18:08
B_03300L2000_1,0,B_0300L2-RIOTECOLUTLA,9,00:19:33,00:19:33
B_03300L2000_1,0,B_0300L2-RODEO,10,00:21:19,00:21:19
B_03300L2000_1,0,B_0300L2-UPIICSA,11,00:22:50,00:22:50
B_03300L2000_1,0,B_0300L2-IZTACALCO,12,00:25:11,00:25:11
B_03300L2000_1,0,B_0300L2-GOMA,13,00:26:41,00:26:41
B_03300L2000_1,0,B_0300L2-TLACOTAL,14,00:28:08,00:28:08
B_03300L2000_1,0,B_0300L2-CANELA,15,00:30:09,00:30:09
B_03300L2000_1,0,B_0300L2-METROCOYUYA,16,00:31:45,00:31:45
B_03300L2000_1,0,B_0300L2-COYUYA,17,00:32:55,00:32:55
B_03300L2000_1,0,B_0300L2-LAVIGA,18,00:35:48,00:35:48
B_03300L2000_1,0,B_0300L2-ANDRESMOLI,19,00:37:43,00:37:43
B_03300L2000_1,0,B_0300L2-AMERICAS,20,00:40:33,00:40:33
B_03300L2000_1,0,B_0300L2-XOLA,21,00:42:46,00:42:46
B_03300L2000_1,0,B_0300L2-ALAMOS,22,00:43:46,00:43:46
B_03300L2000_1,0,B_0300L2-CENTROSCOP,23,00:45:12,00:45:12
B_03300L2000_1,0,B_0300L2-DRVERTIZ,24,00:47:02,00:47:02
B_03300L2000_1,0,B_0300L2-ETIOPIA,25,00:48:15,00:48:15
B_03300L2000_1,0,B_0300L2-AMORES,26,00:51:33,00:51:33
B_03300L2000_1,0,B_0300L2-VIADUCTO,27,00:54:08,00:54:08
B_03300L2000_1,0,B_0300L2-NVOLEON,28,00:55:39,00:55:39
B_03300L2000_1,0,B_0300L2-ESCANDON,29,00:56:58,00:56:58
B_03300L2000_1,0,B_0300L2-PATRIOTISMO,30,00:58:21,00:58:21
B_03300L2000_1,0,B_0300L2-DELASALLE,31,01:00:45,01:00:45
B_03300L2000_1,0,B_0300L2-PARQUELIRA,32,01:02:51,01:02:51
B_03300L2000_1,0,B_0300L2-TACUBAYA,33,01:05:39,01:05:39
B_03300L2002_0,0,B_0300L1-COLDELVALLE,1,00:00:00,00:00:00
B_03300L2002_0,0,B_0300L1-NAPOLES,2,00:01:38,00:01:38
B_03300L2002_0,0,B_0300L1-POLIFORUM,3,00:03:06,00:03:06
B_03300L2002_0,0,B_0300L1-LAPIEDAD,4,00:05:00,00:05:00
B_03300L2002_0,0,B_0300L1-NVOLEON,5,00:06:40,00:06:40
B_03300L2002_0,0,B_0300L2-VIADUCTO,6,00:08:22,00:08:22
B_03300L2002_0,0,B_0300L2-AMORES,7,00:10:57,00:10:57
B_03300L2002_0,0,B_0300L2-ETIOPIA,8,00:14:15,00:14:15
B_03300L2002_0,0,B_0300L2-DRVERTIZ,9,00:15:28,00:15:28
B_03300L2002_0,0,B_0300L2-CENTROSCOP,10,00:17:18,00:17:18
B_03300L2002_0,0,B_0300L2-ALAMOS,11,00:18:43,00:18:43
B_03300L2002_0,0,B_0300L2-XOLA,12,00:19:43,00:19:43
B_03300L2002_0,0,B_0300L2-AMERICAS,13,00:21:56,00:21:56
B_03300L2002_0,0,B_0300L2-ANDRESMOLI,14,00:24:46,00:24:46
B_03300L2002_0,0,B_0300L2-LAVIGA,15,00:26:41,00:26:41
B_03300L2002_0,0,B_0300L2-COYUYA,16,00:29:34,00:29:34
B_03300L2002_0,0,B_0300L2-METROCOYUYA,17,00:30:44,00:30:44
B_03300L2002_0,0,B_0300L2-CANELA,18,00:32:20,00:32:20
B_03300L2002_0,0,B_0300L2-TLACOTAL,19,00:34:21,00:34:21
B_03300L2002_0,0,B_0300L2-GOMA,20,00:35:48,00:35:48
B_03300L2002_0,0,B_0300L2-IZTACALCO,21,00:37:18,00:37:18
B_03300L2002_0,0,B_0300L2-UPIICSA,22,00:39:39,00:39:39
B_03300L2002_0,0,B_0300L2-RODEO,23,00:41:10,00:41:10
B_03300L2002_0,0,B_0300L2-RIOTECOLUTLA,24,00:42:56,00:42:56
B_03300L2002_0,0,B_0300L2-RIOMAYO,25,00:44:21,00:44:21
B_03300L2002_0,0,B_0300L2-ROJOGOMEZ,26,00:46:00,00:46:00
B_03300L2002_0,0,B_0300L2-DELMORAL,27,00:48:10,00:48:10
B_03300L2002_0,0,B_0300L2-LEYESREFORMA,28,00:50:05,00:50:05
B_03300L2002_0,0,B_0300L2-CCHOTE,29,00:52:11,00:52:11
B_03300L2002_0,0,B_0300L2-CONSTAPATZIN,30,00:54:26,00:54:26
B_03300L2002_0,0,B_0300L2-CANALSANJUAN,31,00:58:30,00:58:30
B_03300L2002_0,0,B_0300L2-NICOLASBRAVO,32,01:00:56,01:00:56
B_03300L2002_0,0,B_0300L2-TEPALCATES,33,01:03:10,01:03:10
B_03300L2002_1,0,B_0300L2-TEPALCATES,1,00:00:00,00:00:00
B_03300L2002_1,0,B_0300L2-GRALANTONIOLEO,2,00:02:50,00:02:50
B_03300L2002_1,0,B_0300L2-CONSTAPATZIN,3,00:06:42,00:06:42
B_03300L2002_1,0,B_0300L2-CCHOTE,4,00:08:57,00:08:57
B_03300L2002_1,0,B_0300L2-LEYESREFORMA,5,00:11:03,00:11:03
B_03300L2002_1,0,B_0300L2-RIOFRIO,6,00:14:35,00:14:35
B_03300L2002_1,0,B_0300L2-ROJOGOMEZ,7,00:16:29,00:16:29
B_03300L2002_1,0,B_0300L2-RIOMAYO,8,00:18:08,00:18:08
B_03300L2002_1,0,B_0300L2-RIOTECOLUTLA,9,00:19:33,00:19:33
B_03300L2002_1,0,B_0300L2-RODEO,10,00:21:19,00:21:19
B_03300L2002_1,0,B_0300L2-UPIICSA,11,00:22:50,00:22:50
B_03300L2002_1,0,B_0300L2-IZTACALCO,12,00:25:11,00:25:11
B_03300L2002_1,0,B_0300L2-GOMA,13,00:26:41,00:26:41
B_03300L2002_1,0,B_0300L2-TLACOTAL,14,00:28:08,00:28:08
B_03300L2002_1,0,B_0300L2-CANELA,15,00:30:09,00:30:09
B_03300L2002_1,0,B_0300L2-METROCOYUYA,16,00:31:45,00:31:45
B_03300L2002_1,0,B_0300L2-COYUYA,17,00:32:55,00:32:55
B_03300L2002_1,0,B_0300L2-LAVIGA,18,00:35:48,00:35:48
B_03300L2002_1,0,B_0300L2-ANDRESMOLI,19,00:37:43,00:37:43
B_03300L2002_1,0,B_0300L2-AMERICAS,20,00:40:32,00:40:32
B_03300L2002_1,0,B_0300L2-XOLA,21,00:42:45,00:42:45
B_03300L2002_1,0,B_0300L2-ALAMOS,22,00:43:45,00:43:45
B_03300L2002_1,0,B_0300L2-CENTROSCOP,23,00:45:10,00:45:10
B_03300L2002_1,0,B_0300L2-DRVERTIZ,24,00:47:00,00:47:00
B_03300L2002_1,0,B_0300L2-ETIOPIA,25,00:48:13,00:48:13
B_03300L2002_1,0,B_0300L2-AMORES,26,00:51:31,00:51:31
B_03300L2002_1,0,B_0300L2-VIADUCTO,27,00:54:06,00:54:06
B_03300L2002_1,0,B_0300L1-NVOLEON,28,00:55:48,00:55:48
B_03300L2002_1,0,B_0300L1-LAPIEDAD,29,00:57:28,00:57:28
B_03300L2002_1,0,B_0300L1-POLIFORUM,30,00:59:22,00:59:22
B_03300L2002_1,0,B_0300L1-NAPOLES,31,01:00:50,01:00:50
B_03300L2002_1,0,B_0300L1-COLDELVALLE,32,01:02:28,01:02:28
B_03300L3000_0,0,B_0300L3-TENAYUCA,1,00:00:00,00:00:00
B_03300L3000_0,0,B_0300L3-SANJOSEESCA,2,00:03:00,00:03:00
B_03300L3000_0,0,B_0300L3-PROGRESONA,3,00:04:26,00:04:26
B_03300L3000_0,0,B_0300L3-TRESANEGAS,4,00:06:18,00:06:18
B_03300L3000_0,0,B_0300L3-JUPITER,5,00:09:19,00:09:19
B_03300L3000_0,0,B_0300L3-PATERA,6,00:11:29,00:11:29
B_03300L3000_0,0,B_0300L3-PNTE146,7,00:13:05,00:13:05
B_03300L3000_0,0,B_0300L3-MONTEVIDEO,8,00:14:46,00:14:46
B_03300L3000_0,0,B_0300L3-PNTE134,9,00:16:15,00:16:15
B_03300L3000_0,0,B_0300L3-PNTE 128,10,00:17:37,00:17:37
B_03300L3000_0,0,B_0300L3-MAGDASALINAS,11,00:20:05,00:20:05
B_03300L3000_0,0,B_0300L3-COLTONGO,12,00:21:50,00:21:50
B_03300L3000_0,0,B_0300L3-CUITLAHUAC,13,00:24:19,00:24:19
B_03300L3000_0,0,B_0300L3-HEROENACOZA,14,00:25:37,00:25:37
B_03300L3000_0,0,B_0300L3-HOSPRAZA,15,00:27:00,00:27:00
B_03300L3000_0,0,B_0300L3-CIRCUITO,16,00:29:06,00:29:06
B_03300L3000_0,0,B_0300L3-TOLNAHUAC,17,00:30:42,00:30:42
B_03300L3000_0,0,B_0300L3-TLATELOLCO,18,00:32:31,00:32:31
B_03300L3000_0,0,B_0300L3-RFLORESMAGON,19,00:34:06,00:34:06
B_03300L3000_0,0,B_0300L3-GUERRERO,20,00:36:31,00:36:31
B_03300L3000_0,0,B_0300L3-MINA,21,00:38:49,00:38:49
B_03300L3000_0,0,B_0300L3-HIDALGO,22,00:41:19,00:41:19
B_03300L3000_0,0,B_0300L3-JUAREZ,23,00:43:17,00:43:17
B_03300L3000_0,0,B_0300L3-BALDERAS,24,00:44:38,00:44:38
B_03300L3000_0,0,B_0300L3-CUAUHTEMOC,25,00:47:16,00:47:16
B_03300L3000_0,0,B_0300L3-JARDINPUSHK,26,00:49:08,00:49:08
B_03300L3000_0,0,B_0300L3-HOSPGENERAL,27,00:51:35,00:51:35
B_03300L3000_0,0,B_0300L3-DRMARQUEZ,28,00:52:57,00:52:57
B_03300L3000_0,0,B_0300L3-CENTROMEDICO,29,00:54:32,00:54:32
B_03300L3000_0,0,B_0300L3-OBREROMUNDIAL,30,00:57:05,00:57:05
B_03300L3000_0,0,B_0300L3-ETIOPIA,31,00:58:45,00:58:45
B_03300L3000_0,0,B_0300L3-LUZSAVINON,32,01:01:15,01:01:15
B_03300L3000_0,0,B_0300L3-EUGENIA,33,01:03:19,01:03:19
B_03300L3000_0,0,B_0300L3-DIVISIONNTE,34,01:05:53,01:05:53
B_03300L3000_0,0,B_0300L3-MIGUELLAURENT,35,01:08:14,01:08:14
B_03300L3000_0,0,B_0300L3-STACRUZATOYAC,36,01:09:23,01:09:23
B_03300L3000_1,0,B_0300L3-STACRUZATOYAC,1,00:00:00,00:00:00
B_03300L3000_1,0,B_0300L3-MIGUELLAURENT,2,00:01:09,00:01:09
B_03300L3000_1,0,B_0300L3-DIVISIONNTE,3,00:03:30,00:03:30
B_03300L3000_1,0,B_0300L3-EUGENIA,4,00:06:04,00:06:04
B_03300L3000_1,0,B_0300L3-LUZSAVINON,5,00:08:08,00:08:08
B_03300L3000_1,0,B_0300L3-ETIOPIA,6,00:10:38,00:10:38
B_03300L3000_1,0,B_0300L3-OBREROMUNDIAL,7,00:12:18,00:12:18
B_03300L3000_1,0,B_0300L3-CENTROMEDICO,8,00:14:51,00:14:51
B_03300L3000_1,0,B_0300L3-DRMARQUEZ,9,00:16:26,00:16:26
B_03300L3000_1,0,B_0300L3-HOSPGENERAL,10,00:17:48,00:17:48
B_03300L3000_1,0,B_0300L3-JARDINPUSHK,11,00:20:15,00:20:15
B_03300L3000_1,0,B_0300L3-CUAUHTEMOC,12,00:22:07,00:22:07
B_03300L3000_1,0,B_0300L3-BALDERAS,13,00:25:09,00:25:09
B_03300L3000_1,0,B_0300L3-JUAREZ,14,00:26:30,00:26:30
B_03300L3000_1,0,B_0300L3-HIDALGO,15,00:28:28,00:28:28
B_03300L3000_1,0,B_0300L3-MINA,16,00:30:58,00:30:58
B_03300L3000_1,0,B_0300L3-GUERRERO,17,00:33:16,00:33:16
B_03300L3000_1,0,B_0300L3-RFLORESMAGON,18,00:35:41,00:35:41
B_03300L3000_1,0,B_0300L3-TLATELOLCO,19,00:37:16,00:37:16
B_03300L3000_1,0,B_0300L3-TOLNAHUAC,20,00:39:05,00:39:05
B_03300L3000_1,0,B_0300L3-CIRCUITO,21,00:40:41,00:40:41
B_03300L3000_1,0,B_0300L3-HOSPRAZA,22,00:42:47,00:42:47
B_03300L3000_1,0,B_0300L3-HEROENACOZA,23,00:44:10,00:44:10
B_03300L3000_1,0,B_0300L3-CUITLAHUAC,24,00:45:28,00:45:28
B_03300L3000_1,0,B_0300L3-COLTONGO,25,00:47:57,00:47:57
B_03300L3000_1,0,B_0300L3-MAGDASALINAS,26,00:49:42,00:49:42
B_03300L3000_1,0,B_0300L3-PNTE 128,27,00:52:10,00:52:10
B_03300L3000_1,0,B_0300L3-PNTE134,28,00:53:32,00:53:32
B_03300L3000_1,0,B_0300L3-MONTEVIDEO,29,00:55:01,00:55:01
B_03300L3000_1,0,B_0300L3-PNTE146,30,00:56:42,00:56:42
B_03300L3000_1,0,B_0300L3-PATERA,31,00:58:18,00:58:18
B_03300L3000_1,0,B_0300L3-JUPITER,32,01:00:28,01:00:28
B_03300L3000_1,0,B_0300L3-TRESANEGAS,33,01:03:29,01:03:29
B_03300L3000_1,0,B_0300L3-PROGRESONA,34,01:05:21,01:05:21
B_03300L3000_1,0,B_0300L3-SANJOSEESCA,35,01:06:47,01:06:47
B_03300L3000_1,0,B_0300L3-TENAYUCA,36,01:09:47,01:09:47
B_03300L3002_0,0,B_0300L3-TENAYUCA,1,00:00:00,00:00:00
B_03300L3002_0,0,B_0300L3-SANJOSEESCA,2,00:03:00,00:03:00
B_03300L3002_0,0,B_0300L3-PROGRESONA,3,00:04:26,00:04:26
B_03300L3002_0,0,B_0300L3-TRESANEGAS,4,00:06:18,00:06:18
B_03300L3002_0,0,B_0300L3-JUPITER,5,00:09:19,00:09:19
B_03300L3002_0,0,B_0300L3-PATERA,6,00:11:29,00:11:29
B_03300L3002_0,0,B_0300L3-PNTE146,7,00:13:05,00:13:05
B_03300L3002_0,0,B_0300L3-MONTEVIDEO,8,00:14:46,00:14:46
B_03300L3002_0,0,B_0300L3-PNTE134,9,00:16:15,00:16:15
B_03300L3002_0,0,B_0300L3-PNTE 128,10,00:17:37,00:17:37
B_03300L3002_0,0,B_0300L3-MAGDASALINAS,11,00:20:05,00:20:05
B_03300L3002_0,0,B_0300L3-COLTONGO,12,00:21:50,00:21:50
B_03300L3002_0,0,B_0300L3-CUITLAHUAC,13,00:24:19,00:24:19
B_03300L3002_0,0,B_0300L3-HEROENACOZA,14,00:25:37,00:25:37
B_03300L3002_0,0,B_0300L3-HOSPRAZA,15,00:27:00,00:27:00
B_03300L3002_0,0,B_0300L3-RAZA,16,00:29:37,00:29:37
B_03300L3002_1,0,B_0300L3-RAZA,1,00:00:00,00:00:00
B_03300L3002_1,0,B_0300L3-HOSPRAZA,2,00:01:22,00:01:22
B_03300L3002_1,0,B_0300L3-HEROENACOZA,3,00:02:45,00:02:45
B_03300L3002_1,0,B_0300L3-CUITLAHUAC,4,00:04:03,00:04:03
B_03300L3002_1,0,B_0300L3-COLTONGO,5,00:06:32,00:06:32
B_03300L3002_1,0,B_0300L3-MAGDASALINAS,6,00:08:17,00:08:17
B_03300L3002_1,0,B_0300L3-PNTE 128,7,00:10:45,00:10:45
B_03300L3002_1,0,B_0300L3-PNTE134,8,00:12:07,00:12:07
B_03300L3002_1,0,B_0300L3-MONTEVIDEO,9,00:13:36,00:13:36
B_03300L3002_1,0,B_0300L3-PNTE146,10,00:15:17,00:15:17
B_03300L3002_1,0,B_0300L3-PATERA,11,00:16:53,00:16:53
B_03300L3002_1,0,B_0300L3-JUPITER,12,00:19:03,00:19:03
B_03300L3002_1,0,B_0300L3-TRESANEGAS,13,00:22:04,00:22:04
B_03300L3002_1,0,B_0300L3-PROGRESONA,14,00:23:55,00:23:55
B_03300L3002_1,0,B_0300L3-SANJOSEESCA,15,00:25:21,00:25:21
B_03300L3002_1,0,B_0300L3-TENAYUCA,16,00:28:21,00:28:21
B_03300L3003_0,0,B_0300L3-TENAYUCA,1,00:00:00,00:00:00
B_03300L3003_0,0,B_0300L3-SANJOSEESCA,2,00:03:00,00:03:00
B_03300L3003_0,0,B_0300L3-PROGRESONA,3,00:04:26,00:04:26
B_03300L3003_0,0,B_0300L3-TRESANEGAS,4,00:06:18,00:06:18
B_03300L3003_0,0,B_0300L3-JUPITER,5,00:09:19,00:09:19
B_03300L3003_0,0,B_0300L3-PATERA,6,00:11:29,00:11:29
B_03300L3003_0,0,B_0300L3-PNTE146,7,00:13:05,00:13:05
B_03300L3003_0,0,B_0300L3-MONTEVIDEO,8,00:14:46,00:14:46
B_03300L3003_0,0,B_0300L3-PNTE134,9,00:16:15,00:16:15
B_03300L3003_0,0,B_0300L3-PNTE 128,10,00:17:37,00:17:37
B_03300L3003_0,0,B_0300L3-MAGDASALINAS,11,00:20:05,00:20:05
B_03300L3003_0,0,B_0300L3-COLTONGO,12,00:21:50,00:21:50
B_03300L3003_0,0,B_0300L3-CUITLAHUAC,13,00:24:19,00:24:19
B_03300L3003_0,0,B_0300L3-HEROENACOZA,14,00:25:37,00:25:37
B_03300L3003_0,0,B_0300L3-HOSPRAZA,15,00:27:00,00:27:00
B_03300L3003_0,0,B_0300L3-CIRCUITO,16,00:29:06,00:29:06
B_03300L3003_0,0,B_0300L3-TOLNAHUAC,17,00:30:42,00:30:42
B_03300L3003_0,0,B_0300L3-TLATELOLCO,18,00:32:31,00:32:31
B_03300L3003_0,0,B_0300L3-RFLORESMAGON,19,00:34:06,00:34:06
B_03300L3003_0,0,B_0300L3-GUERRERO,20,00:36:31,00:36:31
B_03300L3003_0,0,B_0300L3-BUENAVISTA,21,00:38:38,00:38:38
B_03300L3003_1,0,B_0300L3-BUENAVISTA,1,00:00:00,00:00:00
B_03300L3003_1,0,B_0300L3-GUERRERO,2,00:02:07,00:02:07
B_03300L3003_1,0,B_0300L3-RFLORESMAGON,3,00:04:32,00:04:32
B_03300L3003_1,0,B_0300L3-TLATELOLCO,4,00:06:07,00:06:07
B_03300L3003_1,0,B_0300L3-TOLNAHUAC,5,00:07:56,00:07:56
B_03300L3003_1,0,B_0300L3-CIRCUITO,6,00:09:32,00:09:32
B_03300L3003_1,0,B_0300L3-HOSPRAZA,7,00:11:38,00:11:38
B_03300L3003_1,0,B_0300L3-HEROENACOZA,8,00:13:01,00:13:01
B_03300L3003_1,0,B_0300L3-CUITLAHUAC,9,00:14:19,00:14:19
B_03300L3003_1,0,B_0300L3-COLTONGO,10,00:16:48,00:16:48
B_03300L3003_1,0,B_0300L3-MAGDASALINAS,11,00:18:33,00:18:33
B_03300L3003_1,0,B_0300L3-PNTE 128,12,00:21:01,00:21:01
B_03300L3003_1,0,B_0300L3-PNTE134,13,00:22:23,00:22:23
B_03300L3003_1,0,B_0300L3-MONTEVIDEO,14,00:23:52,00:23:52
B_03300L3003_1,0,B_0300L3-PNTE146,15,00:25:33,00:25:33
B_03300L3003_1,0,B_0300L3-PATERA,16,00:27:09,00:27:09
B_03300L3003_1,0,B_0300L3-JUPITER,17,00:29:19,00:29:19
B_03300L3003_1,0,B_0300L3-TRESANEGAS,18,00:32:20,00:32:20
B_03300L3003_1,0,B_0300L3-PROGRESONA,19,00:34:12,00:34:12
B_03300L3003_1,0,B_0300L3-SANJOSEESCA,20,00:35:38,00:35:38
B_03300L3003_1,0,B_0300L3-TENAYUCA,21,00:38:38,00:38:38
B_03300L3004_0,0,B_0300L1-INDIOSVERDES,1,00:00:00,00:00:00
B_03300L3004_0,0,B_0300L1-DVO18MARZO,2,00:06:36,00:06:36
B_03300L3004_0,0,B_0300L1-EUZKARO,3,00:08:34,00:08:34
B_03300L3004_0,0,B_0300L1-POTRERO,4,00:11:38,00:11:38
B_03300L3004_0,0,B_0300L1-LARAZA,5,00:15:46,00:15:46
B_03300L3004_0,0,B_0300L1-CIRCUITO,6,00:18:57,00:18:57
B_03300L3004_0,0,B_0300L1-SANSIMON,7,00:20:29,00:20:29
B_03300L3004_0,0,B_0300L1-MANUELGLEZ,8,00:21:56,00:21:56
B_03300L3004_0,0,B_0300L1-BUENAVISTA,9,00:26:40,00:26:40
B_03300L3004_0,0,B_0300L3-MINA,10,00:31:11,00:31:11
B_03300L3004_0,0,B_0300L3-HIDALGO,11,00:33:41,00:33:41
B_03300L3004_0,0,B_0300L3-JUAREZ,12,00:35:39,00:35:39
B_03300L3004_0,0,B_0300L3-BALDERAS,13,00:37:00,00:37:00
B_03300L3004_0,0,B_0300L3-CUAUHTEMOC,14,00:39:38,00:39:38
B_03300L3004_0,0,B_0300L3-JARDINPUSHK,15,00:41:30,00:41:30
B_03300L3004_0,0,B_0300L3-HOSPGENERAL,16,00:43:57,00:43:57
B_03300L3004_0,0,B_0300L3-DRMARQUEZ,17,00:45:19,00:45:19
B_03300L3004_0,0,B_0300L3-CENTROMEDICO,18,00:46:54,00:46:54
B_03300L3004_0,0,B_0300L3-OBREROMUNDIAL,19,00:49:27,00:49:27
B_03300L3004_0,0,B_0300L3-ETIOPIA,20,00:51:07,00:51:07
B_03300L3004_0,0,B_0300L3-LUZSAVINON,21,00:53:37,00:53:37
B_03300L3004_0,0,B_0300L3-EUGENIA,22,00:55:41,00:55:41
B_03300L3004_0,0,B_0300L3-DIVISIONNTE,23,00:58:15,00:58:15
B_03300L3004_0,0,B_0300L3-MIGUELLAURENT,24,01:00:36,01:00:36
B_03300L3004_0,0,B_0300L3-STACRUZATOYAC,25,01:01:45,01:01:45
B_03300L3004_1,0,B_0300L3-STACRUZATOYAC,1,00:00:00,00:00:00
B_03300L3004_1,0,B_0300L3-MIGUELLAURENT,2,00:01:09,00:01:09
B_03300L3004_1,0,B_0300L3-DIVISIONNTE,3,00:03:30,00:03:30
B_03300L3004_1,0,B_0300L3-EUGENIA,4,00:06:04,00:06:04
B_03300L3004_1,0,B_0300L3-LUZSAVINON,5,00:08:08,00:08:08
B_03300L3004_1,0,B_0300L3-ETIOPIA,6,00:10:38,00:10:38
B_03300L3004_1,0,B_0300L3-OBREROMUNDIAL,7,00:12:18,00:12:18
B_03300L3004_1,0,B_0300L3-CENTROMEDICO,8,00:14:51,00:14:51
B_03300L3004_1,0,B_0300L3-DRMARQUEZ,9,00:16:26,00:16:26
B_03300L3004_1,0,B_0300L3-HOSPGENERAL,10,00:17:48,00:17:48
B_03300L3004_1,0,B_0300L3-JARDINPUSHK,11,00:20:15,00:20:15
B_03300L3004_1,0,B_0300L3-CUAUHTEMOC,12,00:22:07,00:22:07
B_03300L3004_1,0,B_0300L3-BALDERAS,13,00:25:08,00:25:08
B_03300L3004_1,0,B_0300L3-JUAREZ,14,00:26:29,00:26:29
B_03300L3004_1,0,B_0300L3-HIDALGO,15,00:28:27,00:28:27
B_03300L3004_1,0,B_0300L3-MINA,16,00:30:57,00:30:57
B_03300L3004_1,0,B_0300L1-BUENAVISTA,17,00:35:28,00:35:28
B_03300L3004_1,0,B_0300L1-MANUELGLEZ,18,00:40:12,00:40:12
B_03300L3004_1,0,B_0300L1-SANSIMON,19,00:41:39,00:41:39
B_03300L3004_1,0,B_0300L1-CIRCUITO,20,00:43:11,00:43:11
B_03300L3004_1,0,B_0300L1-LARAZA,21,00:46:21,00:46:21
B_03300L3004_1,0,B_0300L1-POTRERO,22,00:50:29,00:50:29
B_03300L3004_1,0,B_0300L1-EUZKARO,23,00:53:33,00:53:33
B_03300L3004_1,0,B_0300L1-DVO18MARZO,24,00:55:31,00:55:31
B_03300L3004_1,0,B_0300L1-INDIOSVERDES,25,01:02:18,01:02:18
B_03300L4000_0,0,B_0300L4-LAZARO1,1,00:00:00,00:00:00
B_03300L4000_0,0,B_0300L4-AEROT1,2,00:00:00,00:00:00
B_03300L4000_0,0,B_0300L4-AEROT2,3,00:26:39,00:26:39
B_03300L4000_0,0,B_0300L4-LAZARO1,4,00:51:38,00:51:38
B_03300L4001_0,0,B_0300L4-BUENAVISTA,1,00:00:00,00:00:00
B_03300L4001_0,0,B_0300L4-CUAUHTEMOC0,2,00:01:17,00:01:17
B_03300L4001_0,0,B_0300L4-MXTENOCH0,3,00:03:21,00:03:21
B_03300L4001_0,0,B_0300L4-PZAREPUBLI0,4,00:04:29,00:04:29
B_03300L4001_0,0,B_0300L4-GTACOLON0,5,00:07:24,00:07:24
B_03300L4001_0,0,B_0300L4-DEFENSPUBLICA,6,00:09:23,00:09:23
B_03300L4001_0,0,B_0300L4-VOCA51,7,00:11:02,00:11:02
B_03300L4001_0,0,B_0300L4-JUAREZ0,8,00:12:01,00:12:01
B_03300L4001_0,0,B_0300L4-MDOSANJUAN0,9,00:14:02,00:14:02
B_03300L4001_0,0,B_0300L4-EJECTRAL0,10,00:15:30,00:15:30
B_03300L4001_0,0,B_0300L4-SALVADOR1,11,00:17:20,00:17:20
B_03300L4001_0,0,B_0300L4-ISABELCATOLI0,12,00:18:09,00:18:09
B_03300L4001_0,0,B_0300L4-MUSEOCDAD0,13,00:20:35,00:20:35
B_03300L4001_0,0,B_0300L4-PINOSUAREZ,14,00:22:01,00:22:01
B_03300L4001_0,0,B_0300L4-CRUCESSUR,15,00:23:39,00:23:39
B_03300L4001_0,0,B_0300L4-MERCED,16,00:25:48,00:25:48
B_03300L4001_0,0,B_0300L4-MDOSONORA0,17,00:28:06,00:28:06
B_03300L4001_0,0,B_0300L4-CECILIOROB0,18,00:31:08,00:31:08
B_03300L4001_0,0,B_0300L4-EDOMOLINA,19,00:34:12,00:34:12
B_03300L4001_0,0,B_0300L4-MOCTEZUMA,20,00:36:29,00:36:29
B_03300L4001_0,0,B_0300L4-LAZARO1,21,00:40:21,00:40:21
B_03300L4001_1,0,B_0300L4-LAZARO0,1,00:00:00,00:00:00
B_03300L4001_1,0,B_0300L4-HOSPBALBUE,2,00:05:56,00:05:56
B_03300L4001_1,0,B_0300L4-CECILIOROB1,3,00:07:29,00:07:29
B_03300L4001_1,0,B_0300L4-MSONORASUR,4,00:13:07,00:13:07
B_03300L4001_1,0,B_0300L4-SANPABLO,5,00:16:32,00:16:32
B_03300L4001_1,0,B_0300L4-PINOSRZSR,6,00:18:35,00:18:35
B_03300L4001_1,0,B_0300L4-20NOVIEMBR,7,00:20:28,00:20:28
B_03300L4001_1,0,B_0300L4-ISABELCATOLI1,8,00:21:51,00:21:51
B_03300L4001_1,0,B_0300L4-SALVADOR0,9,00:23:23,00:23:23
B_03300L4001_1,0,B_0300L4-EJECTRAL1,10,00:24:08,00:24:08
B_03300L4001_1,0,B_0300L4-MDOSANJUAN1,11,00:25:37,00:25:37
B_03300L4001_1,0,B_0300L4-JUAREZ1,12,00:27:53,00:27:53
B_03300L4001_1,0,B_0300L4-VOCA5,13,00:29:37,00:29:37
B_03300L4001_1,0,B_0300L4-DEFENSPUBLIC,14,00:30:31,00:30:31
B_03300L4001_1,0,B_0300L4-GTACOLON1,15,00:32:19,00:32:19
B_03300L4001_1,0,B_0300L4-PZAREPUBL1,16,00:34:16,00:34:16
B_03300L4001_1,0,B_0300L4-MXTENOCH1,17,00:35:21,00:35:21
B_03300L4001_1,0,B_0300L4-CUAUHTEMOC1,18,00:37:25,00:37:25
B_03300L4001_1,0,B_0300L4-BUENAVISTA,19,00:38:57,00:38:57
B_03300L4002_0,0,B_0300L4-BUENAVISTA,1,00:00:00,00:00:00
B_03300L4002_0,0,B_0300L4-CUAUHTEMOC0,2,00:01:17,00:01:17
B_03300L4002_0,0,B_0300L4-MXTENOCH0,3,00:03:21,00:03:21
B_03300L4002_0,0,B_0300L4-MUSEOSCARL0,4,00:04:49,00:04:49
B_03300L4002_0,0,B_0300L4-HIDALGO0,5,00:07:20,00:07:20
B_03300L4002_0,0,B_0300L4-BELLASARTES0,6,00:09:44,00:09:44
B_03300L4002_0,0,B_0300L4-TEATROBLAN0,7,00:11:50,00:11:50
B_03300L4002_0,0,B_0300L4-REPCHILE0,8,00:14:02,00:14:02
B_03300L4002_0,0,B_0300L4-REPARGEN0,9,00:16:08,00:16:08
B_03300L4002_0,0,B_0300L4-TEATROPUEB0,10,00:18:30,00:18:30
B_03300L4002_0,0,B_0300L4-MIXCALCO0,11,00:20:22,00:20:22
B_03300L4002_0,0,B_0300L4-FERROCINT0,12,00:21:44,00:21:44
B_03300L4002_0,0,B_0300L4-MORELOS0,13,00:23:08,00:23:08
B_03300L4002_0,0,B_0300L4-ARCHGRALNAC0,14,00:25:11,00:25:11
B_03300L4002_0,0,B_0300L4-LAZARO0,15,00:27:50,00:27:50
B_03300L4002_1,0,B_0300L4-LAZARO1,1,00:00:00,00:00:00
B_03300L4002_1,0,B_0300L4-ARCHGRALNAC1,2,00:02:19,00:02:19
B_03300L4002_1,0,B_0300L4-MORELOS1,3,00:04:24,00:04:24
B_03300L4002_1,0,B_0300L4-FERROCINT1,4,00:05:47,00:05:47
B_03300L4002_1,0,B_0300L4-MIXCALCO1,5,00:07:10,00:07:10
B_03300L4002_1,0,B_0300L4-TEATROPUEB1,6,00:09:08,00:09:08
B_03300L4002_1,0,B_0300L4-REPARGEN1,7,00:11:22,00:11:22
B_03300L4002_1,0,B_0300L4-REPCHILE1,8,00:13:26,00:13:26
B_03300L4002_1,0,B_0300L4-TEATROBLAN1,9,00:15:37,00:15:37
B_03300L4002_1,0,B_0300L4-BELLASARTES1,10,00:18:10,00:18:10
B_03300L4002_1,0,B_0300L4-HIDALGO1,11,00:20:35,00:20:35
B_03300L4002_1,0,B_0300L4-MUSEOSCARL1,12,00:23:01,00:23:01
B_03300L4002_1,0,B_0300L4-MXTENOCH1,13,00:24:28,00:24:28
B_03300L4002_1,0,B_0300L4-CUAUHTEMOC1,14,00:26:24,00:26:24
B_03300L4002_1,0,B_0300L4-BUENAVISTA,15,00:27:56,00:27:56
B_03300L4003_0,0,B_0300L4-HIDALGO0,1,00:00:00,00:00:00
B_03300L4003_0,0,B_0300L4-BELLASARTES0,2,00:02:24,00:02:24
B_03300L4003_0,0,B_0300L4-TEATROBLAN0,3,00:04:30,00:04:30
B_03300L4003_0,0,B_0300L4-REPCHILE0,4,00:06:42,00:06:42
B_03300L4003_0,0,B_0300L4-REPARGEN0,5,00:08:48,00:08:48
B_03300L4003_0,0,B_0300L4-TEATROPUEB0,6,00:11:10,00:11:10
B_03300L4003_0,0,B_0300L4-MIXCALCO0,7,00:13:02,00:13:02
B_03300L4003_0,0,B_0300L4-FERROCINT0,8,00:14:24,00:14:24
B_03300L4003_0,0,B_0300L4-MORELOS0,9,00:15:48,00:15:48
B_03300L4003_0,0,B_0300L4-PANTITLAN,10,00:45:54,00:45:54
B_03300L4003_0,0,B_0300L4-CALLE6,11,00:55:28,00:55:28
B_03300L4003_0,0,B_0300L4-ALAMEDAOTE,12,01:03:00,01:03:00
B_03300L4003_1,0,B_0300L4-ALAMEDAOTE,1,00:00:00,00:00:00
B_03300L4003_1,0,B_0300L4-CALLE6,2,00:12:39,00:12:39
B_03300L4003_1,0,B_0300L4-PANTITLAN,3,00:21:55,00:21:55
B_03300L4003_1,0,B_0300L4-MORELOS1,4,00:51:35,00:51:35
B_03300L4003_1,0,B_0300L4-FERROCINT1,5,00:52:58,00:52:58
B_03300L4003_1,0,B_0300L4-MIXCALCO1,6,00:54:21,00:54:21
B_03300L4003_1,0,B_0300L4-TEATROPUEB1,7,00:56:19,00:56:19
B_03300L4003_1,0,B_0300L4-REPARGEN1,8,00:58:33,00:58:33
B_03300L4003_1,0,B_0300L4-REPCHILE1,9,01:00:37,01:00:37
B_03300L4003_1,0,B_0300L4-TEATROBLAN1,10,01:02:48,01:02:48
B_03300L4003_1,0,B_0300L4-BELLASARTES1,11,01:05:20,01:05:20
B_03300L4003_1,0,B_0300L4-HIDALGO1,12,01:12:22,01:12:22
B_03300L5000_0,0,B_0300L5-RIOREMEDIOS,1,00:00:00,00:00:00
B_03300L5000_0,0,B_0300L5-NEWSDIVINE,2,00:02:29,00:02:29
B_03300L5000_0,0,B_0300L5-5MAYO,3,00:03:53,00:03:53
B_03300L5000_0,0,B_0300L5-VASCOQUIRO,4,00:05:19,00:05:19
B_03300L5000_0,0,B_0300L5-COYOL,5,00:07:32,00:07:32
B_03300L5000_0,0,B_0300L5-PREPA3,6,00:09:00,00:09:00
B_03300L5000_0,0,B_0300L5-SANJUANARAGO,7,00:10:22,00:10:22
B_03300L5000_0,0,B_0300L5-RIOGPE,8,00:11:49,00:11:49
B_03300L5000_0,0,B_0300L5-TALISMAN,9,00:13:42,00:13:42
B_03300L5000_0,0,B_0300L5-VICTORIA,10,00:15:04,00:15:04
B_03300L5000_0,0,B_0300L5-OTE101,11,00:17:32,00:17:32
B_03300L5000_0,0,B_0300L5-RIOSTACOLETA,12,00:19:20,00:19:20
B_03300L5000_0,0,B_0300L5-RIOCONSULADO,13,00:20:14,00:20:14
B_03300L5000_0,0,B_0300L5-CANALNTE,14,00:21:49,00:21:49
B_03300L5000_0,0,B_0300L5-DVOEDOMOLINA,15,00:23:36,00:23:36
B_03300L5000_0,0,B_0300L5-MDOMORELOS,16,00:24:54,00:24:54
B_03300L5000_0,0,B_0300L5-ARCHGRALNAC,17,00:26:21,00:26:21
B_03300L5000_0,0,B_0300L5-SANLAZARO,18,00:28:29,00:28:29
B_03300L5000_0,0,B_0300L5-MOCTEZUMA,19,00:31:03,00:31:03
B_03300L5000_0,0,B_0300L5-VENUSTIANOCARR,20,00:33:45,00:33:45
B_03300L5000_0,0,B_0300L5-AVTALLER,21,00:35:43,00:35:43
B_03300L5000_0,0,B_0300L5-MIXIUHCA,22,00:37:20,00:37:20
B_03300L5000_0,0,B_0300L5-HTALGRALTRONCO,23,00:38:18,00:38:18
B_03300L5000_0,0,B_0300L5-MCOYUYA,24,00:40:26,00:40:26
B_03300L5000_0,0,B_0300L5-RECREO,25,00:42:22,00:42:22
B_03300L5000_0,0,B_0300L5-OTE116,26,00:43:43,00:43:43
B_03300L5000_0,0,B_0300L5-COLBACH3,27,00:45:08,00:45:08
B_03300L5000_0,0,B_0300L5-CANALAPATLACO,28,00:46:23,00:46:23
B_03300L5000_0,0,B_0300L5-APATLACO,29,00:48:09,00:48:09
B_03300L5000_0,0,B_0300L5-ACULCO,30,00:49:20,00:49:20
B_03300L5000_0,0,B_0300L5-CHURUOTE,31,00:50:29,00:50:29
B_03300L5000_0,0,B_0300L5-ESCUADRON201,32,00:52:29,00:52:29
B_03300L5000_0,0,B_0300L5-ATANASIOSARA,33,00:54:12,00:54:12
B_03300L5000_0,0,B_0300L5-ERMITAIZTAPA,34,00:55:51,00:55:51
B_03300L5000_0,0,B_0300L5-GANADEROS,35,00:58:11,00:58:11
B_03300L5000_0,0,B_0300L5-PUEBLOREYES,36,00:58:57,00:58:57
B_03300L5000_0,0,B_0300L5-BARRIOSANANTO,37,01:00:41,01:00:41
B_03300L5000_0,0,B_0300L5-CALZTASQUENA,38,01:02:14,01:02:14
B_03300L5000_0,0,B_0300L5-CAFETALES,39,01:04:00,01:04:00
B_03300L5000_0,0,B_0300L5-ESIMECULHUACAN,40,01:05:35,01:05:35
B_03300L5000_0,0,B_0300L5-MANUELASAENZ,41,01:07:20,01:07:20
B_03300L5000_0,0,B_0300L5-VIRGEN,42,01:08:36,01:08:36
B_03300L5000_0,0,B_0300L5-TEPETLAPA,43,01:10:15,01:10:15
B_03300L5000_0,0,B_0300L5-BOMBAS,44,01:12:02,01:12:02
B_03300L5000_0,0,B_0300L5-VISTAHERMOSA,45,01:13:42,01:13:42
B_03300L5000_0,0,B_0300L5-CALZHUESO,46,01:15:51,01:15:51
B_03300L5000_0,0,B_0300L5-CANAVERALES,47,01:17:48,01:17:48
B_03300L5000_0,0,B_0300L5-MUYUGUARDA,48,01:21:38,01:21:38
B_03300L5000_0,0,B_0300L5-CTOCUEMANCO,49,01:23:09,01:23:09
B_03300L5000_0,0,B_0300L5-DIFXOCHIMIL,50,01:24:28,01:24:28
B_03300L5000_0,0,B_0300L5-PREPA1,51,01:26:07,01:26:07
B_03300L5000_1,0,B_0300L5-PREPA1,1,00:00:00,00:00:00
B_03300L5000_1,0,B_0300L5-DIFXOCHIMIL,2,00:01:38,00:01:38
B_03300L5000_1,0,B_0300L5-CTOCUEMANCO,3,00:02:59,00:02:59
B_03300L5000_1,0,B_0300L5-MUYUGUARDA,4,00:04:30,00:04:30
B_03300L5000_1,0,B_0300L5-CANAVERALES,5,00:08:24,00:08:24
B_03300L5000_1,0,B_0300L5-CALZHUESO,6,00:10:21,00:10:21
B_03300L5000_1,0,B_0300L5-VISTAHERMOSA,7,00:12:30,00:12:30
B_03300L5000_1,0,B_0300L5-BOMBAS,8,00:14:10,00:14:10
B_03300L5000_1,0,B_0300L5-TEPETLAPA,9,00:15:58,00:15:58
B_03300L5000_1,0,B_0300L5-VIRGEN,10,00:17:37,00:17:37
B_03300L5000_1,0,B_0300L5-MANUELASAENZ,11,00:18:53,00:18:53
B_03300L5000_1,0,B_0300L5-ESIMECULHUACAN,12,00:20:38,00:20:38
B_03300L5000_1,0,B_0300L5-CAFETALES,13,00:22:13,00:22:13
B_03300L5000_1,0,B_0300L5-CALZTASQUENA,14,00:23:59,00:23:59
B_03300L5000_1,0,B_0300L5-BARRIOSANANTO,15,00:25:31,00:25:31
B_03300L5000_1,0,B_0300L5-PUEBLOREYES,16,00:27:15,00:27:15
B_03300L5000_1,0,B_0300L5-GANADEROS1,17,00:28:01,00:28:01
B_03300L5000_1,0,B_0300L5-ERMITAIZTAPA,18,00:30:21,00:30:21
B_03300L5000_1,0,B_0300L5-ATANASIOSARA,19,00:32:01,00:32:01
B_03300L5000_1,0,B_0300L5-ESCUADRON201,20,00:33:44,00:33:44
B_03300L5000_1,0,B_0300L5-CHURUOTE1,21,00:35:43,00:35:43
B_03300L5000_1,0,B_0300L5-ACULCO1,22,00:36:55,00:36:55
B_03300L5000_1,0,B_0300L5-APATLACO1,23,00:38:05,00:38:05
B_03300L5000_1,0,B_0300L5-CANALAPATLAC1,24,00:39:51,00:39:51
B_03300L5000_1,0,B_0300L5-COLBACH31,25,00:41:06,00:41:06
B_03300L5000_1,0,B_0300L5-OTE116,26,00:42:32,00:42:32
B_03300L5000_1,0,B_0300L5-RECREO1,27,00:43:50,00:43:50
B_03300L5000_1,0,B_0300L5-MCOYUYA,28,00:45:48,00:45:48
B_03300L5000_1,0,B_0300L5-HTALGRALTRONCO,29,00:47:56,00:47:56
B_03300L5000_1,0,B_0300L5-MIXIUHCA,30,00:48:54,00:48:54
B_03300L5000_1,0,B_0300L5-AVTALLER,31,00:50:31,00:50:31
B_03300L5000_1,0,B_0300L5-VENUSTIANOCARR,32,00:52:29,00:52:29
B_03300L5000_1,0,B_0300L5-MOCTEZUMA1,33,00:55:17,00:55:17
B_03300L5000_1,0,B_0300L5-SANLAZARO1,34,00:57:27,00:57:27
B_03300L5000_1,0,B_0300L5-ARCHGRALNAC,35,00:59:53,00:59:53
B_03300L5000_1,0,B_0300L5-MDOMORELOS,36,01:01:19,01:01:19
B_03300L5000_1,0,B_0300L5-DVOEDOMOLINA,37,01:02:37,01:02:37
B_03300L5000_1,0,B_0300L5-CANALNTE,38,01:04:24,01:04:24
B_03300L5000_1,0,B_0300L5-RIOCONSULADO1,39,01:05:58,01:05:58
B_03300L5000_1,0,B_0300L5-RIOSTACOLETA1,40,01:06:51,01:06:51
B_03300L5000_1,0,B_0300L5-OTE1011,41,01:08:40,01:08:40
B_03300L5000_1,0,B_0300L5-VICTORIA1,42,01:11:07,01:11:07
B_03300L5000_1,0,B_0300L5-TALISMAN1,43,01:12:30,01:12:30
B_03300L5000_1,0,B_0300L5-RIOGPE1,44,01:14:22,01:14:22
B_03300L5000_1,0,B_0300L5-SANJUANARAGO1,45,01:15:50,01:15:50
B_03300L5000_1,0,B_0300L5-PREPA31,46,01:17:08,01:17:08
B_03300L5000_1,0,B_0300L5-COYOL1,47,01:18:43,01:18:43
B_03300L5000_1,0,B_0300L5-VASCOQUIRO1,48,01:20:53,01:20:53
B_03300L5000_1,0,B_0300L5-5MAYO1,49,01:22:19,01:22:19
B_03300L5000_1,0,B_0300L5-NEWSDIVINE1,50,01:23:39,01:23:39
B_03300L5000_1,0,B_0300L5-RIOREMEDIOS,51,01:26:12,01:26:12
B_03300L6000_0,0,B_0300L6-ROSARIO,1,00:00:00,00:00:00
B_03300L6000_0,0,B_0300L6-COLBACH1,2,00:02:09,00:02:09
B_03300L6000_0,0,B_0300L6-CULTURAS,3,00:03:57,00:03:57
B_03300L6000_0,0,B_0300L6-FERRONALES,4,00:07:13,00:07:13
B_03300L6000_0,0,B_0300L6-UAMAZCAPOTZ,5,00:08:59,00:08:59
B_03300L6000_0,0,B_0300L6-TECNOPARQUE,6,00:11:01,00:11:01
B_03300L6000_0,0,B_0300L6-NTE59,7,00:16:28,00:16:28
B_03300L6000_0,0,B_0300L6-NTE45,8,00:18:43,00:18:43
B_03300L6000_0,0,B_0300L6-MONTEVIDEO,9,00:21:19,00:21:19
B_03300L6000_0,0,B_0300L6-LIND-VALLEJO,10,00:23:16,00:23:16
B_03300L6000_0,0,B_0300L6-INSTPETRO,11,00:24:22,00:24:22
B_03300L6000_0,0,B_0300L6-BARTOLO,12,00:26:42,00:26:42
B_03300L6000_0,0,B_0300L6-IPN,13,00:29:13,00:29:13
B_03300L6000_0,0,B_0300L6-RIOBAMBA,14,00:31:09,00:31:09
B_03300L6000_0,0,B_0300L6-DVO18MZO,15,00:33:23,00:33:23
B_03300L6000_0,0,B_0300L6-VILLA,16,00:34:32,00:34:32
B_03300L6000_0,0,B_0300L6-DELGAM,17,00:38:18,00:38:18
B_03300L6000_0,0,B_0300L6-MARTINCARR,18,00:41:03,00:41:03
B_03300L6000_0,0,B_0300L6-HOSPGRALVILLA,19,00:42:45,00:42:45
B_03300L6000_0,0,B_0300L6-JUANARAGON,20,00:44:24,00:44:24
B_03300L6000_0,0,B_0300L6-GRANCANAL,21,00:46:08,00:46:08
B_03300L6000_0,0,B_0300L6-CASASALEMAN,22,00:48:15,00:48:15
B_03300L6000_0,0,B_0300L6-PBLOARAGON,23,00:49:46,00:49:46
B_03300L6000_0,0,B_0300L6-LORETOFABE,24,00:52:24,00:52:24
B_03300L6000_0,0,B_0300L6-482,25,00:54:30,00:54:30
B_03300L6000_0,0,B_0300L6-414,26,00:56:40,00:56:40
B_03300L6000_0,0,B_0300L6-416OTE,27,00:57:46,00:57:46
B_03300L6000_0,0,B_0300L6-PRADERA,28,00:59:38,00:59:38
B_03300L6000_0,0,B_0300L6-COLBACH9,29,01:01:34,01:01:34
B_03300L6000_0,0,B_0300L6-FCOMORAZAN,30,01:03:11,01:03:11
B_03300L6000_0,0,B_0300L6-VILLARAGON,31,01:04:24,01:04:24
B_03300L6000_1,0,B_0300L6-VILLARAGON,1,00:00:00,00:00:00
B_03300L6000_1,0,B_0300L6-FCOMORAZAN,2,00:01:13,00:01:13
B_03300L6000_1,0,B_0300L6-COLBACH9,3,00:02:50,00:02:50
B_03300L6000_1,0,B_0300L6-PRADERA,4,00:04:46,00:04:46
B_03300L6000_1,0,B_0300L6-VOLCANFUEGO,5,00:06:53,00:06:53
B_03300L6000_1,0,B_0300L6-AMPLPROVID,6,00:08:26,00:08:26
B_03300L6000_1,0,B_0300L6-DVOGALEANA,7,00:10:19,00:10:19
B_03300L6000_1,0,B_0300L6-416PTE,8,00:12:45,00:12:45
B_03300L6000_1,0,B_0300L6-LORETOFABE,9,00:15:03,00:15:03
B_03300L6000_1,0,B_0300L6-PBLOARAGON,10,00:17:41,00:17:41
B_03300L6000_1,0,B_0300L6-CASASALEMAN,11,00:19:12,00:19:12
B_03300L6000_1,0,B_0300L6-GRANCANAL,12,00:21:19,00:21:19
B_03300L6000_1,0,B_0300L6-JUANARAGON,13,00:23:03,00:23:03
B_03300L6000_1,0,B_0300L6-HOSPGRALVILLA,14,00:24:42,00:24:42
B_03300L6000_1,0,B_0300L6-MARTINCARR,15,00:26:24,00:26:24
B_03300L6000_1,0,B_0300L6-DELGAM,16,00:29:09,00:29:09
B_03300L6000_1,0,B_0300L6-HOSPINFVILLA,17,00:31:45,00:31:45
B_03300L6000_1,0,B_0300L6-MISTERIOS,18,00:33:28,00:33:28
B_03300L6000_1,0,B_0300L6-VILLA,19,00:34:40,00:34:40
B_03300L6000_1,0,B_0300L6-DVO18MZO,20,00:35:49,00:35:49
B_03300L6000_1,0,B_0300L6-RIOBAMBA,21,00:38:03,00:38:03
B_03300L6000_1,0,B_0300L6-IPN,22,00:39:59,00:39:59
B_03300L6000_1,0,B_0300L6-BARTOLO,23,00:42:30,00:42:30
B_03300L6000_1,0,B_0300L6-INSTPETRO,24,00:44:50,00:44:50
B_03300L6000_1,0,B_0300L6-LIND-VALLEJO,25,00:45:56,00:45:56
B_03300L6000_1,0,B_0300L6-MONTEVIDEO,26,00:47:53,00:47:53
B_03300L6000_1,0,B_0300L6-NTE45,27,00:50:29,00:50:29
B_03300L6000_1,0,B_0300L6-NTE59,28,00:52:44,00:52:44
B_03300L6000_1,0,B_0300L6-TECNOPARQUE,29,00:58:11,00:58:11
B_03300L6000_1,0,B_0300L6-UAMAZCAPOTZ,30,01:00:13,01:00:13
B_03300L6000_1,0,B_0300L6-FERRONALES,31,01:01:59,01:01:59
B_03300L6000_1,0,B_0300L6-CULTURAS,32,01:05:15,01:05:15
B_03300L6000_1,0,B_0300L6-COLBACH1,33,01:07:03,01:07:03
B_03300L6000_1,0,B_0300L6-ROSARIO,34,01:09:12,01:09:12
B_03300L7000_0,0,B_0300L7-INDIOSVERDES,1,00:00:00,00:00:00
B_03300L7000_0,0,B_0300L7-MISTERIOS,2,00:03:25,00:03:25
B_03300L7000_0,0,B_0300L7-GARRIDO0,3,00:05:35,00:05:35
B_03300L7000_0,0,B_0300L7-TALISMAN0,4,00:07:59,00:07:59
B_03300L7000_0,0,B_0300L7-NECAXA0,5,00:09:19,00:09:19
B_03300L7000_0,0,B_0300L7-EXCELSIOR0,6,00:11:31,00:11:31
B_03300L7000_0,0,B_0300L7-ROBLESDZ0,7,00:13:29,00:13:29
B_03300L7000_0,0,B_0300L7-CLAVE0,8,00:15:26,00:15:26
B_03300L7000_0,0,B_0300L7-MISTERIOS0,9,00:16:47,00:16:47
B_03300L7000_0,0,B_0300L7-MDOBEET0,10,00:19:20,00:19:20
B_03300L7000_0,0,B_0300L7-PERALVILLO0,11,00:21:26,00:21:26
B_03300L7000_0,0,B_0300L7-TRESCULT0,12,00:22:56,00:22:56
B_03300L7000_0,0,B_0300L7-GTACUI0,13,00:24:03,00:24:03
B_03300L7000_0,0,B_0300L7-GARIBALDI0,14,00:27:24,00:27:24
B_03300L7000_0,0,B_0300L7-GTAVIOLETA0,15,00:29:50,00:29:50
B_03300L7000_0,0,B_0300L7-HIDALGO0,16,00:32:40,00:32:40
B_03300L7000_0,0,B_0300L7-CABALLITO0,17,00:34:13,00:34:13
B_03300L7000_0,0,B_0300L7-GTACOLON0,18,00:36:25,00:36:25
B_03300L7000_0,0,B_0300L7-PARIS0,19,00:38:01,00:38:01
B_03300L7000_0,0,B_0300L7-REFORMA0,20,00:39:22,00:39:22
B_03300L7000_0,0,B_0300L7-HAMBURGO0,21,00:40:52,00:40:52
B_03300L7000_0,0,B_0300L7-PALMA0,22,00:42:40,00:42:40
B_03300L7000_0,0,B_0300L7-ANGEL0,23,00:44:54,00:44:54
B_03300L7000_0,0,B_0300L7-DIANA0,24,00:46:02,00:46:02
B_03300L7000_0,0,B_0300L7-CHAPU0,25,00:47:51,00:47:51
B_03300L7000_0,0,B_0300L7-GANDHI0,26,00:50:45,00:50:45
B_03300L7000_0,0,B_0300L7-ANTROPO0,27,00:52:48,00:52:48
B_03300L7000_0,0,B_0300L7-AUDITORIO0,28,00:57:07,00:57:07
B_03300L7000_0,0,B_0300L7-CAMPOMARTE0,29,00:59:59,00:59:59
B_03300L7000_1,0,B_0300L7-CAMPOMARTE1,1,00:00:00,00:00:00
B_03300L7000_1,0,B_0300L7-AUDITORIO1,2,00:02:51,00:02:51
B_03300L7000_1,0,B_0300L7-ANTROPO1,3,00:06:42,00:06:42
B_03300L7000_1,0,B_0300L7-GANDHI1,4,00:08:59,00:08:59
B_03300L7000_1,0,B_0300L7-CHAPU1,5,00:11:59,00:11:59
B_03300L7000_1,0,B_0300L7-DIANA1,6,00:13:06,00:13:06
B_03300L7000_1,0,B_0300L7-ANGEL1,7,00:15:15,00:15:15
B_03300L7000_1,0,B_0300L7-PALMA1,8,00:17:17,00:17:17
B_03300L7000_1,0,B_0300L7-HAMBURGO1,9,00:18:40,00:18:40
B_03300L7000_1,0,B_0300L7-REFORMA1,10,00:20:54,00:20:54
B_03300L7000_1,0,B_0300L7-PARIS1,11,00:22:17,00:22:17
B_03300L7000_1,0,B_0300L7-GTACOLON1,12,00:23:35,00:23:35
B_03300L7000_1,0,B_0300L7-CABALLITO1,13,00:25:16,00:25:16
B_03300L7000_1,0,B_0300L7-HIDALGO1,14,00:26:49,00:26:49
B_03300L7000_1,0,B_0300L7-GTAVIOLETA1,15,00:29:01,00:29:01
B_03300L7000_1,0,B_0300L7-GARIBALDI1,16,00:32:12,00:32:12
B_03300L7000_1,0,B_0300L7-GTACUI1,17,00:34:51,00:34:51
B_03300L7000_1,0,B_0300L7-TRESCULT1,18,00:37:25,00:37:25
B_03300L7000_1,0,B_0300L7-PERALVILLO1,19,00:38:40,00:38:40
B_03300L7000_1,0,B_0300L7-MDOBEET1,20,00:41:06,00:41:06
B_03300L7000_1,0,B_0300L7-MISTERIOS1,21,00:43:13,00:43:13
B_03300L7000_1,0,B_0300L7-CLAVE1,22,00:44:58,00:44:58
B_03300L7000_1,0,B_0300L7-ROBLESDZ1,23,00:46:15,00:46:15
B_03300L7000_1,0,B_0300L7-EXCELSIOR1,24,00:48:14,00:48:14
B_03300L7000_1,0,B_0300L7-NECAXA1,25,00:50:39,00:50:39
B_03300L7000_1,0,B_0300L7-TALISMAN1,26,00:52:25,00:52:25
B_03300L7000_1,0,B_0300L7-GARRIDO1,27,00:54:50,00:54:50
B_03300L7000_1,0,B_0300L7-DELGAM,28,00:58:30,00:58:30
B_03300L7000_1,0,B_0300L7-INDIOSVERDES,29,01:05:33,01:05:33
B_03300L7001_0,0,B_0300L7-HOSPINFVILL,1,00:00:00,00:00:00
B_03300L7001_0,0,B_0300L7-MISTERIOS,2,00:02:40,00:02:40
B_03300L7001_0,0,B_0300L7-GARRIDO0,3,00:04:50,00:04:50
B_03300L7001_0,0,B_0300L7-TALISMAN0,4,00:07:14,00:07:14
B_03300L7001_0,0,B_0300L7-NECAXA0,5,00:08:34,00:08:34
B_03300L7001_0,0,B_0300L7-EXCELSIOR0,6,00:10:46,00:10:46
B_03300L7001_0,0,B_0300L7-ROBLESDZ0,7,00:12:44,00:12:44
B_03300L7001_0,0,B_0300L7-CLAVE0,8,00:14:41,00:14:41
B_03300L7001_0,0,B_0300L7-MISTERIOS0,9,00:16:02,00:16:02
B_03300L7001_0,0,B_0300L7-MDOBEET0,10,00:18:35,00:18:35
B_03300L7001_0,0,B_0300L7-PERALVILLO0,11,00:20:42,00:20:42
B_03300L7001_0,0,B_0300L7-TRESCULT0,12,00:22:11,00:22:11
B_03300L7001_0,0,B_0300L7-GTACUI0,13,00:23:18,00:23:18
B_03300L7001_0,0,B_0300L7-GARIBALDI0,14,00:26:40,00:26:40
B_03300L7001_0,0,B_0300L7-GTAVIOLETA0,15,00:29:07,00:29:07
B_03300L7001_0,0,B_0300L7-HIDALGO0,16,00:31:57,00:31:57
B_03300L7001_0,0,B_0300L7-CABALLITO0,17,00:33:30,00:33:30
B_03300L7001_0,0,B_0300L7-GTACOLON0,18,00:35:42,00:35:42
B_03300L7001_0,0,B_0300L7-PARIS0,19,00:37:18,00:37:18
B_03300L7001_0,0,B_0300L7-REFORMA0,20,00:38:39,00:38:39
B_03300L7001_0,0,B_0300L7-HAMBURGO0,21,00:40:09,00:40:09
B_03300L7001_0,0,B_0300L7-PALMA0,22,00:41:58,00:41:58
B_03300L7001_0,0,B_0300L7-ANGEL0,23,00:44:12,00:44:12
B_03300L7001_0,0,B_0300L7-DIANA0,24,00:45:20,00:45:20
B_03300L7001_0,0,B_0300L7-CHAPU0,25,00:47:12,00:47:12
B_03300L7001_0,0,B_0300L7-GANDHI0,26,00:50:06,00:50:06
B_03300L7001_0,0,B_0300L7-ANTROPO0,27,00:52:09,00:52:09
B_03300L7001_0,0,B_0300L7-AUDITORIO0,28,00:56:28,00:56:28
B_03300L7001_0,0,B_0300L7-CAMPOMARTE0,29,00:59:23,00:59:23
B_03300L7001_1,0,B_0300L7-CAMPOMARTE1,1,00:00:00,00:00:00
B_03300L7001_1,0,B_0300L7-AUDITORIO1,2,00:02:49,00:02:49
B_03300L7001_1,0,B_0300L7-ANTROPO1,3,00:06:39,00:06:39
B_03300L7001_1,0,B_0300L7-GANDHI1,4,00:08:56,00:08:56
B_03300L7001_1,0,B_0300L7-CHAPU1,5,00:11:57,00:11:57
B_03300L7001_1,0,B_0300L7-DIANA1,6,00:13:04,00:13:04
B_03300L7001_1,0,B_0300L7-ANGEL1,7,00:15:13,00:15:13
B_03300L7001_1,0,B_0300L7-PALMA1,8,00:17:11,00:17:11
B_03300L7001_1,0,B_0300L7-HAMBURGO1,9,00:18:32,00:18:32
B_03300L7001_1,0,B_0300L7-REFORMA1,10,00:20:46,00:20:46
B_03300L7001_1,0,B_0300L7-PARIS1,11,00:22:09,00:22:09
B_03300L7001_1,0,B_0300L7-GTACOLON1,12,00:23:26,00:23:26
B_03300L7001_1,0,B_0300L7-CABALLITO1,13,00:25:07,00:25:07
B_03300L7001_1,0,B_0300L7-HIDALGO1,14,00:26:40,00:26:40
B_03300L7001_1,0,B_0300L7-GTAVIOLETA1,15,00:28:53,00:28:53
B_03300L7001_1,0,B_0300L7-GARIBALDI1,16,00:32:02,00:32:02
B_03300L7001_1,0,B_0300L7-GTACUI1,17,00:34:41,00:34:41
B_03300L7001_1,0,B_0300L7-TRESCULT1,18,00:37:16,00:37:16
B_03300L7001_1,0,B_0300L7-PERALVILLO1,19,00:38:31,00:38:31
B_03300L7001_1,0,B_0300L7-MDOBEET1,20,00:40:54,00:40:54
B_03300L7001_1,0,B_0300L7-MISTERIOS1,21,00:43:01,00:43:01
B_03300L7001_1,0,B_0300L7-CLAVE1,22,00:44:46,00:44:46
B_03300L7001_1,0,B_0300L7-ROBLESDZ1,23,00:46:03,00:46:03
B_03300L7001_1,0,B_0300L7-EXCELSIOR1,24,00:48:02,00:48:02
B_03300L7001_1,0,B_0300L7-NECAXA1,25,00:50:27,00:50:27
B_03300L7001_1,0,B_0300L7-TALISMAN1,26,00:52:13,00:52:13
B_03300L7001_1,0,B_0300L7-GARRIDO1,27,00:54:38,00:54:38
B_03300L7001_1,0,B_0300L7-DELGAM,28,00:58:10,00:58:10
B_03300L7001_1,0,B_0300L7-HOSPINFVILL,29,01:00:46,01:00:46
B_03300L7003_0,0,B_0300L7-INDIOSVERDES,1,00:00:00,00:00:00
B_03300L7003_0,0,B_0300L7-MISTERIOS,2,00:03:25,00:03:25
B_03300L7003_0,0,B_0300L7-GARRIDO0,3,00:05:35,00:05:35
B_03300L7003_0,0,B_0300L7-TALISMAN0,4,00:07:59,00:07:59
B_03300L7003_0,0,B_0300L7-NECAXA0,5,00:09:19,00:09:19
B_03300L7003_0,0,B_0300L7-EXCELSIOR0,6,00:11:31,00:11:31
B_03300L7003_0,0,B_0300L7-ROBLESDZ0,7,00:13:29,00:13:29
B_03300L7003_0,0,B_0300L7-CLAVE0,8,00:15:26,00:15:26
B_03300L7003_0,0,B_0300L7-MISTERIOS0,9,00:16:47,00:16:47
B_03300L7003_0,0,B_0300L7-MDOBEET0,10,00:19:20,00:19:20
B_03300L7003_0,0,B_0300L7-PERALVILLO0,11,00:21:26,00:21:26
B_03300L7003_0,0,B_0300L7-TRESCULT0,12,00:22:56,00:22:56
B_03300L7003_0,0,B_0300L7-GTACUI0,13,00:24:03,00:24:03
B_03300L7003_0,0,B_0300L7-GARIBALDI0,14,00:27:24,00:27:24
B_03300L7003_0,0,B_0300L7-GTAVIOLETA0,15,00:29:50,00:29:50
B_03300L7003_0,0,B_0300L7-HIDALGO0,16,00:32:40,00:32:40
B_03300L7003_0,0,B_0300L7-CABALLITO0,17,00:34:13,00:34:13
B_03300L7003_0,0,B_0300L7-GTACOLON0,18,00:36:25,00:36:25
B_03300L7003_0,0,B_0300L7-PARIS0,19,00:38:01,00:38:01
B_03300L7003_0,0,B_0300L7-REFORMA0,20,00:39:22,00:39:22
B_03300L7003_0,0,B_0300L7-HAMBURGO0,21,00:40:52,00:40:52
B_03300L7003_0,0,B_0300L7-PALMA0,22,00:42:40,00:42:40
B_03300L7003_0,0,B_0300L7-ANGEL0,23,00:44:54,00:44:54
B_03300L7003_0,0,B_0300L7-DIANA0,24,00:46:02,00:46:02
B_03300L7003_1,0,B_0300L7-DIANA1,1,00:00:00,00:00:00
B_03300L7003_1,0,B_0300L7-ANGEL1,2,00:02:09,00:02:09
B_03300L7003_1,0,B_0300L7-PALMA1,3,00:04:11,00:04:11
B_03300L7003_1,0,B_0300L7-HAMBURGO1,4,00:05:34,00:05:34
B_03300L7003_1,0,B_0300L7-REFORMA1,5,00:07:48,00:07:48
B_03300L7003_1,0,B_0300L7-PARIS1,6,00:09:11,00:09:11
B_03300L7003_1,0,B_0300L7-GTACOLON1,7,00:10:29,00:10:29
B_03300L7003_1,0,B_0300L7-CABALLITO1,8,00:12:10,00:12:10
B_03300L7003_1,0,B_0300L7-HIDALGO1,9,00:13:43,00:13:43
B_03300L7003_1,0,B_0300L7-GTAVIOLETA1,10,00:15:55,00:15:55
B_03300L7003_1,0,B_0300L7-GARIBALDI1,11,00:19:06,00:19:06
B_03300L7003_1,0,B_0300L7-GTACUI1,12,00:21:45,00:21:45
B_03300L7003_1,0,B_0300L7-TRESCULT1,13,00:24:19,00:24:19
B_03300L7003_1,0,B_0300L7-PERALVILLO1,14,00:25:34,00:25:34
B_03300L7003_1,0,B_0300L7-MDOBEET1,15,00:28:00,00:28:00
B_03300L7003_1,0,B_0300L7-MISTERIOS1,16,00:30:07,00:30:07
B_03300L7003_1,0,B_0300L7-CLAVE1,17,00:31:52,00:31:52
B_03300L7003_1,0,B_0300L7-ROBLESDZ1,18,00:33:09,00:33:09
B_03300L7003_1,0,B_0300L7-EXCELSIOR1,19,00:35:08,00:35:08
B_03300L7003_1,0,B_0300L7-NECAXA1,20,00:37:33,00:37:33
B_03300L7003_1,0,B_0300L7-TALISMAN1,21,00:39:19,00:39:19
B_03300L7003_1,0,B_0300L7-GARRIDO1,22,00:41:44,00:41:44
B_03300L7003_1,0,B_0300L7-DELGAM,23,00:45:24,00:45:24
B_03300L7003_1,0,B_0300L7-INDIOSVERDES,24,00:52:27,00:52:27
B_033SEL1000_0,0,B_03SL01-PARISOP,1,00:00:00,00:00:00
B_033SEL1000_0,0,B_03SL01-REFORMAOP,2,00:07:03,00:07:03
B_033SEL1000_0,0,B_03SL01-HAMBURGOOP,3,00:14:06,00:14:06
B_033SEL1000_0,0,B_03SL01-AHUEOP,4,00:21:09,00:21:09
B_033SEL1000_0,0,B_03SL01-ANGELOP,5,00:28:12,00:28:12
B_033SEL1000_0,0,B_03SL01-DIANAOP,6,00:35:15,00:35:15
B_033SEL1000_0,0,B_03SL01-CHAPUOP,7,00:42:18,00:42:18
B_033SEL1000_0,0,B_03SL01-SALLEOP,8,00:49:21,00:49:21
B_033SEL1000_0,0,B_03SL01-ATACUBAYA,9,00:56:24,00:56:24
B_033SEL1000_1,0,B_03SL01-ATACUBAYA,1,00:00:00,00:00:00
B_033SEL1000_1,0,B_03SL01-SALLE,2,00:07:03,00:07:03
B_033SEL1000_1,0,B_03SL01-CHAPU,3,00:14:06,00:14:06
B_033SEL1000_1,0,B_03SL01-DIANA,4,00:21:09,00:21:09
B_033SEL1000_1,0,B_03SL01-ANGEL,5,00:28:12,00:28:12
B_033SEL1000_1,0,B_03SL01-AHUE,6,00:35:15,00:35:15
B_033SEL1000_1,0,B_03SL01-HAMBURGO,7,00:42:18,00:42:18
B_033SEL1000_1,0,B_03SL01-REFORMA,8,00:49:21,00:49:21
B_033SEL1000_1,0,B_03SL01-PARIS,9,00:56:24,00:56:24
B_034SEL1000_0,0,B_03SL01-PARISOP,1,00:00:00,00:00:00
B_034SEL1000_0,0,B_03SL01-REFORMAOP,2,00:07:03,00:07:03
B_034SEL1000_0,0,B_03SL01-HAMBURGOOP,3,00:14:06,00:14:06
B_034SEL1000_0,0,B_03SL01-AHUEOP,4,00:21:09,00:21:09
B_034SEL1000_0,0,B_03SL01-ANGELOP,5,00:28:12,00:28:12
B_034SEL1000_0,0,B_03SL01-DIANAOP,6,00:35:15,00:35:15
B_034SEL1000_0,0,B_03SL01-CHAPUOP,7,00:42:18,00:42:18
B_034SEL1000_0,0,B_03SL01-SALLEOP,8,00:49:21,00:49:21
B_034SEL1000_0,0,B_03SL01-ATACUBAYA,9,00:56:24,00:56:24
B_034SEL1000_1,0,B_03SL01-ATACUBAYA,1,00:00:00,00:00:00
B_034SEL1000_1,0,B_03SL01-SALLE,2,00:07:03,00:07:03
B_034SEL1000_1,0,B_03SL01-CHAPU,3,00:14:06,00:14:06
B_034SEL1000_1,0,B_03SL01-DIANA,4,00:21:09,00:21:09
B_034SEL1000_1,0,B_03SL01-ANGEL,5,00:28:12,00:28:12
B_034SEL1000_1,0,B_03SL01-AHUE,6,00:35:15,00:35:15
B_034SEL1000_1,0,B_03SL01-HAMBURGO,7,00:42:18,00:42:18
B_034SEL1000_1,0,B_03SL01-REFORMA,8,00:49:21,00:49:21
B_034SEL1000_1,0,B_03SL01-PARIS,9,00:56:24,00:56:24
